<gpx xmlns:ns3="http://www.garmin.com/xmlschemas/TrackPointExtension/v1" xmlns="http://www.topografix.com/GPX/1/1" xmlns:xsi="http://www.w3.org/2001/XMLSchema-instance" xmlns:ns2="http://www.garmin.com/xmlschemas/GpxExtensions/v3" creator="Garmin Connect" version="1.1" xsi:schemaLocation="http://www.topografix.com/GPX/1/1 http://www.topografix.com/GPX/11.xsd">
  <extensions>
<distance>10010.2</distance>
<average_hr>163.0</average_hr>
<average_speed>2.490000009536743</average_speed>
<start_time>2025-09-16T22:35:50+00:00</start_time>
<end_time>2025-09-16T23:42:50.107000+00:00</end_time>
<moving_time>4019.974</moving_time>
<elapsed_time>4020.107</elapsed_time>
</extensions>
<metadata>
    <link href="connect.garmin.com">
      <text>Garmin Connect</text>
    </link>
    <time>2025-09-16T22:35:50.000Z</time>
  </metadata>
  <trk>
    <name>New York Running</name>
    <type>running</type>
    <trkseg>
      <trkpt lat="40.7683695293962955474853515625" lon="-73.98052451200783252716064453125">
        <ele>22.3999996185302734375</ele>
        <time>2025-09-16T22:35:50.000Z</time>
        <extensions>
          <ns3:TrackPointExtension>
            <ns3:hr>79</ns3:hr>
            <ns3:cad>0</ns3:cad>
          </ns3:TrackPointExtension>
        </extensions>
      </trkpt>
      <trkpt lat="40.768388807773590087890625" lon="-73.98038637824356555938720703125">
        <ele>22.3999996185302734375</ele>
        <time>2025-09-16T22:35:56.000Z</time>
        <extensions>
          <ns3:TrackPointExtension>
            <ns3:hr>76</ns3:hr>
            <ns3:cad>0</ns3:cad>
          </ns3:TrackPointExtension>
        </extensions>
      </trkpt>
      <trkpt lat="40.76830825768411159515380859375" lon="-73.9801665209233760833740234375">
        <ele>22.6000003814697265625</ele>
        <time>2025-09-16T22:36:02.000Z</time>
        <extensions>
          <ns3:TrackPointExtension>
            <ns3:hr>78</ns3:hr>
            <ns3:cad>86</ns3:cad>
          </ns3:TrackPointExtension>
        </extensions>
      </trkpt>
      <trkpt lat="40.76829518191516399383544921875" lon="-73.98013207130134105682373046875">
        <ele>22.6000003814697265625</ele>
        <time>2025-09-16T22:36:03.000Z</time>
        <extensions>
          <ns3:TrackPointExtension>
            <ns3:hr>84</ns3:hr>
            <ns3:cad>87</ns3:cad>
          </ns3:TrackPointExtension>
        </extensions>
      </trkpt>
      <trkpt lat="40.76828210614621639251708984375" lon="-73.98009317927062511444091796875">
        <ele>22.799999237060546875</ele>
        <time>2025-09-16T22:36:04.000Z</time>
        <extensions>
          <ns3:TrackPointExtension>
            <ns3:hr>89</ns3:hr>
            <ns3:cad>87</ns3:cad>
          </ns3:TrackPointExtension>
        </extensions>
      </trkpt>
      <trkpt lat="40.7682545296847820281982421875" lon="-73.98003215901553630828857421875">
        <ele>22.799999237060546875</ele>
        <time>2025-09-16T22:36:06.000Z</time>
        <extensions>
          <ns3:TrackPointExtension>
            <ns3:hr>92</ns3:hr>
            <ns3:cad>89</ns3:cad>
          </ns3:TrackPointExtension>
        </extensions>
      </trkpt>
      <trkpt lat="40.76822318136692047119140625" lon="-73.97998672910034656524658203125">
        <ele>23</ele>
        <time>2025-09-16T22:36:08.000Z</time>
        <extensions>
          <ns3:TrackPointExtension>
            <ns3:hr>96</ns3:hr>
            <ns3:cad>88</ns3:cad>
          </ns3:TrackPointExtension>
        </extensions>
      </trkpt>
      <trkpt lat="40.7682069204747676849365234375" lon="-73.97996208630502223968505859375">
        <ele>23</ele>
        <time>2025-09-16T22:36:09.000Z</time>
        <extensions>
          <ns3:TrackPointExtension>
            <ns3:hr>99</ns3:hr>
            <ns3:cad>88</ns3:cad>
          </ns3:TrackPointExtension>
        </extensions>
      </trkpt>
      <trkpt lat="40.76818604953587055206298828125" lon="-73.979935348033905029296875">
        <ele>23</ele>
        <time>2025-09-16T22:36:10.000Z</time>
        <extensions>
          <ns3:TrackPointExtension>
            <ns3:hr>104</ns3:hr>
            <ns3:cad>88</ns3:cad>
          </ns3:TrackPointExtension>
        </extensions>
      </trkpt>
      <trkpt lat="40.76817221939563751220703125" lon="-73.97990643046796321868896484375">
        <ele>23.200000762939453125</ele>
        <time>2025-09-16T22:36:11.000Z</time>
        <extensions>
          <ns3:TrackPointExtension>
            <ns3:hr>108</ns3:hr>
            <ns3:cad>88</ns3:cad>
          </ns3:TrackPointExtension>
        </extensions>
      </trkpt>
      <trkpt lat="40.76812284998595714569091796875" lon="-73.9798533730208873748779296875">
        <ele>23.200000762939453125</ele>
        <time>2025-09-16T22:36:13.000Z</time>
        <extensions>
          <ns3:TrackPointExtension>
            <ns3:hr>113</ns3:hr>
            <ns3:cad>88</ns3:cad>
          </ns3:TrackPointExtension>
        </extensions>
      </trkpt>
      <trkpt lat="40.7680902443826198577880859375" lon="-73.97982764057815074920654296875">
        <ele>23.3999996185302734375</ele>
        <time>2025-09-16T22:36:14.000Z</time>
        <extensions>
          <ns3:TrackPointExtension>
            <ns3:hr>118</ns3:hr>
            <ns3:cad>88</ns3:cad>
          </ns3:TrackPointExtension>
        </extensions>
      </trkpt>
      <trkpt lat="40.7680386118590831756591796875" lon="-73.9797789417207241058349609375">
        <ele>23.6000003814697265625</ele>
        <time>2025-09-16T22:36:16.000Z</time>
        <extensions>
          <ns3:TrackPointExtension>
            <ns3:hr>126</ns3:hr>
            <ns3:cad>88</ns3:cad>
          </ns3:TrackPointExtension>
        </extensions>
      </trkpt>
      <trkpt lat="40.7680181600153446197509765625" lon="-73.97975337691605091094970703125">
        <ele>23.6000003814697265625</ele>
        <time>2025-09-16T22:36:17.000Z</time>
        <extensions>
          <ns3:TrackPointExtension>
            <ns3:hr>129</ns3:hr>
            <ns3:cad>88</ns3:cad>
          </ns3:TrackPointExtension>
        </extensions>
      </trkpt>
      <trkpt lat="40.7679889909923076629638671875" lon="-73.9797256328165531158447265625">
        <ele>23.799999237060546875</ele>
        <time>2025-09-16T22:36:18.000Z</time>
        <extensions>
          <ns3:TrackPointExtension>
            <ns3:hr>129</ns3:hr>
            <ns3:cad>90</ns3:cad>
          </ns3:TrackPointExtension>
        </extensions>
      </trkpt>
      <trkpt lat="40.76789922080934047698974609375" lon="-73.9795680530369281768798828125">
        <ele>23.3999996185302734375</ele>
        <time>2025-09-16T22:36:23.000Z</time>
        <extensions>
          <ns3:TrackPointExtension>
            <ns3:hr>126</ns3:hr>
            <ns3:cad>89</ns3:cad>
          </ns3:TrackPointExtension>
        </extensions>
      </trkpt>
      <trkpt lat="40.7678287290036678314208984375" lon="-73.97944509051740169525146484375">
        <ele>23</ele>
        <time>2025-09-16T22:36:26.000Z</time>
        <extensions>
          <ns3:TrackPointExtension>
            <ns3:hr>129</ns3:hr>
            <ns3:cad>88</ns3:cad>
          </ns3:TrackPointExtension>
        </extensions>
      </trkpt>
      <trkpt lat="40.7677435688674449920654296875" lon="-73.9792696572840213775634765625">
        <ele>22.200000762939453125</ele>
        <time>2025-09-16T22:36:31.000Z</time>
        <extensions>
          <ns3:TrackPointExtension>
            <ns3:hr>133</ns3:hr>
            <ns3:cad>84</ns3:cad>
          </ns3:TrackPointExtension>
        </extensions>
      </trkpt>
      <trkpt lat="40.76784725300967693328857421875" lon="-73.9791201241314411163330078125">
        <ele>21.3999996185302734375</ele>
        <time>2025-09-16T22:36:37.000Z</time>
        <extensions>
          <ns3:TrackPointExtension>
            <ns3:hr>136</ns3:hr>
            <ns3:cad>92</ns3:cad>
          </ns3:TrackPointExtension>
        </extensions>
      </trkpt>
      <trkpt lat="40.7678538747131824493408203125" lon="-73.97903672419488430023193359375">
        <ele>20.799999237060546875</ele>
        <time>2025-09-16T22:36:40.000Z</time>
        <extensions>
          <ns3:TrackPointExtension>
            <ns3:hr>140</ns3:hr>
            <ns3:cad>91</ns3:cad>
          </ns3:TrackPointExtension>
        </extensions>
      </trkpt>
      <trkpt lat="40.76784574426710605621337890625" lon="-73.97900931537151336669921875">
        <ele>20.6000003814697265625</ele>
        <time>2025-09-16T22:36:41.000Z</time>
        <extensions>
          <ns3:TrackPointExtension>
            <ns3:hr>145</ns3:hr>
            <ns3:cad>88</ns3:cad>
          </ns3:TrackPointExtension>
        </extensions>
      </trkpt>
      <trkpt lat="40.7678322494029998779296875" lon="-73.9789843373000621795654296875">
        <ele>20.3999996185302734375</ele>
        <time>2025-09-16T22:36:42.000Z</time>
        <extensions>
          <ns3:TrackPointExtension>
            <ns3:hr>149</ns3:hr>
            <ns3:cad>87</ns3:cad>
          </ns3:TrackPointExtension>
        </extensions>
      </trkpt>
      <trkpt lat="40.76780785806477069854736328125" lon="-73.9789508096873760223388671875">
        <ele>20.200000762939453125</ele>
        <time>2025-09-16T22:36:43.000Z</time>
        <extensions>
          <ns3:TrackPointExtension>
            <ns3:hr>154</ns3:hr>
            <ns3:cad>85</ns3:cad>
          </ns3:TrackPointExtension>
        </extensions>
      </trkpt>
      <trkpt lat="40.76780232600867748260498046875" lon="-73.97892222739756107330322265625">
        <ele>20.200000762939453125</ele>
        <time>2025-09-16T22:36:44.000Z</time>
        <extensions>
          <ns3:TrackPointExtension>
            <ns3:hr>159</ns3:hr>
            <ns3:cad>85</ns3:cad>
          </ns3:TrackPointExtension>
        </extensions>
      </trkpt>
      <trkpt lat="40.7677985541522502899169921875" lon="-73.97888333536684513092041015625">
        <ele>20</ele>
        <time>2025-09-16T22:36:45.000Z</time>
        <extensions>
          <ns3:TrackPointExtension>
            <ns3:hr>164</ns3:hr>
            <ns3:cad>87</ns3:cad>
          </ns3:TrackPointExtension>
        </extensions>
      </trkpt>
      <trkpt lat="40.76779511757194995880126953125" lon="-73.9788485504686832427978515625">
        <ele>19.799999237060546875</ele>
        <time>2025-09-16T22:36:46.000Z</time>
        <extensions>
          <ns3:TrackPointExtension>
            <ns3:hr>169</ns3:hr>
            <ns3:cad>87</ns3:cad>
          </ns3:TrackPointExtension>
        </extensions>
      </trkpt>
      <trkpt lat="40.7677884958684444427490234375" lon="-73.9788086526095867156982421875">
        <ele>19.6000003814697265625</ele>
        <time>2025-09-16T22:36:47.000Z</time>
        <extensions>
          <ns3:TrackPointExtension>
            <ns3:hr>172</ns3:hr>
            <ns3:cad>87</ns3:cad>
          </ns3:TrackPointExtension>
        </extensions>
      </trkpt>
      <trkpt lat="40.7677345164120197296142578125" lon="-73.97868820466101169586181640625">
        <ele>19</ele>
        <time>2025-09-16T22:36:50.000Z</time>
        <extensions>
          <ns3:TrackPointExtension>
            <ns3:hr>169</ns3:hr>
            <ns3:cad>86</ns3:cad>
          </ns3:TrackPointExtension>
        </extensions>
      </trkpt>
      <trkpt lat="40.7677187584340572357177734375" lon="-73.97865501232445240020751953125">
        <ele>19</ele>
        <time>2025-09-16T22:36:51.000Z</time>
        <extensions>
          <ns3:TrackPointExtension>
            <ns3:hr>163</ns3:hr>
            <ns3:cad>86</ns3:cad>
          </ns3:TrackPointExtension>
        </extensions>
      </trkpt>
      <trkpt lat="40.7676922716200351715087890625" lon="-73.9786183834075927734375">
        <ele>19</ele>
        <time>2025-09-16T22:36:52.000Z</time>
        <extensions>
          <ns3:TrackPointExtension>
            <ns3:hr>159</ns3:hr>
            <ns3:cad>86</ns3:cad>
          </ns3:TrackPointExtension>
        </extensions>
      </trkpt>
      <trkpt lat="40.7676795311272144317626953125" lon="-73.97858686745166778564453125">
        <ele>18.799999237060546875</ele>
        <time>2025-09-16T22:36:53.000Z</time>
        <extensions>
          <ns3:TrackPointExtension>
            <ns3:hr>155</ns3:hr>
            <ns3:cad>86</ns3:cad>
          </ns3:TrackPointExtension>
        </extensions>
      </trkpt>
      <trkpt lat="40.76766586862504482269287109375" lon="-73.97855468094348907470703125">
        <ele>18.799999237060546875</ele>
        <time>2025-09-16T22:36:54.000Z</time>
        <extensions>
          <ns3:TrackPointExtension>
            <ns3:hr>150</ns3:hr>
            <ns3:cad>85</ns3:cad>
          </ns3:TrackPointExtension>
        </extensions>
      </trkpt>
      <trkpt lat="40.7676506973803043365478515625" lon="-73.9785258471965789794921875">
        <ele>18.799999237060546875</ele>
        <time>2025-09-16T22:36:55.000Z</time>
        <extensions>
          <ns3:TrackPointExtension>
            <ns3:hr>147</ns3:hr>
            <ns3:cad>85</ns3:cad>
          </ns3:TrackPointExtension>
        </extensions>
      </trkpt>
      <trkpt lat="40.7676352746784687042236328125" lon="-73.97848988883197307586669921875">
        <ele>18.6000003814697265625</ele>
        <time>2025-09-16T22:36:56.000Z</time>
        <extensions>
          <ns3:TrackPointExtension>
            <ns3:hr>147</ns3:hr>
            <ns3:cad>85</ns3:cad>
          </ns3:TrackPointExtension>
        </extensions>
      </trkpt>
      <trkpt lat="40.76751365326344966888427734375" lon="-73.9782822690904140472412109375">
        <ele>18.3999996185302734375</ele>
        <time>2025-09-16T22:37:01.000Z</time>
        <extensions>
          <ns3:TrackPointExtension>
            <ns3:hr>147</ns3:hr>
            <ns3:cad>87</ns3:cad>
          </ns3:TrackPointExtension>
        </extensions>
      </trkpt>
      <trkpt lat="40.76744089834392070770263671875" lon="-73.97805118001997470855712890625">
        <ele>18</ele>
        <time>2025-09-16T22:37:12.000Z</time>
        <extensions>
          <ns3:TrackPointExtension>
            <ns3:hr>147</ns3:hr>
            <ns3:cad>90</ns3:cad>
          </ns3:TrackPointExtension>
        </extensions>
      </trkpt>
      <trkpt lat="40.76733394525945186614990234375" lon="-73.977846242487430572509765625">
        <ele>18.200000762939453125</ele>
        <time>2025-09-16T22:37:21.000Z</time>
        <extensions>
          <ns3:TrackPointExtension>
            <ns3:hr>148</ns3:hr>
            <ns3:cad>89</ns3:cad>
          </ns3:TrackPointExtension>
        </extensions>
      </trkpt>
      <trkpt lat="40.7672728411853313446044921875" lon="-73.97759453393518924713134765625">
        <ele>18.3999996185302734375</ele>
        <time>2025-09-16T22:37:31.000Z</time>
        <extensions>
          <ns3:TrackPointExtension>
            <ns3:hr>148</ns3:hr>
            <ns3:cad>89</ns3:cad>
          </ns3:TrackPointExtension>
        </extensions>
      </trkpt>
      <trkpt lat="40.76720687560737133026123046875" lon="-73.977406024932861328125">
        <ele>18.799999237060546875</ele>
        <time>2025-09-16T22:37:39.000Z</time>
        <extensions>
          <ns3:TrackPointExtension>
            <ns3:hr>145</ns3:hr>
            <ns3:cad>91</ns3:cad>
          </ns3:TrackPointExtension>
        </extensions>
      </trkpt>
      <trkpt lat="40.76715155504643917083740234375" lon="-73.9772704057395458221435546875">
        <ele>19.6000003814697265625</ele>
        <time>2025-09-16T22:37:44.000Z</time>
        <extensions>
          <ns3:TrackPointExtension>
            <ns3:hr>148</ns3:hr>
            <ns3:cad>91</ns3:cad>
          </ns3:TrackPointExtension>
        </extensions>
      </trkpt>
      <trkpt lat="40.7671223022043704986572265625" lon="-73.97708390839397907257080078125">
        <ele>20</ele>
        <time>2025-09-16T22:37:51.000Z</time>
        <extensions>
          <ns3:TrackPointExtension>
            <ns3:hr>145</ns3:hr>
            <ns3:cad>84</ns3:cad>
          </ns3:TrackPointExtension>
        </extensions>
      </trkpt>
      <trkpt lat="40.7671295106410980224609375" lon="-73.9768321998417377471923828125">
        <ele>20.3999996185302734375</ele>
        <time>2025-09-16T22:38:01.000Z</time>
        <extensions>
          <ns3:TrackPointExtension>
            <ns3:hr>141</ns3:hr>
            <ns3:cad>88</ns3:cad>
          </ns3:TrackPointExtension>
        </extensions>
      </trkpt>
      <trkpt lat="40.76722615398466587066650390625" lon="-73.97661770693957805633544921875">
        <ele>21</ele>
        <time>2025-09-16T22:38:10.000Z</time>
        <extensions>
          <ns3:TrackPointExtension>
            <ns3:hr>142</ns3:hr>
            <ns3:cad>85</ns3:cad>
          </ns3:TrackPointExtension>
        </extensions>
      </trkpt>
      <trkpt lat="40.76737535186111927032470703125" lon="-73.97647102363407611846923828125">
        <ele>21</ele>
        <time>2025-09-16T22:38:16.000Z</time>
        <extensions>
          <ns3:TrackPointExtension>
            <ns3:hr>143</ns3:hr>
            <ns3:cad>90</ns3:cad>
          </ns3:TrackPointExtension>
        </extensions>
      </trkpt>
      <trkpt lat="40.767527483403682708740234375" lon="-73.97630162537097930908203125">
        <ele>20</ele>
        <time>2025-09-16T22:38:23.000Z</time>
        <extensions>
          <ns3:TrackPointExtension>
            <ns3:hr>144</ns3:hr>
            <ns3:cad>91</ns3:cad>
          </ns3:TrackPointExtension>
        </extensions>
      </trkpt>
      <trkpt lat="40.76770727522671222686767578125" lon="-73.97621856071054935455322265625">
        <ele>19</ele>
        <time>2025-09-16T22:38:30.000Z</time>
        <extensions>
          <ns3:TrackPointExtension>
            <ns3:hr>145</ns3:hr>
            <ns3:cad>91</ns3:cad>
          </ns3:TrackPointExtension>
        </extensions>
      </trkpt>
      <trkpt lat="40.7678320817649364471435546875" lon="-73.9761681854724884033203125">
        <ele>19.200000762939453125</ele>
        <time>2025-09-16T22:38:35.000Z</time>
        <extensions>
          <ns3:TrackPointExtension>
            <ns3:hr>151</ns3:hr>
            <ns3:cad>89</ns3:cad>
          </ns3:TrackPointExtension>
        </extensions>
      </trkpt>
      <trkpt lat="40.76801036484539508819580078125" lon="-73.97609082050621509552001953125">
        <ele>18.3999996185302734375</ele>
        <time>2025-09-16T22:38:42.000Z</time>
        <extensions>
          <ns3:TrackPointExtension>
            <ns3:hr>153</ns3:hr>
            <ns3:cad>92</ns3:cad>
          </ns3:TrackPointExtension>
        </extensions>
      </trkpt>
      <trkpt lat="40.76816710643470287322998046875" lon="-73.976013958454132080078125">
        <ele>17</ele>
        <time>2025-09-16T22:38:49.000Z</time>
        <extensions>
          <ns3:TrackPointExtension>
            <ns3:hr>158</ns3:hr>
            <ns3:cad>90</ns3:cad>
          </ns3:TrackPointExtension>
        </extensions>
      </trkpt>
      <trkpt lat="40.7683323137462139129638671875" lon="-73.975901640951633453369140625">
        <ele>15.80000019073486328125</ele>
        <time>2025-09-16T22:38:57.000Z</time>
        <extensions>
          <ns3:TrackPointExtension>
            <ns3:hr>163</ns3:hr>
            <ns3:cad>90</ns3:cad>
          </ns3:TrackPointExtension>
        </extensions>
      </trkpt>
      <trkpt lat="40.768512189388275146484375" lon="-73.9757754094898700714111328125">
        <ele>15.19999980926513671875</ele>
        <time>2025-09-16T22:39:05.000Z</time>
        <extensions>
          <ns3:TrackPointExtension>
            <ns3:hr>162</ns3:hr>
            <ns3:cad>89</ns3:cad>
          </ns3:TrackPointExtension>
        </extensions>
      </trkpt>
      <trkpt lat="40.76867111027240753173828125" lon="-73.9756694622337818145751953125">
        <ele>16.3999996185302734375</ele>
        <time>2025-09-16T22:39:12.000Z</time>
        <extensions>
          <ns3:TrackPointExtension>
            <ns3:hr>159</ns3:hr>
            <ns3:cad>91</ns3:cad>
          </ns3:TrackPointExtension>
        </extensions>
      </trkpt>
      <trkpt lat="40.768833719193935394287109375" lon="-73.9755501039326190948486328125">
        <ele>17.6000003814697265625</ele>
        <time>2025-09-16T22:39:22.000Z</time>
        <extensions>
          <ns3:TrackPointExtension>
            <ns3:hr>158</ns3:hr>
            <ns3:cad>91</ns3:cad>
          </ns3:TrackPointExtension>
        </extensions>
      </trkpt>
      <trkpt lat="40.7688717730343341827392578125" lon="-73.975524790585041046142578125">
        <ele>17.799999237060546875</ele>
        <time>2025-09-16T22:39:24.000Z</time>
        <extensions>
          <ns3:TrackPointExtension>
            <ns3:hr>158</ns3:hr>
            <ns3:cad>89</ns3:cad>
          </ns3:TrackPointExtension>
        </extensions>
      </trkpt>
      <trkpt lat="40.7689649797976016998291015625" lon="-73.97549419663846492767333984375">
        <ele>18.3999996185302734375</ele>
        <time>2025-09-16T22:39:27.000Z</time>
        <extensions>
          <ns3:TrackPointExtension>
            <ns3:hr>155</ns3:hr>
            <ns3:cad>88</ns3:cad>
          </ns3:TrackPointExtension>
        </extensions>
      </trkpt>
      <trkpt lat="40.76914326287806034088134765625" lon="-73.97539562545716762542724609375">
        <ele>19.3999996185302734375</ele>
        <time>2025-09-16T22:39:34.000Z</time>
        <extensions>
          <ns3:TrackPointExtension>
            <ns3:hr>156</ns3:hr>
            <ns3:cad>87</ns3:cad>
          </ns3:TrackPointExtension>
        </extensions>
      </trkpt>
      <trkpt lat="40.7692043669521808624267578125" lon="-73.97534131072461605072021484375">
        <ele>19.6000003814697265625</ele>
        <time>2025-09-16T22:39:37.000Z</time>
        <extensions>
          <ns3:TrackPointExtension>
            <ns3:hr>153</ns3:hr>
            <ns3:cad>89</ns3:cad>
          </ns3:TrackPointExtension>
        </extensions>
      </trkpt>
      <trkpt lat="40.76927955262362957000732421875" lon="-73.97527777589857578277587890625">
        <ele>19.799999237060546875</ele>
        <time>2025-09-16T22:39:41.000Z</time>
        <extensions>
          <ns3:TrackPointExtension>
            <ns3:hr>156</ns3:hr>
            <ns3:cad>89</ns3:cad>
          </ns3:TrackPointExtension>
        </extensions>
      </trkpt>
      <trkpt lat="40.7694202847778797149658203125" lon="-73.97512723691761493682861328125">
        <ele>19.6000003814697265625</ele>
        <time>2025-09-16T22:39:49.000Z</time>
        <extensions>
          <ns3:TrackPointExtension>
            <ns3:hr>158</ns3:hr>
            <ns3:cad>88</ns3:cad>
          </ns3:TrackPointExtension>
        </extensions>
      </trkpt>
      <trkpt lat="40.7694980688393115997314453125" lon="-73.9750280790030956268310546875">
        <ele>19.3999996185302734375</ele>
        <time>2025-09-16T22:39:54.000Z</time>
        <extensions>
          <ns3:TrackPointExtension>
            <ns3:hr>158</ns3:hr>
            <ns3:cad>89</ns3:cad>
          </ns3:TrackPointExtension>
        </extensions>
      </trkpt>
      <trkpt lat="40.76965204440057277679443359375" lon="-73.97485465742647647857666015625">
        <ele>19</ele>
        <time>2025-09-16T22:40:03.000Z</time>
        <extensions>
          <ns3:TrackPointExtension>
            <ns3:hr>157</ns3:hr>
            <ns3:cad>88</ns3:cad>
          </ns3:TrackPointExtension>
        </extensions>
      </trkpt>
      <trkpt lat="40.7697850652039051055908203125" lon="-73.9746797271072864532470703125">
        <ele>19.6000003814697265625</ele>
        <time>2025-09-16T22:40:11.000Z</time>
        <extensions>
          <ns3:TrackPointExtension>
            <ns3:hr>155</ns3:hr>
            <ns3:cad>89</ns3:cad>
          </ns3:TrackPointExtension>
        </extensions>
      </trkpt>
      <trkpt lat="40.7698497734963893890380859375" lon="-73.974546454846858978271484375">
        <ele>21</ele>
        <time>2025-09-16T22:40:16.000Z</time>
        <extensions>
          <ns3:TrackPointExtension>
            <ns3:hr>158</ns3:hr>
            <ns3:cad>88</ns3:cad>
          </ns3:TrackPointExtension>
        </extensions>
      </trkpt>
      <trkpt lat="40.76986812986433506011962890625" lon="-73.97446422837674617767333984375">
        <ele>21.799999237060546875</ele>
        <time>2025-09-16T22:40:19.000Z</time>
        <extensions>
          <ns3:TrackPointExtension>
            <ns3:hr>158</ns3:hr>
            <ns3:cad>89</ns3:cad>
          </ns3:TrackPointExtension>
        </extensions>
      </trkpt>
      <trkpt lat="40.76992294751107692718505859375" lon="-73.9742120169103145599365234375">
        <ele>22.200000762939453125</ele>
        <time>2025-09-16T22:40:27.000Z</time>
        <extensions>
          <ns3:TrackPointExtension>
            <ns3:hr>157</ns3:hr>
            <ns3:cad>90</ns3:cad>
          </ns3:TrackPointExtension>
        </extensions>
      </trkpt>
      <trkpt lat="40.7699402980506420135498046875" lon="-73.97398042492568492889404296875">
        <ele>22</ele>
        <time>2025-09-16T22:40:34.000Z</time>
        <extensions>
          <ns3:TrackPointExtension>
            <ns3:hr>160</ns3:hr>
            <ns3:cad>92</ns3:cad>
          </ns3:TrackPointExtension>
        </extensions>
      </trkpt>
      <trkpt lat="40.769992768764495849609375" lon="-73.9737329073250293731689453125">
        <ele>22</ele>
        <time>2025-09-16T22:40:42.000Z</time>
        <extensions>
          <ns3:TrackPointExtension>
            <ns3:hr>162</ns3:hr>
            <ns3:cad>91</ns3:cad>
          </ns3:TrackPointExtension>
        </extensions>
      </trkpt>
      <trkpt lat="40.7699728198349475860595703125" lon="-73.97357826121151447296142578125">
        <ele>22</ele>
        <time>2025-09-16T22:40:47.000Z</time>
        <extensions>
          <ns3:TrackPointExtension>
            <ns3:hr>159</ns3:hr>
            <ns3:cad>91</ns3:cad>
          </ns3:TrackPointExtension>
        </extensions>
      </trkpt>
      <trkpt lat="40.76992060057818889617919921875" lon="-73.97350701503455638885498046875">
        <ele>22</ele>
        <time>2025-09-16T22:40:49.000Z</time>
        <extensions>
          <ns3:TrackPointExtension>
            <ns3:hr>159</ns3:hr>
            <ns3:cad>90</ns3:cad>
          </ns3:TrackPointExtension>
        </extensions>
      </trkpt>
      <trkpt lat="40.7697890885174274444580078125" lon="-73.97329746745526790618896484375">
        <ele>22</ele>
        <time>2025-09-16T22:40:56.000Z</time>
        <extensions>
          <ns3:TrackPointExtension>
            <ns3:hr>159</ns3:hr>
            <ns3:cad>89</ns3:cad>
          </ns3:TrackPointExtension>
        </extensions>
      </trkpt>
      <trkpt lat="40.76969898305833339691162109375" lon="-73.97307358682155609130859375">
        <ele>22</ele>
        <time>2025-09-16T22:41:04.000Z</time>
        <extensions>
          <ns3:TrackPointExtension>
            <ns3:hr>158</ns3:hr>
            <ns3:cad>90</ns3:cad>
          </ns3:TrackPointExtension>
        </extensions>
      </trkpt>
      <trkpt lat="40.7696641981601715087890625" lon="-73.97295154631137847900390625">
        <ele>22</ele>
        <time>2025-09-16T22:41:08.000Z</time>
        <extensions>
          <ns3:TrackPointExtension>
            <ns3:hr>162</ns3:hr>
            <ns3:cad>91</ns3:cad>
          </ns3:TrackPointExtension>
        </extensions>
      </trkpt>
      <trkpt lat="40.76957107521593570709228515625" lon="-73.97271710447967052459716796875">
        <ele>22</ele>
        <time>2025-09-16T22:41:16.000Z</time>
        <extensions>
          <ns3:TrackPointExtension>
            <ns3:hr>162</ns3:hr>
            <ns3:cad>91</ns3:cad>
          </ns3:TrackPointExtension>
        </extensions>
      </trkpt>
      <trkpt lat="40.76953612267971038818359375" lon="-73.97256656549870967864990234375">
        <ele>22</ele>
        <time>2025-09-16T22:41:21.000Z</time>
        <extensions>
          <ns3:TrackPointExtension>
            <ns3:hr>159</ns3:hr>
            <ns3:cad>90</ns3:cad>
          </ns3:TrackPointExtension>
        </extensions>
      </trkpt>
      <trkpt lat="40.769551210105419158935546875" lon="-73.97230186499655246734619140625">
        <ele>22</ele>
        <time>2025-09-16T22:41:29.000Z</time>
        <extensions>
          <ns3:TrackPointExtension>
            <ns3:hr>161</ns3:hr>
            <ns3:cad>91</ns3:cad>
          </ns3:TrackPointExtension>
        </extensions>
      </trkpt>
      <trkpt lat="40.76963108964264392852783203125" lon="-73.97206532768905162811279296875">
        <ele>21.3999996185302734375</ele>
        <time>2025-09-16T22:41:36.000Z</time>
        <extensions>
          <ns3:TrackPointExtension>
            <ns3:hr>160</ns3:hr>
            <ns3:cad>92</ns3:cad>
          </ns3:TrackPointExtension>
        </extensions>
      </trkpt>
      <trkpt lat="40.76973192393779754638671875" lon="-73.97186164744198322296142578125">
        <ele>21</ele>
        <time>2025-09-16T22:41:43.000Z</time>
        <extensions>
          <ns3:TrackPointExtension>
            <ns3:hr>161</ns3:hr>
            <ns3:cad>90</ns3:cad>
          </ns3:TrackPointExtension>
        </extensions>
      </trkpt>
      <trkpt lat="40.7698564790189266204833984375" lon="-73.9716756530106067657470703125">
        <ele>21</ele>
        <time>2025-09-16T22:41:50.000Z</time>
        <extensions>
          <ns3:TrackPointExtension>
            <ns3:hr>162</ns3:hr>
            <ns3:cad>92</ns3:cad>
          </ns3:TrackPointExtension>
        </extensions>
      </trkpt>
      <trkpt lat="40.7699899189174175262451171875" lon="-73.97150541655719280242919921875">
        <ele>20.799999237060546875</ele>
        <time>2025-09-16T22:41:58.000Z</time>
        <extensions>
          <ns3:TrackPointExtension>
            <ns3:hr>161</ns3:hr>
            <ns3:cad>88</ns3:cad>
          </ns3:TrackPointExtension>
        </extensions>
      </trkpt>
      <trkpt lat="40.77013903297483921051025390625" lon="-73.97136510349810123443603515625">
        <ele>21</ele>
        <time>2025-09-16T22:42:06.000Z</time>
        <extensions>
          <ns3:TrackPointExtension>
            <ns3:hr>159</ns3:hr>
            <ns3:cad>85</ns3:cad>
          </ns3:TrackPointExtension>
        </extensions>
      </trkpt>
      <trkpt lat="40.77032259665429592132568359375" lon="-73.97125932388007640838623046875">
        <ele>22</ele>
        <time>2025-09-16T22:42:14.000Z</time>
        <extensions>
          <ns3:TrackPointExtension>
            <ns3:hr>159</ns3:hr>
            <ns3:cad>90</ns3:cad>
          </ns3:TrackPointExtension>
        </extensions>
      </trkpt>
      <trkpt lat="40.77044497244060039520263671875" lon="-73.9712136425077915191650390625">
        <ele>22.6000003814697265625</ele>
        <time>2025-09-16T22:42:19.000Z</time>
        <extensions>
          <ns3:TrackPointExtension>
            <ns3:hr>157</ns3:hr>
            <ns3:cad>91</ns3:cad>
          </ns3:TrackPointExtension>
        </extensions>
      </trkpt>
      <trkpt lat="40.7706403546035289764404296875" lon="-73.9711435697972774505615234375">
        <ele>22.799999237060546875</ele>
        <time>2025-09-16T22:42:27.000Z</time>
        <extensions>
          <ns3:TrackPointExtension>
            <ns3:hr>156</ns3:hr>
            <ns3:cad>90</ns3:cad>
          </ns3:TrackPointExtension>
        </extensions>
      </trkpt>
      <trkpt lat="40.77082785777747631072998046875" lon="-73.971040807664394378662109375">
        <ele>23</ele>
        <time>2025-09-16T22:42:35.000Z</time>
        <extensions>
          <ns3:TrackPointExtension>
            <ns3:hr>154</ns3:hr>
            <ns3:cad>91</ns3:cad>
          </ns3:TrackPointExtension>
        </extensions>
      </trkpt>
      <trkpt lat="40.7709645666182041168212890625" lon="-73.9708686433732509613037109375">
        <ele>23</ele>
        <time>2025-09-16T22:42:43.000Z</time>
        <extensions>
          <ns3:TrackPointExtension>
            <ns3:hr>155</ns3:hr>
            <ns3:cad>93</ns3:cad>
          </ns3:TrackPointExtension>
        </extensions>
      </trkpt>
      <trkpt lat="40.7710718549787998199462890625" lon="-73.97067192010581493377685546875">
        <ele>22.799999237060546875</ele>
        <time>2025-09-16T22:42:51.000Z</time>
        <extensions>
          <ns3:TrackPointExtension>
            <ns3:hr>155</ns3:hr>
            <ns3:cad>93</ns3:cad>
          </ns3:TrackPointExtension>
        </extensions>
      </trkpt>
      <trkpt lat="40.77116682194173336029052734375" lon="-73.97043831646442413330078125">
        <ele>22.6000003814697265625</ele>
        <time>2025-09-16T22:43:00.000Z</time>
        <extensions>
          <ns3:TrackPointExtension>
            <ns3:hr>153</ns3:hr>
            <ns3:cad>91</ns3:cad>
          </ns3:TrackPointExtension>
        </extensions>
      </trkpt>
      <trkpt lat="40.7712170295417308807373046875" lon="-73.97034502588212490081787109375">
        <ele>22.799999237060546875</ele>
        <time>2025-09-16T22:43:04.000Z</time>
        <extensions>
          <ns3:TrackPointExtension>
            <ns3:hr>156</ns3:hr>
            <ns3:cad>94</ns3:cad>
          </ns3:TrackPointExtension>
        </extensions>
      </trkpt>
      <trkpt lat="40.7713196240365505218505859375" lon="-73.9701439440250396728515625">
        <ele>23.200000762939453125</ele>
        <time>2025-09-16T22:43:11.000Z</time>
        <extensions>
          <ns3:TrackPointExtension>
            <ns3:hr>159</ns3:hr>
            <ns3:cad>91</ns3:cad>
          </ns3:TrackPointExtension>
        </extensions>
      </trkpt>
      <trkpt lat="40.771407969295978546142578125" lon="-73.96990564651787281036376953125">
        <ele>23.6000003814697265625</ele>
        <time>2025-09-16T22:43:19.000Z</time>
        <extensions>
          <ns3:TrackPointExtension>
            <ns3:hr>160</ns3:hr>
            <ns3:cad>91</ns3:cad>
          </ns3:TrackPointExtension>
        </extensions>
      </trkpt>
      <trkpt lat="40.771542079746723175048828125" lon="-73.96971152164041996002197265625">
        <ele>24</ele>
        <time>2025-09-16T22:43:27.000Z</time>
        <extensions>
          <ns3:TrackPointExtension>
            <ns3:hr>159</ns3:hr>
            <ns3:cad>91</ns3:cad>
          </ns3:TrackPointExtension>
        </extensions>
      </trkpt>
      <trkpt lat="40.7716624438762664794921875" lon="-73.96954908035695552825927734375">
        <ele>23.799999237060546875</ele>
        <time>2025-09-16T22:43:34.000Z</time>
        <extensions>
          <ns3:TrackPointExtension>
            <ns3:hr>156</ns3:hr>
            <ns3:cad>92</ns3:cad>
          </ns3:TrackPointExtension>
        </extensions>
      </trkpt>
      <trkpt lat="40.77180937863886356353759765625" lon="-73.96945168264210224151611328125">
        <ele>24</ele>
        <time>2025-09-16T22:43:41.000Z</time>
        <extensions>
          <ns3:TrackPointExtension>
            <ns3:hr>159</ns3:hr>
            <ns3:cad>89</ns3:cad>
          </ns3:TrackPointExtension>
        </extensions>
      </trkpt>
      <trkpt lat="40.77199026010930538177490234375" lon="-73.96934975869953632354736328125">
        <ele>24</ele>
        <time>2025-09-16T22:43:48.000Z</time>
        <extensions>
          <ns3:TrackPointExtension>
            <ns3:hr>159</ns3:hr>
            <ns3:cad>93</ns3:cad>
          </ns3:TrackPointExtension>
        </extensions>
      </trkpt>
      <trkpt lat="40.77216812409460544586181640625" lon="-73.9692214317619800567626953125">
        <ele>24</ele>
        <time>2025-09-16T22:43:56.000Z</time>
        <extensions>
          <ns3:TrackPointExtension>
            <ns3:hr>161</ns3:hr>
            <ns3:cad>88</ns3:cad>
          </ns3:TrackPointExtension>
        </extensions>
      </trkpt>
      <trkpt lat="40.7723388634622097015380859375" lon="-73.9691434800624847412109375">
        <ele>24</ele>
        <time>2025-09-16T22:44:03.000Z</time>
        <extensions>
          <ns3:TrackPointExtension>
            <ns3:hr>162</ns3:hr>
            <ns3:cad>90</ns3:cad>
          </ns3:TrackPointExtension>
        </extensions>
      </trkpt>
      <trkpt lat="40.7725175656378269195556640625" lon="-73.96905823610723018646240234375">
        <ele>23.3999996185302734375</ele>
        <time>2025-09-16T22:44:10.000Z</time>
        <extensions>
          <ns3:TrackPointExtension>
            <ns3:hr>162</ns3:hr>
            <ns3:cad>90</ns3:cad>
          </ns3:TrackPointExtension>
        </extensions>
      </trkpt>
      <trkpt lat="40.77269920147955417633056640625" lon="-73.96898464299738407135009765625">
        <ele>22.799999237060546875</ele>
        <time>2025-09-16T22:44:17.000Z</time>
        <extensions>
          <ns3:TrackPointExtension>
            <ns3:hr>160</ns3:hr>
            <ns3:cad>88</ns3:cad>
          </ns3:TrackPointExtension>
        </extensions>
      </trkpt>
      <trkpt lat="40.77287890948355197906494140625" lon="-73.96896000020205974578857421875">
        <ele>22</ele>
        <time>2025-09-16T22:44:24.000Z</time>
        <extensions>
          <ns3:TrackPointExtension>
            <ns3:hr>160</ns3:hr>
            <ns3:cad>89</ns3:cad>
          </ns3:TrackPointExtension>
        </extensions>
      </trkpt>
      <trkpt lat="40.773007571697235107421875" lon="-73.968960754573345184326171875">
        <ele>21.200000762939453125</ele>
        <time>2025-09-16T22:44:29.000Z</time>
        <extensions>
          <ns3:TrackPointExtension>
            <ns3:hr>157</ns3:hr>
            <ns3:cad>85</ns3:cad>
          </ns3:TrackPointExtension>
        </extensions>
      </trkpt>
      <trkpt lat="40.77310253866016864776611328125" lon="-73.96898766048252582550048828125">
        <ele>20.3999996185302734375</ele>
        <time>2025-09-16T22:44:33.000Z</time>
        <extensions>
          <ns3:TrackPointExtension>
            <ns3:hr>154</ns3:hr>
            <ns3:cad>87</ns3:cad>
          </ns3:TrackPointExtension>
        </extensions>
      </trkpt>
      <trkpt lat="40.77328048646450042724609375" lon="-73.9690672047436237335205078125">
        <ele>19.3999996185302734375</ele>
        <time>2025-09-16T22:44:41.000Z</time>
        <extensions>
          <ns3:TrackPointExtension>
            <ns3:hr>154</ns3:hr>
            <ns3:cad>87</ns3:cad>
          </ns3:TrackPointExtension>
        </extensions>
      </trkpt>
      <trkpt lat="40.77344150282442569732666015625" lon="-73.96919569931924343109130859375">
        <ele>18.3999996185302734375</ele>
        <time>2025-09-16T22:44:50.000Z</time>
        <extensions>
          <ns3:TrackPointExtension>
            <ns3:hr>153</ns3:hr>
            <ns3:cad>84</ns3:cad>
          </ns3:TrackPointExtension>
        </extensions>
      </trkpt>
      <trkpt lat="40.77357309870421886444091796875" lon="-73.9691949449479579925537109375">
        <ele>17.6000003814697265625</ele>
        <time>2025-09-16T22:44:55.000Z</time>
        <extensions>
          <ns3:TrackPointExtension>
            <ns3:hr>158</ns3:hr>
            <ns3:cad>86</ns3:cad>
          </ns3:TrackPointExtension>
        </extensions>
      </trkpt>
      <trkpt lat="40.7737540639936923980712890625" lon="-73.96925948560237884521484375">
        <ele>17</ele>
        <time>2025-09-16T22:45:02.000Z</time>
        <extensions>
          <ns3:TrackPointExtension>
            <ns3:hr>160</ns3:hr>
            <ns3:cad>86</ns3:cad>
          </ns3:TrackPointExtension>
        </extensions>
      </trkpt>
      <trkpt lat="40.773931257426738739013671875" lon="-73.96928966045379638671875">
        <ele>16.6000003814697265625</ele>
        <time>2025-09-16T22:45:09.000Z</time>
        <extensions>
          <ns3:TrackPointExtension>
            <ns3:hr>161</ns3:hr>
            <ns3:cad>87</ns3:cad>
          </ns3:TrackPointExtension>
        </extensions>
      </trkpt>
      <trkpt lat="40.7740417309105396270751953125" lon="-73.9692901633679866790771484375">
        <ele>16.6000003814697265625</ele>
        <time>2025-09-16T22:45:13.000Z</time>
        <extensions>
          <ns3:TrackPointExtension>
            <ns3:hr>167</ns3:hr>
            <ns3:cad>90</ns3:cad>
          </ns3:TrackPointExtension>
        </extensions>
      </trkpt>
      <trkpt lat="40.77406796626746654510498046875" lon="-73.96928940899670124053955078125">
        <ele>16.3999996185302734375</ele>
        <time>2025-09-16T22:45:14.000Z</time>
        <extensions>
          <ns3:TrackPointExtension>
            <ns3:hr>167</ns3:hr>
            <ns3:cad>92</ns3:cad>
          </ns3:TrackPointExtension>
        </extensions>
      </trkpt>
      <trkpt lat="40.77425890602171421051025390625" lon="-73.9692355133593082427978515625">
        <ele>15.6000003814697265625</ele>
        <time>2025-09-16T22:45:22.000Z</time>
        <extensions>
          <ns3:TrackPointExtension>
            <ns3:hr>165</ns3:hr>
            <ns3:cad>90</ns3:cad>
          </ns3:TrackPointExtension>
        </extensions>
      </trkpt>
      <trkpt lat="40.77442151494324207305908203125" lon="-73.96911053918302059173583984375">
        <ele>15</ele>
        <time>2025-09-16T22:45:29.000Z</time>
        <extensions>
          <ns3:TrackPointExtension>
            <ns3:hr>164</ns3:hr>
            <ns3:cad>88</ns3:cad>
          </ns3:TrackPointExtension>
        </extensions>
      </trkpt>
      <trkpt lat="40.77458596788346767425537109375" lon="-73.96894960664212703704833984375">
        <ele>15</ele>
        <time>2025-09-16T22:45:37.000Z</time>
        <extensions>
          <ns3:TrackPointExtension>
            <ns3:hr>163</ns3:hr>
            <ns3:cad>86</ns3:cad>
          </ns3:TrackPointExtension>
        </extensions>
      </trkpt>
      <trkpt lat="40.7747478224337100982666015625" lon="-73.968788422644138336181640625">
        <ele>15.6000003814697265625</ele>
        <time>2025-09-16T22:45:45.000Z</time>
        <extensions>
          <ns3:TrackPointExtension>
            <ns3:hr>163</ns3:hr>
            <ns3:cad>86</ns3:cad>
          </ns3:TrackPointExtension>
        </extensions>
      </trkpt>
      <trkpt lat="40.774898193776607513427734375" lon="-73.9686581678688526153564453125">
        <ele>16</ele>
        <time>2025-09-16T22:45:52.000Z</time>
        <extensions>
          <ns3:TrackPointExtension>
            <ns3:hr>162</ns3:hr>
            <ns3:cad>87</ns3:cad>
          </ns3:TrackPointExtension>
        </extensions>
      </trkpt>
      <trkpt lat="40.7750136964023113250732421875" lon="-73.96847468800842761993408203125">
        <ele>16.3999996185302734375</ele>
        <time>2025-09-16T22:46:00.000Z</time>
        <extensions>
          <ns3:TrackPointExtension>
            <ns3:hr>162</ns3:hr>
            <ns3:cad>87</ns3:cad>
          </ns3:TrackPointExtension>
        </extensions>
      </trkpt>
      <trkpt lat="40.77509877271950244903564453125" lon="-73.96823932416737079620361328125">
        <ele>16.799999237060546875</ele>
        <time>2025-09-16T22:46:10.000Z</time>
        <extensions>
          <ns3:TrackPointExtension>
            <ns3:hr>163</ns3:hr>
            <ns3:cad>86</ns3:cad>
          </ns3:TrackPointExtension>
        </extensions>
      </trkpt>
      <trkpt lat="40.77516348101198673248291015625" lon="-73.96800362505018711090087890625">
        <ele>17</ele>
        <time>2025-09-16T22:46:18.000Z</time>
        <extensions>
          <ns3:TrackPointExtension>
            <ns3:hr>165</ns3:hr>
            <ns3:cad>91</ns3:cad>
          </ns3:TrackPointExtension>
        </extensions>
      </trkpt>
      <trkpt lat="40.77526372857391834259033203125" lon="-73.9677924849092960357666015625">
        <ele>17.799999237060546875</ele>
        <time>2025-09-16T22:46:25.000Z</time>
        <extensions>
          <ns3:TrackPointExtension>
            <ns3:hr>165</ns3:hr>
            <ns3:cad>90</ns3:cad>
          </ns3:TrackPointExtension>
        </extensions>
      </trkpt>
      <trkpt lat="40.775328688323497772216796875" lon="-73.9676858671009540557861328125">
        <ele>18.200000762939453125</ele>
        <time>2025-09-16T22:46:30.000Z</time>
        <extensions>
          <ns3:TrackPointExtension>
            <ns3:hr>162</ns3:hr>
            <ns3:cad>88</ns3:cad>
          </ns3:TrackPointExtension>
        </extensions>
      </trkpt>
      <trkpt lat="40.7753858529031276702880859375" lon="-73.96759978495538234710693359375">
        <ele>18.6000003814697265625</ele>
        <time>2025-09-16T22:46:34.000Z</time>
        <extensions>
          <ns3:TrackPointExtension>
            <ns3:hr>165</ns3:hr>
            <ns3:cad>88</ns3:cad>
          </ns3:TrackPointExtension>
        </extensions>
      </trkpt>
      <trkpt lat="40.77542030252516269683837890625" lon="-73.96755569614470005035400390625">
        <ele>19</ele>
        <time>2025-09-16T22:46:36.000Z</time>
        <extensions>
          <ns3:TrackPointExtension>
            <ns3:hr>168</ns3:hr>
            <ns3:cad>88</ns3:cad>
          </ns3:TrackPointExtension>
        </extensions>
      </trkpt>
      <trkpt lat="40.77557536773383617401123046875" lon="-73.9674203284084796905517578125">
        <ele>20</ele>
        <time>2025-09-16T22:46:44.000Z</time>
        <extensions>
          <ns3:TrackPointExtension>
            <ns3:hr>169</ns3:hr>
            <ns3:cad>86</ns3:cad>
          </ns3:TrackPointExtension>
        </extensions>
      </trkpt>
      <trkpt lat="40.77568617649376392364501953125" lon="-73.96738587878644466400146484375">
        <ele>20.799999237060546875</ele>
        <time>2025-09-16T22:46:49.000Z</time>
        <extensions>
          <ns3:TrackPointExtension>
            <ns3:hr>166</ns3:hr>
            <ns3:cad>87</ns3:cad>
          </ns3:TrackPointExtension>
        </extensions>
      </trkpt>
      <trkpt lat="40.7758777029812335968017578125" lon="-73.967393673956394195556640625">
        <ele>21.799999237060546875</ele>
        <time>2025-09-16T22:46:59.000Z</time>
        <extensions>
          <ns3:TrackPointExtension>
            <ns3:hr>167</ns3:hr>
            <ns3:cad>86</ns3:cad>
          </ns3:TrackPointExtension>
        </extensions>
      </trkpt>
      <trkpt lat="40.77593293972313404083251953125" lon="-73.96740850992500782012939453125">
        <ele>22.3999996185302734375</ele>
        <time>2025-09-16T22:47:02.000Z</time>
        <extensions>
          <ns3:TrackPointExtension>
            <ns3:hr>170</ns3:hr>
            <ns3:cad>86</ns3:cad>
          </ns3:TrackPointExtension>
        </extensions>
      </trkpt>
      <trkpt lat="40.77606067992746829986572265625" lon="-73.9674347452819347381591796875">
        <ele>23.3999996185302734375</ele>
        <time>2025-09-16T22:47:09.000Z</time>
        <extensions>
          <ns3:TrackPointExtension>
            <ns3:hr>170</ns3:hr>
            <ns3:cad>85</ns3:cad>
          </ns3:TrackPointExtension>
        </extensions>
      </trkpt>
      <trkpt lat="40.7761482708156108856201171875" lon="-73.9674521796405315399169921875">
        <ele>24</ele>
        <time>2025-09-16T22:47:14.000Z</time>
        <extensions>
          <ns3:TrackPointExtension>
            <ns3:hr>175</ns3:hr>
            <ns3:cad>85</ns3:cad>
          </ns3:TrackPointExtension>
        </extensions>
      </trkpt>
      <trkpt lat="40.776212476193904876708984375" lon="-73.9674555324018001556396484375">
        <ele>24.6000003814697265625</ele>
        <time>2025-09-16T22:47:18.000Z</time>
        <extensions>
          <ns3:TrackPointExtension>
            <ns3:hr>171</ns3:hr>
            <ns3:cad>86</ns3:cad>
          </ns3:TrackPointExtension>
        </extensions>
      </trkpt>
      <trkpt lat="40.77632940374314785003662109375" lon="-73.96743449382483959197998046875">
        <ele>25.200000762939453125</ele>
        <time>2025-09-16T22:47:24.000Z</time>
        <extensions>
          <ns3:TrackPointExtension>
            <ns3:hr>168</ns3:hr>
            <ns3:cad>84</ns3:cad>
          </ns3:TrackPointExtension>
        </extensions>
      </trkpt>
      <trkpt lat="40.77650542370975017547607421875" lon="-73.9673495851457118988037109375">
        <ele>26.200000762939453125</ele>
        <time>2025-09-16T22:47:34.000Z</time>
        <extensions>
          <ns3:TrackPointExtension>
            <ns3:hr>168</ns3:hr>
            <ns3:cad>84</ns3:cad>
          </ns3:TrackPointExtension>
        </extensions>
      </trkpt>
      <trkpt lat="40.7766739837825298309326171875" lon="-73.96729434840381145477294921875">
        <ele>27.799999237060546875</ele>
        <time>2025-09-16T22:47:44.000Z</time>
        <extensions>
          <ns3:TrackPointExtension>
            <ns3:hr>170</ns3:hr>
            <ns3:cad>85</ns3:cad>
          </ns3:TrackPointExtension>
        </extensions>
      </trkpt>
      <trkpt lat="40.77685478143393993377685546875" lon="-73.96723684854805469512939453125">
        <ele>29.200000762939453125</ele>
        <time>2025-09-16T22:47:53.000Z</time>
        <extensions>
          <ns3:TrackPointExtension>
            <ns3:hr>168</ns3:hr>
            <ns3:cad>84</ns3:cad>
          </ns3:TrackPointExtension>
        </extensions>
      </trkpt>
      <trkpt lat="40.77694983221590518951416015625" lon="-73.9671993814408779144287109375">
        <ele>29.3999996185302734375</ele>
        <time>2025-09-16T22:47:59.000Z</time>
        <extensions>
          <ns3:TrackPointExtension>
            <ns3:hr>171</ns3:hr>
            <ns3:cad>86</ns3:cad>
          </ns3:TrackPointExtension>
        </extensions>
      </trkpt>
      <trkpt lat="40.777129121124744415283203125" lon="-73.96713358350098133087158203125">
        <ele>30.3999996185302734375</ele>
        <time>2025-09-16T22:48:06.000Z</time>
        <extensions>
          <ns3:TrackPointExtension>
            <ns3:hr>170</ns3:hr>
            <ns3:cad>85</ns3:cad>
          </ns3:TrackPointExtension>
        </extensions>
      </trkpt>
      <trkpt lat="40.7773160375654697418212890625" lon="-73.9670713059604167938232421875">
        <ele>31</ele>
        <time>2025-09-16T22:48:13.000Z</time>
        <extensions>
          <ns3:TrackPointExtension>
            <ns3:hr>172</ns3:hr>
            <ns3:cad>86</ns3:cad>
          </ns3:TrackPointExtension>
        </extensions>
      </trkpt>
      <trkpt lat="40.7773411832749843597412109375" lon="-73.9670676179230213165283203125">
        <ele>31</ele>
        <time>2025-09-16T22:48:14.000Z</time>
        <extensions>
          <ns3:TrackPointExtension>
            <ns3:hr>172</ns3:hr>
            <ns3:cad>86</ns3:cad>
          </ns3:TrackPointExtension>
        </extensions>
      </trkpt>
      <trkpt lat="40.7774627208709716796875" lon="-73.9670384488999843597412109375">
        <ele>30.799999237060546875</ele>
        <time>2025-09-16T22:48:20.000Z</time>
        <extensions>
          <ns3:TrackPointExtension>
            <ns3:hr>169</ns3:hr>
            <ns3:cad>85</ns3:cad>
          </ns3:TrackPointExtension>
        </extensions>
      </trkpt>
      <trkpt lat="40.777646116912364959716796875" lon="-73.9669455774128437042236328125">
        <ele>31</ele>
        <time>2025-09-16T22:48:30.000Z</time>
        <extensions>
          <ns3:TrackPointExtension>
            <ns3:hr>166</ns3:hr>
            <ns3:cad>83</ns3:cad>
          </ns3:TrackPointExtension>
        </extensions>
      </trkpt>
      <trkpt lat="40.77783043496310710906982421875" lon="-73.96684356965124607086181640625">
        <ele>29.799999237060546875</ele>
        <time>2025-09-16T22:48:39.000Z</time>
        <extensions>
          <ns3:TrackPointExtension>
            <ns3:hr>166</ns3:hr>
            <ns3:cad>83</ns3:cad>
          </ns3:TrackPointExtension>
        </extensions>
      </trkpt>
      <trkpt lat="40.777987428009510040283203125" lon="-73.9667192660272121429443359375">
        <ele>29</ele>
        <time>2025-09-16T22:48:47.000Z</time>
        <extensions>
          <ns3:TrackPointExtension>
            <ns3:hr>167</ns3:hr>
            <ns3:cad>83</ns3:cad>
          </ns3:TrackPointExtension>
        </extensions>
      </trkpt>
      <trkpt lat="40.77813084237277507781982421875" lon="-73.9666294120252132415771484375">
        <ele>28.799999237060546875</ele>
        <time>2025-09-16T22:48:54.000Z</time>
        <extensions>
          <ns3:TrackPointExtension>
            <ns3:hr>165</ns3:hr>
            <ns3:cad>82</ns3:cad>
          </ns3:TrackPointExtension>
        </extensions>
      </trkpt>
      <trkpt lat="40.778250284492969512939453125" lon="-73.966539390385150909423828125">
        <ele>28.799999237060546875</ele>
        <time>2025-09-16T22:49:01.000Z</time>
        <extensions>
          <ns3:TrackPointExtension>
            <ns3:hr>168</ns3:hr>
            <ns3:cad>84</ns3:cad>
          </ns3:TrackPointExtension>
        </extensions>
      </trkpt>
      <trkpt lat="40.7782802917063236236572265625" lon="-73.96650753915309906005859375">
        <ele>29</ele>
        <time>2025-09-16T22:49:03.000Z</time>
        <extensions>
          <ns3:TrackPointExtension>
            <ns3:hr>171</ns3:hr>
            <ns3:cad>86</ns3:cad>
          </ns3:TrackPointExtension>
        </extensions>
      </trkpt>
      <trkpt lat="40.7783305831253528594970703125" lon="-73.96646328270435333251953125">
        <ele>29.3999996185302734375</ele>
        <time>2025-09-16T22:49:06.000Z</time>
        <extensions>
          <ns3:TrackPointExtension>
            <ns3:hr>168</ns3:hr>
            <ns3:cad>84</ns3:cad>
          </ns3:TrackPointExtension>
        </extensions>
      </trkpt>
      <trkpt lat="40.7785009033977985382080078125" lon="-73.96633923053741455078125">
        <ele>30.799999237060546875</ele>
        <time>2025-09-16T22:49:13.000Z</time>
        <extensions>
          <ns3:TrackPointExtension>
            <ns3:hr>166</ns3:hr>
            <ns3:cad>89</ns3:cad>
          </ns3:TrackPointExtension>
        </extensions>
      </trkpt>
      <trkpt lat="40.7786303199827671051025390625" lon="-73.9662163518369197845458984375">
        <ele>30.3999996185302734375</ele>
        <time>2025-09-16T22:49:19.000Z</time>
        <extensions>
          <ns3:TrackPointExtension>
            <ns3:hr>161</ns3:hr>
            <ns3:cad>92</ns3:cad>
          </ns3:TrackPointExtension>
        </extensions>
      </trkpt>
      <trkpt lat="40.7786534540355205535888671875" lon="-73.9661948941648006439208984375">
        <ele>30.3999996185302734375</ele>
        <time>2025-09-16T22:49:20.000Z</time>
        <extensions>
          <ns3:TrackPointExtension>
            <ns3:hr>156</ns3:hr>
            <ns3:cad>91</ns3:cad>
          </ns3:TrackPointExtension>
        </extensions>
      </trkpt>
      <trkpt lat="40.7786722294986248016357421875" lon="-73.966173268854618072509765625">
        <ele>30.200000762939453125</ele>
        <time>2025-09-16T22:49:21.000Z</time>
        <extensions>
          <ns3:TrackPointExtension>
            <ns3:hr>157</ns3:hr>
            <ns3:cad>90</ns3:cad>
          </ns3:TrackPointExtension>
        </extensions>
      </trkpt>
      <trkpt lat="40.778705589473247528076171875" lon="-73.96613546647131443023681640625">
        <ele>30</ele>
        <time>2025-09-16T22:49:23.000Z</time>
        <extensions>
          <ns3:TrackPointExtension>
            <ns3:hr>161</ns3:hr>
            <ns3:cad>88</ns3:cad>
          </ns3:TrackPointExtension>
        </extensions>
      </trkpt>
      <trkpt lat="40.77872009016573429107666015625" lon="-73.96611451171338558197021484375">
        <ele>30</ele>
        <time>2025-09-16T22:49:24.000Z</time>
        <extensions>
          <ns3:TrackPointExtension>
            <ns3:hr>166</ns3:hr>
            <ns3:cad>88</ns3:cad>
          </ns3:TrackPointExtension>
        </extensions>
      </trkpt>
      <trkpt lat="40.77873400412499904632568359375" lon="-73.9660979993641376495361328125">
        <ele>30</ele>
        <time>2025-09-16T22:49:25.000Z</time>
        <extensions>
          <ns3:TrackPointExtension>
            <ns3:hr>171</ns3:hr>
            <ns3:cad>87</ns3:cad>
          </ns3:TrackPointExtension>
        </extensions>
      </trkpt>
      <trkpt lat="40.778789408504962921142578125" lon="-73.9660299383103847503662109375">
        <ele>29.3999996185302734375</ele>
        <time>2025-09-16T22:49:28.000Z</time>
        <extensions>
          <ns3:TrackPointExtension>
            <ns3:hr>174</ns3:hr>
            <ns3:cad>86</ns3:cad>
          </ns3:TrackPointExtension>
        </extensions>
      </trkpt>
      <trkpt lat="40.778932236135005950927734375" lon="-73.96586489863693714141845703125">
        <ele>27.799999237060546875</ele>
        <time>2025-09-16T22:49:35.000Z</time>
        <extensions>
          <ns3:TrackPointExtension>
            <ns3:hr>175</ns3:hr>
            <ns3:cad>88</ns3:cad>
          </ns3:TrackPointExtension>
        </extensions>
      </trkpt>
      <trkpt lat="40.7790014706552028656005859375" lon="-73.96574956364929676055908203125">
        <ele>27.200000762939453125</ele>
        <time>2025-09-16T22:49:39.000Z</time>
        <extensions>
          <ns3:TrackPointExtension>
            <ns3:hr>172</ns3:hr>
            <ns3:cad>86</ns3:cad>
          </ns3:TrackPointExtension>
        </extensions>
      </trkpt>
      <trkpt lat="40.77911538071930408477783203125" lon="-73.96559215150773525238037109375">
        <ele>27.6000003814697265625</ele>
        <time>2025-09-16T22:49:46.000Z</time>
        <extensions>
          <ns3:TrackPointExtension>
            <ns3:hr>169</ns3:hr>
            <ns3:cad>86</ns3:cad>
          </ns3:TrackPointExtension>
        </extensions>
      </trkpt>
      <trkpt lat="40.7792234234511852264404296875" lon="-73.9654710330069065093994140625">
        <ele>28.200000762939453125</ele>
        <time>2025-09-16T22:49:52.000Z</time>
        <extensions>
          <ns3:TrackPointExtension>
            <ns3:hr>172</ns3:hr>
            <ns3:cad>85</ns3:cad>
          </ns3:TrackPointExtension>
        </extensions>
      </trkpt>
      <trkpt lat="40.77938427217304706573486328125" lon="-73.965344130992889404296875">
        <ele>29.200000762939453125</ele>
        <time>2025-09-16T22:50:00.000Z</time>
        <extensions>
          <ns3:TrackPointExtension>
            <ns3:hr>172</ns3:hr>
            <ns3:cad>86</ns3:cad>
          </ns3:TrackPointExtension>
        </extensions>
      </trkpt>
      <trkpt lat="40.77954604290425777435302734375" lon="-73.96521647460758686065673828125">
        <ele>29.799999237060546875</ele>
        <time>2025-09-16T22:50:08.000Z</time>
        <extensions>
          <ns3:TrackPointExtension>
            <ns3:hr>173</ns3:hr>
            <ns3:cad>87</ns3:cad>
          </ns3:TrackPointExtension>
        </extensions>
      </trkpt>
      <trkpt lat="40.77966573648154735565185546875" lon="-73.96513332612812519073486328125">
        <ele>30.200000762939453125</ele>
        <time>2025-09-16T22:50:13.000Z</time>
        <extensions>
          <ns3:TrackPointExtension>
            <ns3:hr>177</ns3:hr>
            <ns3:cad>88</ns3:cad>
          </ns3:TrackPointExtension>
        </extensions>
      </trkpt>
      <trkpt lat="40.77972985804080963134765625" lon="-73.965082280337810516357421875">
        <ele>30.3999996185302734375</ele>
        <time>2025-09-16T22:50:16.000Z</time>
        <extensions>
          <ns3:TrackPointExtension>
            <ns3:hr>174</ns3:hr>
            <ns3:cad>87</ns3:cad>
          </ns3:TrackPointExtension>
        </extensions>
      </trkpt>
      <trkpt lat="40.779785178601741790771484375" lon="-73.9650355093181133270263671875">
        <ele>30.6000003814697265625</ele>
        <time>2025-09-16T22:50:19.000Z</time>
        <extensions>
          <ns3:TrackPointExtension>
            <ns3:hr>172</ns3:hr>
            <ns3:cad>84</ns3:cad>
          </ns3:TrackPointExtension>
        </extensions>
      </trkpt>
      <trkpt lat="40.77984276227653026580810546875" lon="-73.96499485708773136138916015625">
        <ele>30.799999237060546875</ele>
        <time>2025-09-16T22:50:22.000Z</time>
        <extensions>
          <ns3:TrackPointExtension>
            <ns3:hr>168</ns3:hr>
            <ns3:cad>83</ns3:cad>
          </ns3:TrackPointExtension>
        </extensions>
      </trkpt>
      <trkpt lat="40.78002280555665493011474609375" lon="-73.96490533836185932159423828125">
        <ele>31.6000003814697265625</ele>
        <time>2025-09-16T22:50:32.000Z</time>
        <extensions>
          <ns3:TrackPointExtension>
            <ns3:hr>167</ns3:hr>
            <ns3:cad>84</ns3:cad>
          </ns3:TrackPointExtension>
        </extensions>
      </trkpt>
      <trkpt lat="40.78021273948252201080322265625" lon="-73.96482738666236400604248046875">
        <ele>32.200000762939453125</ele>
        <time>2025-09-16T22:50:42.000Z</time>
        <extensions>
          <ns3:TrackPointExtension>
            <ns3:hr>169</ns3:hr>
            <ns3:cad>85</ns3:cad>
          </ns3:TrackPointExtension>
        </extensions>
      </trkpt>
      <trkpt lat="40.780370570719242095947265625" lon="-73.96466360427439212799072265625">
        <ele>32.799999237060546875</ele>
        <time>2025-09-16T22:50:52.000Z</time>
        <extensions>
          <ns3:TrackPointExtension>
            <ns3:hr>166</ns3:hr>
            <ns3:cad>84</ns3:cad>
          </ns3:TrackPointExtension>
        </extensions>
      </trkpt>
      <trkpt lat="40.78042983077466487884521484375" lon="-73.96463560871779918670654296875">
        <ele>33</ele>
        <time>2025-09-16T22:50:55.000Z</time>
        <extensions>
          <ns3:TrackPointExtension>
            <ns3:hr>163</ns3:hr>
            <ns3:cad>85</ns3:cad>
          </ns3:TrackPointExtension>
        </extensions>
      </trkpt>
      <trkpt lat="40.780549943447113037109375" lon="-73.9645654521882534027099609375">
        <ele>33</ele>
        <time>2025-09-16T22:51:01.000Z</time>
        <extensions>
          <ns3:TrackPointExtension>
            <ns3:hr>160</ns3:hr>
            <ns3:cad>85</ns3:cad>
          </ns3:TrackPointExtension>
        </extensions>
      </trkpt>
      <trkpt lat="40.78063619323074817657470703125" lon="-73.96451256237924098968505859375">
        <ele>33</ele>
        <time>2025-09-16T22:51:06.000Z</time>
        <extensions>
          <ns3:TrackPointExtension>
            <ns3:hr>164</ns3:hr>
            <ns3:cad>87</ns3:cad>
          </ns3:TrackPointExtension>
        </extensions>
      </trkpt>
      <trkpt lat="40.78066905029118061065673828125" lon="-73.96448557265102863311767578125">
        <ele>33</ele>
        <time>2025-09-16T22:51:08.000Z</time>
        <extensions>
          <ns3:TrackPointExtension>
            <ns3:hr>168</ns3:hr>
            <ns3:cad>87</ns3:cad>
          </ns3:TrackPointExtension>
        </extensions>
      </trkpt>
      <trkpt lat="40.78070626594126224517822265625" lon="-73.96446478553116321563720703125">
        <ele>33</ele>
        <time>2025-09-16T22:51:10.000Z</time>
        <extensions>
          <ns3:TrackPointExtension>
            <ns3:hr>164</ns3:hr>
            <ns3:cad>87</ns3:cad>
          </ns3:TrackPointExtension>
        </extensions>
      </trkpt>
      <trkpt lat="40.78086904250085353851318359375" lon="-73.964333273470401763916015625">
        <ele>33</ele>
        <time>2025-09-16T22:51:19.000Z</time>
        <extensions>
          <ns3:TrackPointExtension>
            <ns3:hr>162</ns3:hr>
            <ns3:cad>88</ns3:cad>
          </ns3:TrackPointExtension>
        </extensions>
      </trkpt>
      <trkpt lat="40.7810251973569393157958984375" lon="-73.96420544944703578948974609375">
        <ele>33</ele>
        <time>2025-09-16T22:51:26.000Z</time>
        <extensions>
          <ns3:TrackPointExtension>
            <ns3:hr>162</ns3:hr>
            <ns3:cad>88</ns3:cad>
          </ns3:TrackPointExtension>
        </extensions>
      </trkpt>
      <trkpt lat="40.7811415381729602813720703125" lon="-73.96408843807876110076904296875">
        <ele>32.799999237060546875</ele>
        <time>2025-09-16T22:51:32.000Z</time>
        <extensions>
          <ns3:TrackPointExtension>
            <ns3:hr>165</ns3:hr>
            <ns3:cad>86</ns3:cad>
          </ns3:TrackPointExtension>
        </extensions>
      </trkpt>
      <trkpt lat="40.7812726311385631561279296875" lon="-73.96389481611549854278564453125">
        <ele>32</ele>
        <time>2025-09-16T22:51:40.000Z</time>
        <extensions>
          <ns3:TrackPointExtension>
            <ns3:hr>165</ns3:hr>
            <ns3:cad>85</ns3:cad>
          </ns3:TrackPointExtension>
        </extensions>
      </trkpt>
      <trkpt lat="40.78138411045074462890625" lon="-73.96368275396525859832763671875">
        <ele>30.6000003814697265625</ele>
        <time>2025-09-16T22:51:48.000Z</time>
        <extensions>
          <ns3:TrackPointExtension>
            <ns3:hr>163</ns3:hr>
            <ns3:cad>85</ns3:cad>
          </ns3:TrackPointExtension>
        </extensions>
      </trkpt>
      <trkpt lat="40.78145259059965610504150390625" lon="-73.96344521082937717437744140625">
        <ele>29</ele>
        <time>2025-09-16T22:51:58.000Z</time>
        <extensions>
          <ns3:TrackPointExtension>
            <ns3:hr>166</ns3:hr>
            <ns3:cad>85</ns3:cad>
          </ns3:TrackPointExtension>
        </extensions>
      </trkpt>
      <trkpt lat="40.78148846514523029327392578125" lon="-73.96324018947780132293701171875">
        <ele>28</ele>
        <time>2025-09-16T22:52:06.000Z</time>
        <extensions>
          <ns3:TrackPointExtension>
            <ns3:hr>169</ns3:hr>
            <ns3:cad>85</ns3:cad>
          </ns3:TrackPointExtension>
        </extensions>
      </trkpt>
      <trkpt lat="40.7815559394657611846923828125" lon="-73.96299024112522602081298828125">
        <ele>28.3999996185302734375</ele>
        <time>2025-09-16T22:52:15.000Z</time>
        <extensions>
          <ns3:TrackPointExtension>
            <ns3:hr>167</ns3:hr>
            <ns3:cad>84</ns3:cad>
          </ns3:TrackPointExtension>
        </extensions>
      </trkpt>
      <trkpt lat="40.78158100135624408721923828125" lon="-73.96276652812957763671875">
        <ele>29.3999996185302734375</ele>
        <time>2025-09-16T22:52:23.000Z</time>
        <extensions>
          <ns3:TrackPointExtension>
            <ns3:hr>170</ns3:hr>
            <ns3:cad>86</ns3:cad>
          </ns3:TrackPointExtension>
        </extensions>
      </trkpt>
      <trkpt lat="40.7815626449882984161376953125" lon="-73.9625259675085544586181640625">
        <ele>30.799999237060546875</ele>
        <time>2025-09-16T22:52:32.000Z</time>
        <extensions>
          <ns3:TrackPointExtension>
            <ns3:hr>169</ns3:hr>
            <ns3:cad>83</ns3:cad>
          </ns3:TrackPointExtension>
        </extensions>
      </trkpt>
      <trkpt lat="40.78157697804272174835205078125" lon="-73.96225246600806713104248046875">
        <ele>32</ele>
        <time>2025-09-16T22:52:41.000Z</time>
        <extensions>
          <ns3:TrackPointExtension>
            <ns3:hr>168</ns3:hr>
            <ns3:cad>84</ns3:cad>
          </ns3:TrackPointExtension>
        </extensions>
      </trkpt>
      <trkpt lat="40.78161737881600856781005859375" lon="-73.96202020347118377685546875">
        <ele>32.799999237060546875</ele>
        <time>2025-09-16T22:52:47.000Z</time>
        <extensions>
          <ns3:TrackPointExtension>
            <ns3:hr>165</ns3:hr>
            <ns3:cad>83</ns3:cad>
          </ns3:TrackPointExtension>
        </extensions>
      </trkpt>
      <trkpt lat="40.78156541101634502410888671875" lon="-73.96176698617637157440185546875">
        <ele>32.799999237060546875</ele>
        <time>2025-09-16T22:52:55.000Z</time>
        <extensions>
          <ns3:TrackPointExtension>
            <ns3:hr>165</ns3:hr>
            <ns3:cad>85</ns3:cad>
          </ns3:TrackPointExtension>
        </extensions>
      </trkpt>
      <trkpt lat="40.7814932428300380706787109375" lon="-73.9615204744040966033935546875">
        <ele>32.40000152587890625</ele>
        <time>2025-09-16T22:53:04.000Z</time>
        <extensions>
          <ns3:TrackPointExtension>
            <ns3:hr>165</ns3:hr>
            <ns3:cad>86</ns3:cad>
          </ns3:TrackPointExtension>
        </extensions>
      </trkpt>
      <trkpt lat="40.78151528723537921905517578125" lon="-73.96135275252163410186767578125">
        <ele>32.799999237060546875</ele>
        <time>2025-09-16T22:53:09.000Z</time>
        <extensions>
          <ns3:TrackPointExtension>
            <ns3:hr>168</ns3:hr>
            <ns3:cad>87</ns3:cad>
          </ns3:TrackPointExtension>
        </extensions>
      </trkpt>
      <trkpt lat="40.78154931776225566864013671875" lon="-73.96109509281814098358154296875">
        <ele>32</ele>
        <time>2025-09-16T22:53:18.000Z</time>
        <extensions>
          <ns3:TrackPointExtension>
            <ns3:hr>169</ns3:hr>
            <ns3:cad>86</ns3:cad>
          </ns3:TrackPointExtension>
        </extensions>
      </trkpt>
      <trkpt lat="40.78166498802602291107177734375" lon="-73.96090130321681499481201171875">
        <ele>31.799999237060546875</ele>
        <time>2025-09-16T22:53:26.000Z</time>
        <extensions>
          <ns3:TrackPointExtension>
            <ns3:hr>168</ns3:hr>
            <ns3:cad>86</ns3:cad>
          </ns3:TrackPointExtension>
        </extensions>
      </trkpt>
      <trkpt lat="40.78181703574955463409423828125" lon="-73.96073542535305023193359375">
        <ele>31.3999996185302734375</ele>
        <time>2025-09-16T22:53:34.000Z</time>
        <extensions>
          <ns3:TrackPointExtension>
            <ns3:hr>167</ns3:hr>
            <ns3:cad>84</ns3:cad>
          </ns3:TrackPointExtension>
        </extensions>
      </trkpt>
      <trkpt lat="40.7819686643779277801513671875" lon="-73.9605716429650783538818359375">
        <ele>31.3999996185302734375</ele>
        <time>2025-09-16T22:53:44.000Z</time>
        <extensions>
          <ns3:TrackPointExtension>
            <ns3:hr>166</ns3:hr>
            <ns3:cad>84</ns3:cad>
          </ns3:TrackPointExtension>
        </extensions>
      </trkpt>
      <trkpt lat="40.78204326331615447998046875" lon="-73.96049268543720245361328125">
        <ele>31.6000003814697265625</ele>
        <time>2025-09-16T22:53:50.000Z</time>
        <extensions>
          <ns3:TrackPointExtension>
            <ns3:hr>163</ns3:hr>
            <ns3:cad>83</ns3:cad>
          </ns3:TrackPointExtension>
        </extensions>
      </trkpt>
      <trkpt lat="40.78220042400062084197998046875" lon="-73.960371650755405426025390625">
        <ele>32.40000152587890625</ele>
        <time>2025-09-16T22:53:57.000Z</time>
        <extensions>
          <ns3:TrackPointExtension>
            <ns3:hr>163</ns3:hr>
            <ns3:cad>84</ns3:cad>
          </ns3:TrackPointExtension>
        </extensions>
      </trkpt>
      <trkpt lat="40.7823589257895946502685546875" lon="-73.960256986320018768310546875">
        <ele>33</ele>
        <time>2025-09-16T22:54:04.000Z</time>
        <extensions>
          <ns3:TrackPointExtension>
            <ns3:hr>162</ns3:hr>
            <ns3:cad>84</ns3:cad>
          </ns3:TrackPointExtension>
        </extensions>
      </trkpt>
      <trkpt lat="40.78252262435853481292724609375" lon="-73.9601532183587551116943359375">
        <ele>33</ele>
        <time>2025-09-16T22:54:11.000Z</time>
        <extensions>
          <ns3:TrackPointExtension>
            <ns3:hr>161</ns3:hr>
            <ns3:cad>85</ns3:cad>
          </ns3:TrackPointExtension>
        </extensions>
      </trkpt>
      <trkpt lat="40.78269906342029571533203125" lon="-73.96006914786994457244873046875">
        <ele>33</ele>
        <time>2025-09-16T22:54:19.000Z</time>
        <extensions>
          <ns3:TrackPointExtension>
            <ns3:hr>163</ns3:hr>
            <ns3:cad>85</ns3:cad>
          </ns3:TrackPointExtension>
        </extensions>
      </trkpt>
      <trkpt lat="40.7828668691217899322509765625" lon="-73.9599493704736232757568359375">
        <ele>33</ele>
        <time>2025-09-16T22:54:28.000Z</time>
        <extensions>
          <ns3:TrackPointExtension>
            <ns3:hr>163</ns3:hr>
            <ns3:cad>83</ns3:cad>
          </ns3:TrackPointExtension>
        </extensions>
      </trkpt>
      <trkpt lat="40.78303526155650615692138671875" lon="-73.95983981899917125701904296875">
        <ele>33.40000152587890625</ele>
        <time>2025-09-16T22:54:37.000Z</time>
        <extensions>
          <ns3:TrackPointExtension>
            <ns3:hr>162</ns3:hr>
            <ns3:cad>84</ns3:cad>
          </ns3:TrackPointExtension>
        </extensions>
      </trkpt>
      <trkpt lat="40.7832008041441440582275390625" lon="-73.9597062952816486358642578125">
        <ele>34</ele>
        <time>2025-09-16T22:54:46.000Z</time>
        <extensions>
          <ns3:TrackPointExtension>
            <ns3:hr>163</ns3:hr>
            <ns3:cad>85</ns3:cad>
          </ns3:TrackPointExtension>
        </extensions>
      </trkpt>
      <trkpt lat="40.7833607308566570281982421875" lon="-73.9595691673457622528076171875">
        <ele>34</ele>
        <time>2025-09-16T22:54:54.000Z</time>
        <extensions>
          <ns3:TrackPointExtension>
            <ns3:hr>163</ns3:hr>
            <ns3:cad>86</ns3:cad>
          </ns3:TrackPointExtension>
        </extensions>
      </trkpt>
      <trkpt lat="40.78352325595915317535400390625" lon="-73.9594632200896739959716796875">
        <ele>34.200000762939453125</ele>
        <time>2025-09-16T22:55:02.000Z</time>
        <extensions>
          <ns3:TrackPointExtension>
            <ns3:hr>165</ns3:hr>
            <ns3:cad>85</ns3:cad>
          </ns3:TrackPointExtension>
        </extensions>
      </trkpt>
      <trkpt lat="40.78365736640989780426025390625" lon="-73.95933120511472225189208984375">
        <ele>34.59999847412109375</ele>
        <time>2025-09-16T22:55:09.000Z</time>
        <extensions>
          <ns3:TrackPointExtension>
            <ns3:hr>168</ns3:hr>
            <ns3:cad>87</ns3:cad>
          </ns3:TrackPointExtension>
        </extensions>
      </trkpt>
      <trkpt lat="40.7838289439678192138671875" lon="-73.95922525785863399505615234375">
        <ele>35.200000762939453125</ele>
        <time>2025-09-16T22:55:16.000Z</time>
        <extensions>
          <ns3:TrackPointExtension>
            <ns3:hr>167</ns3:hr>
            <ns3:cad>87</ns3:cad>
          </ns3:TrackPointExtension>
        </extensions>
      </trkpt>
      <trkpt lat="40.78390647657215595245361328125" lon="-73.959173373878002166748046875">
        <ele>35.40000152587890625</ele>
        <time>2025-09-16T22:55:20.000Z</time>
        <extensions>
          <ns3:TrackPointExtension>
            <ns3:hr>170</ns3:hr>
            <ns3:cad>86</ns3:cad>
          </ns3:TrackPointExtension>
        </extensions>
      </trkpt>
      <trkpt lat="40.78406539745628833770751953125" lon="-73.9590323902666568756103515625">
        <ele>35.59999847412109375</ele>
        <time>2025-09-16T22:55:29.000Z</time>
        <extensions>
          <ns3:TrackPointExtension>
            <ns3:hr>169</ns3:hr>
            <ns3:cad>86</ns3:cad>
          </ns3:TrackPointExtension>
        </extensions>
      </trkpt>
      <trkpt lat="40.78414879739284515380859375" lon="-73.9589787460863590240478515625">
        <ele>35.40000152587890625</ele>
        <time>2025-09-16T22:55:33.000Z</time>
        <extensions>
          <ns3:TrackPointExtension>
            <ns3:hr>172</ns3:hr>
            <ns3:cad>87</ns3:cad>
          </ns3:TrackPointExtension>
        </extensions>
      </trkpt>
      <trkpt lat="40.78432448208332061767578125" lon="-73.958863914012908935546875">
        <ele>35</ele>
        <time>2025-09-16T22:55:41.000Z</time>
        <extensions>
          <ns3:TrackPointExtension>
            <ns3:hr>174</ns3:hr>
            <ns3:cad>85</ns3:cad>
          </ns3:TrackPointExtension>
        </extensions>
      </trkpt>
      <trkpt lat="40.784387849271297454833984375" lon="-73.95881471224129199981689453125">
        <ele>34.799999237060546875</ele>
        <time>2025-09-16T22:55:44.000Z</time>
        <extensions>
          <ns3:TrackPointExtension>
            <ns3:hr>178</ns3:hr>
            <ns3:cad>83</ns3:cad>
          </ns3:TrackPointExtension>
        </extensions>
      </trkpt>
      <trkpt lat="40.78454710543155670166015625" lon="-73.9586870558559894561767578125">
        <ele>34.40000152587890625</ele>
        <time>2025-09-16T22:55:52.000Z</time>
        <extensions>
          <ns3:TrackPointExtension>
            <ns3:hr>177</ns3:hr>
            <ns3:cad>84</ns3:cad>
          </ns3:TrackPointExtension>
        </extensions>
      </trkpt>
      <trkpt lat="40.78472974710166454315185546875" lon="-73.9585807733237743377685546875">
        <ele>34.40000152587890625</ele>
        <time>2025-09-16T22:56:00.000Z</time>
        <extensions>
          <ns3:TrackPointExtension>
            <ns3:hr>176</ns3:hr>
            <ns3:cad>85</ns3:cad>
          </ns3:TrackPointExtension>
        </extensions>
      </trkpt>
      <trkpt lat="40.7849087007343769073486328125" lon="-73.9584736526012420654296875">
        <ele>34.200000762939453125</ele>
        <time>2025-09-16T22:56:07.000Z</time>
        <extensions>
          <ns3:TrackPointExtension>
            <ns3:hr>175</ns3:hr>
            <ns3:cad>84</ns3:cad>
          </ns3:TrackPointExtension>
        </extensions>
      </trkpt>
      <trkpt lat="40.78496091999113559722900390625" lon="-73.9584298990666866302490234375">
        <ele>34.200000762939453125</ele>
        <time>2025-09-16T22:56:10.000Z</time>
        <extensions>
          <ns3:TrackPointExtension>
            <ns3:hr>171</ns3:hr>
            <ns3:cad>85</ns3:cad>
          </ns3:TrackPointExtension>
        </extensions>
      </trkpt>
      <trkpt lat="40.7850025780498981475830078125" lon="-73.95840131677687168121337890625">
        <ele>34</ele>
        <time>2025-09-16T22:56:12.000Z</time>
        <extensions>
          <ns3:TrackPointExtension>
            <ns3:hr>167</ns3:hr>
            <ns3:cad>85</ns3:cad>
          </ns3:TrackPointExtension>
        </extensions>
      </trkpt>
      <trkpt lat="40.7850444875657558441162109375" lon="-73.9583717286586761474609375">
        <ele>34</ele>
        <time>2025-09-16T22:56:14.000Z</time>
        <extensions>
          <ns3:TrackPointExtension>
            <ns3:hr>164</ns3:hr>
            <ns3:cad>84</ns3:cad>
          </ns3:TrackPointExtension>
        </extensions>
      </trkpt>
      <trkpt lat="40.7852074317634105682373046875" lon="-73.9582216925919055938720703125">
        <ele>33.799999237060546875</ele>
        <time>2025-09-16T22:56:23.000Z</time>
        <extensions>
          <ns3:TrackPointExtension>
            <ns3:hr>162</ns3:hr>
            <ns3:cad>87</ns3:cad>
          </ns3:TrackPointExtension>
        </extensions>
      </trkpt>
      <trkpt lat="40.78525864519178867340087890625" lon="-73.958177268505096435546875">
        <ele>33.799999237060546875</ele>
        <time>2025-09-16T22:56:26.000Z</time>
        <extensions>
          <ns3:TrackPointExtension>
            <ns3:hr>165</ns3:hr>
            <ns3:cad>85</ns3:cad>
          </ns3:TrackPointExtension>
        </extensions>
      </trkpt>
      <trkpt lat="40.78535671345889568328857421875" lon="-73.9581341855227947235107421875">
        <ele>34</ele>
        <time>2025-09-16T22:56:30.000Z</time>
        <extensions>
          <ns3:TrackPointExtension>
            <ns3:hr>169</ns3:hr>
            <ns3:cad>86</ns3:cad>
          </ns3:TrackPointExtension>
        </extensions>
      </trkpt>
      <trkpt lat="40.785532481968402862548828125" lon="-73.95803041756153106689453125">
        <ele>34.40000152587890625</ele>
        <time>2025-09-16T22:56:38.000Z</time>
        <extensions>
          <ns3:TrackPointExtension>
            <ns3:hr>168</ns3:hr>
            <ns3:cad>83</ns3:cad>
          </ns3:TrackPointExtension>
        </extensions>
      </trkpt>
      <trkpt lat="40.78569869510829448699951171875" lon="-73.9578988216817378997802734375">
        <ele>34</ele>
        <time>2025-09-16T22:56:47.000Z</time>
        <extensions>
          <ns3:TrackPointExtension>
            <ns3:hr>167</ns3:hr>
            <ns3:cad>84</ns3:cad>
          </ns3:TrackPointExtension>
        </extensions>
      </trkpt>
      <trkpt lat="40.78581050969660282135009765625" lon="-73.95779840648174285888671875">
        <ele>34</ele>
        <time>2025-09-16T22:56:53.000Z</time>
        <extensions>
          <ns3:TrackPointExtension>
            <ns3:hr>163</ns3:hr>
            <ns3:cad>86</ns3:cad>
          </ns3:TrackPointExtension>
        </extensions>
      </trkpt>
      <trkpt lat="40.78591109253466129302978515625" lon="-73.95772020332515239715576171875">
        <ele>34</ele>
        <time>2025-09-16T22:56:57.000Z</time>
        <extensions>
          <ns3:TrackPointExtension>
            <ns3:hr>166</ns3:hr>
            <ns3:cad>86</ns3:cad>
          </ns3:TrackPointExtension>
        </extensions>
      </trkpt>
      <trkpt lat="40.78594244085252285003662109375" lon="-73.9577057026326656341552734375">
        <ele>34.200000762939453125</ele>
        <time>2025-09-16T22:56:58.000Z</time>
        <extensions>
          <ns3:TrackPointExtension>
            <ns3:hr>169</ns3:hr>
            <ns3:cad>85</ns3:cad>
          </ns3:TrackPointExtension>
        </extensions>
      </trkpt>
      <trkpt lat="40.78604553826153278350830078125" lon="-73.95764526911079883575439453125">
        <ele>34</ele>
        <time>2025-09-16T22:57:02.000Z</time>
        <extensions>
          <ns3:TrackPointExtension>
            <ns3:hr>172</ns3:hr>
            <ns3:cad>86</ns3:cad>
          </ns3:TrackPointExtension>
        </extensions>
      </trkpt>
      <trkpt lat="40.7862189598381519317626953125" lon="-73.957543261349201202392578125">
        <ele>33.59999847412109375</ele>
        <time>2025-09-16T22:57:10.000Z</time>
        <extensions>
          <ns3:TrackPointExtension>
            <ns3:hr>171</ns3:hr>
            <ns3:cad>85</ns3:cad>
          </ns3:TrackPointExtension>
        </extensions>
      </trkpt>
      <trkpt lat="40.78631778247654438018798828125" lon="-73.95747997798025608062744140625">
        <ele>33</ele>
        <time>2025-09-16T22:57:14.000Z</time>
        <extensions>
          <ns3:TrackPointExtension>
            <ns3:hr>172</ns3:hr>
            <ns3:cad>86</ns3:cad>
          </ns3:TrackPointExtension>
        </extensions>
      </trkpt>
      <trkpt lat="40.78646329231560230255126953125" lon="-73.9573630504310131072998046875">
        <ele>31.799999237060546875</ele>
        <time>2025-09-16T22:57:21.000Z</time>
        <extensions>
          <ns3:TrackPointExtension>
            <ns3:hr>169</ns3:hr>
            <ns3:cad>84</ns3:cad>
          </ns3:TrackPointExtension>
        </extensions>
      </trkpt>
      <trkpt lat="40.78663252294063568115234375" lon="-73.9572457037866115570068359375">
        <ele>30.799999237060546875</ele>
        <time>2025-09-16T22:57:29.000Z</time>
        <extensions>
          <ns3:TrackPointExtension>
            <ns3:hr>169</ns3:hr>
            <ns3:cad>84</ns3:cad>
          </ns3:TrackPointExtension>
        </extensions>
      </trkpt>
      <trkpt lat="40.786703936755657196044921875" lon="-73.95721435546875">
        <ele>30.799999237060546875</ele>
        <time>2025-09-16T22:57:32.000Z</time>
        <extensions>
          <ns3:TrackPointExtension>
            <ns3:hr>166</ns3:hr>
            <ns3:cad>84</ns3:cad>
          </ns3:TrackPointExtension>
        </extensions>
      </trkpt>
      <trkpt lat="40.7868921943008899688720703125" lon="-73.95711536519229412078857421875">
        <ele>30.200000762939453125</ele>
        <time>2025-09-16T22:57:40.000Z</time>
        <extensions>
          <ns3:TrackPointExtension>
            <ns3:hr>170</ns3:hr>
            <ns3:cad>85</ns3:cad>
          </ns3:TrackPointExtension>
        </extensions>
      </trkpt>
      <trkpt lat="40.7870648615062236785888671875" lon="-73.957079909741878509521484375">
        <ele>30.200000762939453125</ele>
        <time>2025-09-16T22:57:48.000Z</time>
        <extensions>
          <ns3:TrackPointExtension>
            <ns3:hr>167</ns3:hr>
            <ns3:cad>84</ns3:cad>
          </ns3:TrackPointExtension>
        </extensions>
      </trkpt>
      <trkpt lat="40.78711272217333316802978515625" lon="-73.957071192562580108642578125">
        <ele>30.200000762939453125</ele>
        <time>2025-09-16T22:57:50.000Z</time>
        <extensions>
          <ns3:TrackPointExtension>
            <ns3:hr>164</ns3:hr>
            <ns3:cad>82</ns3:cad>
          </ns3:TrackPointExtension>
        </extensions>
      </trkpt>
      <trkpt lat="40.78730047680437564849853515625" lon="-73.95707965828478336334228515625">
        <ele>30.6000003814697265625</ele>
        <time>2025-09-16T22:57:58.000Z</time>
        <extensions>
          <ns3:TrackPointExtension>
            <ns3:hr>165</ns3:hr>
            <ns3:cad>84</ns3:cad>
          </ns3:TrackPointExtension>
        </extensions>
      </trkpt>
      <trkpt lat="40.78750097192823886871337890625" lon="-73.957128860056400299072265625">
        <ele>30.3999996185302734375</ele>
        <time>2025-09-16T22:58:08.000Z</time>
        <extensions>
          <ns3:TrackPointExtension>
            <ns3:hr>166</ns3:hr>
            <ns3:cad>84</ns3:cad>
          </ns3:TrackPointExtension>
        </extensions>
      </trkpt>
      <trkpt lat="40.78768990002572536468505859375" lon="-73.95714017562568187713623046875">
        <ele>29.799999237060546875</ele>
        <time>2025-09-16T22:58:16.000Z</time>
        <extensions>
          <ns3:TrackPointExtension>
            <ns3:hr>167</ns3:hr>
            <ns3:cad>84</ns3:cad>
          </ns3:TrackPointExtension>
        </extensions>
      </trkpt>
      <trkpt lat="40.7877947576344013214111328125" lon="-73.9571075700223445892333984375">
        <ele>29.6000003814697265625</ele>
        <time>2025-09-16T22:58:21.000Z</time>
        <extensions>
          <ns3:TrackPointExtension>
            <ns3:hr>163</ns3:hr>
            <ns3:cad>81</ns3:cad>
          </ns3:TrackPointExtension>
        </extensions>
      </trkpt>
      <trkpt lat="40.78797572292387485504150390625" lon="-73.957085944712162017822265625">
        <ele>29.3999996185302734375</ele>
        <time>2025-09-16T22:58:29.000Z</time>
        <extensions>
          <ns3:TrackPointExtension>
            <ns3:hr>165</ns3:hr>
            <ns3:cad>83</ns3:cad>
          </ns3:TrackPointExtension>
        </extensions>
      </trkpt>
      <trkpt lat="40.7881660759449005126953125" lon="-73.956991732120513916015625">
        <ele>28.6000003814697265625</ele>
        <time>2025-09-16T22:58:37.000Z</time>
        <extensions>
          <ns3:TrackPointExtension>
            <ns3:hr>165</ns3:hr>
            <ns3:cad>82</ns3:cad>
          </ns3:TrackPointExtension>
        </extensions>
      </trkpt>
      <trkpt lat="40.788358189165592193603515625" lon="-73.95694814622402191162109375">
        <ele>28.200000762939453125</ele>
        <time>2025-09-16T22:58:46.000Z</time>
        <extensions>
          <ns3:TrackPointExtension>
            <ns3:hr>168</ns3:hr>
            <ns3:cad>85</ns3:cad>
          </ns3:TrackPointExtension>
        </extensions>
      </trkpt>
      <trkpt lat="40.7885380648076534271240234375" lon="-73.9569627307355403900146484375">
        <ele>28</ele>
        <time>2025-09-16T22:58:54.000Z</time>
        <extensions>
          <ns3:TrackPointExtension>
            <ns3:hr>166</ns3:hr>
            <ns3:cad>83</ns3:cad>
          </ns3:TrackPointExtension>
        </extensions>
      </trkpt>
      <trkpt lat="40.78872992657124996185302734375" lon="-73.95701595582067966461181640625">
        <ele>27.200000762939453125</ele>
        <time>2025-09-16T22:59:03.000Z</time>
        <extensions>
          <ns3:TrackPointExtension>
            <ns3:hr>167</ns3:hr>
            <ns3:cad>84</ns3:cad>
          </ns3:TrackPointExtension>
        </extensions>
      </trkpt>
      <trkpt lat="40.7888106442987918853759765625" lon="-73.9570619724690914154052734375">
        <ele>27.200000762939453125</ele>
        <time>2025-09-16T22:59:07.000Z</time>
        <extensions>
          <ns3:TrackPointExtension>
            <ns3:hr>163</ns3:hr>
            <ns3:cad>83</ns3:cad>
          </ns3:TrackPointExtension>
        </extensions>
      </trkpt>
      <trkpt lat="40.7888478599488735198974609375" lon="-73.957088291645050048828125">
        <ele>27.200000762939453125</ele>
        <time>2025-09-16T22:59:09.000Z</time>
        <extensions>
          <ns3:TrackPointExtension>
            <ns3:hr>160</ns3:hr>
            <ns3:cad>83</ns3:cad>
          </ns3:TrackPointExtension>
        </extensions>
      </trkpt>
      <trkpt lat="40.78899596817791461944580078125" lon="-73.9572316221892833709716796875">
        <ele>26.799999237060546875</ele>
        <time>2025-09-16T22:59:17.000Z</time>
        <extensions>
          <ns3:TrackPointExtension>
            <ns3:hr>160</ns3:hr>
            <ns3:cad>83</ns3:cad>
          </ns3:TrackPointExtension>
        </extensions>
      </trkpt>
      <trkpt lat="40.78913259319961071014404296875" lon="-73.9573712646961212158203125">
        <ele>26.6000003814697265625</ele>
        <time>2025-09-16T22:59:24.000Z</time>
        <extensions>
          <ns3:TrackPointExtension>
            <ns3:hr>163</ns3:hr>
            <ns3:cad>87</ns3:cad>
          </ns3:TrackPointExtension>
        </extensions>
      </trkpt>
      <trkpt lat="40.7893011532723903656005859375" lon="-73.9574840851128101348876953125">
        <ele>25.3999996185302734375</ele>
        <time>2025-09-16T22:59:32.000Z</time>
        <extensions>
          <ns3:TrackPointExtension>
            <ns3:hr>167</ns3:hr>
            <ns3:cad>84</ns3:cad>
          </ns3:TrackPointExtension>
        </extensions>
      </trkpt>
      <trkpt lat="40.789402239024639129638671875" lon="-73.9574934728443622589111328125">
        <ele>25</ele>
        <time>2025-09-16T22:59:36.000Z</time>
        <extensions>
          <ns3:TrackPointExtension>
            <ns3:hr>163</ns3:hr>
            <ns3:cad>85</ns3:cad>
          </ns3:TrackPointExtension>
        </extensions>
      </trkpt>
      <trkpt lat="40.78959628008306026458740234375" lon="-73.95750897936522960662841796875">
        <ele>25</ele>
        <time>2025-09-16T22:59:43.000Z</time>
        <extensions>
          <ns3:TrackPointExtension>
            <ns3:hr>167</ns3:hr>
            <ns3:cad>86</ns3:cad>
          </ns3:TrackPointExtension>
        </extensions>
      </trkpt>
      <trkpt lat="40.78978269360959529876708984375" lon="-73.9574683271348476409912109375">
        <ele>25</ele>
        <time>2025-09-16T22:59:49.000Z</time>
        <extensions>
          <ns3:TrackPointExtension>
            <ns3:hr>165</ns3:hr>
            <ns3:cad>83</ns3:cad>
          </ns3:TrackPointExtension>
        </extensions>
      </trkpt>
      <trkpt lat="40.7899683527648448944091796875" lon="-73.95737017504870891571044921875">
        <ele>24.6000003814697265625</ele>
        <time>2025-09-16T22:59:56.000Z</time>
        <extensions>
          <ns3:TrackPointExtension>
            <ns3:hr>167</ns3:hr>
            <ns3:cad>84</ns3:cad>
          </ns3:TrackPointExtension>
        </extensions>
      </trkpt>
      <trkpt lat="40.790141522884368896484375" lon="-73.95724947564303874969482421875">
        <ele>24.200000762939453125</ele>
        <time>2025-09-16T23:00:04.000Z</time>
        <extensions>
          <ns3:TrackPointExtension>
            <ns3:hr>168</ns3:hr>
            <ns3:cad>84</ns3:cad>
          </ns3:TrackPointExtension>
        </extensions>
      </trkpt>
      <trkpt lat="40.79031326808035373687744140625" lon="-73.9571296982467174530029296875">
        <ele>23.799999237060546875</ele>
        <time>2025-09-16T23:00:12.000Z</time>
        <extensions>
          <ns3:TrackPointExtension>
            <ns3:hr>169</ns3:hr>
            <ns3:cad>84</ns3:cad>
          </ns3:TrackPointExtension>
        </extensions>
      </trkpt>
      <trkpt lat="40.79045777209103107452392578125" lon="-73.9569821767508983612060546875">
        <ele>23.200000762939453125</ele>
        <time>2025-09-16T23:00:21.000Z</time>
        <extensions>
          <ns3:TrackPointExtension>
            <ns3:hr>169</ns3:hr>
            <ns3:cad>84</ns3:cad>
          </ns3:TrackPointExtension>
        </extensions>
      </trkpt>
      <trkpt lat="40.79055651091039180755615234375" lon="-73.9568926580250263214111328125">
        <ele>23</ele>
        <time>2025-09-16T23:00:26.000Z</time>
        <extensions>
          <ns3:TrackPointExtension>
            <ns3:hr>166</ns3:hr>
            <ns3:cad>84</ns3:cad>
          </ns3:TrackPointExtension>
        </extensions>
      </trkpt>
      <trkpt lat="40.7906942255795001983642578125" lon="-73.956792242825031280517578125">
        <ele>23</ele>
        <time>2025-09-16T23:00:32.000Z</time>
        <extensions>
          <ns3:TrackPointExtension>
            <ns3:hr>169</ns3:hr>
            <ns3:cad>84</ns3:cad>
          </ns3:TrackPointExtension>
        </extensions>
      </trkpt>
      <trkpt lat="40.79085390083491802215576171875" lon="-73.95667112432420253753662109375">
        <ele>23.3999996185302734375</ele>
        <time>2025-09-16T23:00:39.000Z</time>
        <extensions>
          <ns3:TrackPointExtension>
            <ns3:hr>171</ns3:hr>
            <ns3:cad>85</ns3:cad>
          </ns3:TrackPointExtension>
        </extensions>
      </trkpt>
      <trkpt lat="40.7910060323774814605712890625" lon="-73.95652125589549541473388671875">
        <ele>24.3999996185302734375</ele>
        <time>2025-09-16T23:00:47.000Z</time>
        <extensions>
          <ns3:TrackPointExtension>
            <ns3:hr>172</ns3:hr>
            <ns3:cad>86</ns3:cad>
          </ns3:TrackPointExtension>
        </extensions>
      </trkpt>
      <trkpt lat="40.7911434955894947052001953125" lon="-73.95636342465877532958984375">
        <ele>24.3999996185302734375</ele>
        <time>2025-09-16T23:00:55.000Z</time>
        <extensions>
          <ns3:TrackPointExtension>
            <ns3:hr>174</ns3:hr>
            <ns3:cad>86</ns3:cad>
          </ns3:TrackPointExtension>
        </extensions>
      </trkpt>
      <trkpt lat="40.79128992743790149688720703125" lon="-73.9561962895095348358154296875">
        <ele>24</ele>
        <time>2025-09-16T23:01:04.000Z</time>
        <extensions>
          <ns3:TrackPointExtension>
            <ns3:hr>174</ns3:hr>
            <ns3:cad>85</ns3:cad>
          </ns3:TrackPointExtension>
        </extensions>
      </trkpt>
      <trkpt lat="40.7913728244602680206298828125" lon="-73.95605857484042644500732421875">
        <ele>23.799999237060546875</ele>
        <time>2025-09-16T23:01:10.000Z</time>
        <extensions>
          <ns3:TrackPointExtension>
            <ns3:hr>171</ns3:hr>
            <ns3:cad>87</ns3:cad>
          </ns3:TrackPointExtension>
        </extensions>
      </trkpt>
      <trkpt lat="40.79150567762553691864013671875" lon="-73.95590367726981639862060546875">
        <ele>23.3999996185302734375</ele>
        <time>2025-09-16T23:01:17.000Z</time>
        <extensions>
          <ns3:TrackPointExtension>
            <ns3:hr>167</ns3:hr>
            <ns3:cad>86</ns3:cad>
          </ns3:TrackPointExtension>
        </extensions>
      </trkpt>
      <trkpt lat="40.79164012335240840911865234375" lon="-73.9557319320738315582275390625">
        <ele>23</ele>
        <time>2025-09-16T23:01:24.000Z</time>
        <extensions>
          <ns3:TrackPointExtension>
            <ns3:hr>168</ns3:hr>
            <ns3:cad>85</ns3:cad>
          </ns3:TrackPointExtension>
        </extensions>
      </trkpt>
      <trkpt lat="40.79179300926625728607177734375" lon="-73.9555562473833560943603515625">
        <ele>23</ele>
        <time>2025-09-16T23:01:32.000Z</time>
        <extensions>
          <ns3:TrackPointExtension>
            <ns3:hr>168</ns3:hr>
            <ns3:cad>85</ns3:cad>
          </ns3:TrackPointExtension>
        </extensions>
      </trkpt>
      <trkpt lat="40.79189409501850605010986328125" lon="-73.955429680645465850830078125">
        <ele>23</ele>
        <time>2025-09-16T23:01:39.000Z</time>
        <extensions>
          <ns3:TrackPointExtension>
            <ns3:hr>165</ns3:hr>
            <ns3:cad>83</ns3:cad>
          </ns3:TrackPointExtension>
        </extensions>
      </trkpt>
      <trkpt lat="40.7920284569263458251953125" lon="-73.95526866428554058074951171875">
        <ele>23</ele>
        <time>2025-09-16T23:01:47.000Z</time>
        <extensions>
          <ns3:TrackPointExtension>
            <ns3:hr>164</ns3:hr>
            <ns3:cad>83</ns3:cad>
          </ns3:TrackPointExtension>
        </extensions>
      </trkpt>
      <trkpt lat="40.7921999506652355194091796875" lon="-73.95515282638370990753173828125">
        <ele>22.6000003814697265625</ele>
        <time>2025-09-16T23:01:55.000Z</time>
        <extensions>
          <ns3:TrackPointExtension>
            <ns3:hr>164</ns3:hr>
            <ns3:cad>82</ns3:cad>
          </ns3:TrackPointExtension>
        </extensions>
      </trkpt>
      <trkpt lat="40.792346298694610595703125" lon="-73.9550861902534961700439453125">
        <ele>22.3999996185302734375</ele>
        <time>2025-09-16T23:02:01.000Z</time>
        <extensions>
          <ns3:TrackPointExtension>
            <ns3:hr>161</ns3:hr>
            <ns3:cad>81</ns3:cad>
          </ns3:TrackPointExtension>
        </extensions>
      </trkpt>
      <trkpt lat="40.79238661564886569976806640625" lon="-73.9550764672458171844482421875">
        <ele>22.3999996185302734375</ele>
        <time>2025-09-16T23:02:03.000Z</time>
        <extensions>
          <ns3:TrackPointExtension>
            <ns3:hr>164</ns3:hr>
            <ns3:cad>81</ns3:cad>
          </ns3:TrackPointExtension>
        </extensions>
      </trkpt>
      <trkpt lat="40.79240790568292140960693359375" lon="-73.9550757966935634613037109375">
        <ele>22.3999996185302734375</ele>
        <time>2025-09-16T23:02:04.000Z</time>
        <extensions>
          <ns3:TrackPointExtension>
            <ns3:hr>168</ns3:hr>
            <ns3:cad>81</ns3:cad>
          </ns3:TrackPointExtension>
        </extensions>
      </trkpt>
      <trkpt lat="40.7925985939800739288330078125" lon="-73.95508241839706897735595703125">
        <ele>23</ele>
        <time>2025-09-16T23:02:12.000Z</time>
        <extensions>
          <ns3:TrackPointExtension>
            <ns3:hr>168</ns3:hr>
            <ns3:cad>81</ns3:cad>
          </ns3:TrackPointExtension>
        </extensions>
      </trkpt>
      <trkpt lat="40.792729854583740234375" lon="-73.955113850533962249755859375">
        <ele>23.200000762939453125</ele>
        <time>2025-09-16T23:02:17.000Z</time>
        <extensions>
          <ns3:TrackPointExtension>
            <ns3:hr>171</ns3:hr>
            <ns3:cad>86</ns3:cad>
          </ns3:TrackPointExtension>
        </extensions>
      </trkpt>
      <trkpt lat="40.792777799069881439208984375" lon="-73.95512684248387813568115234375">
        <ele>23.3999996185302734375</ele>
        <time>2025-09-16T23:02:19.000Z</time>
        <extensions>
          <ns3:TrackPointExtension>
            <ns3:hr>174</ns3:hr>
            <ns3:cad>87</ns3:cad>
          </ns3:TrackPointExtension>
        </extensions>
      </trkpt>
      <trkpt lat="40.792972929775714874267578125" lon="-73.95515886135399341583251953125">
        <ele>23.200000762939453125</ele>
        <time>2025-09-16T23:02:27.000Z</time>
        <extensions>
          <ns3:TrackPointExtension>
            <ns3:hr>172</ns3:hr>
            <ns3:cad>83</ns3:cad>
          </ns3:TrackPointExtension>
        </extensions>
      </trkpt>
      <trkpt lat="40.7931603491306304931640625" lon="-73.95514997653663158416748046875">
        <ele>23</ele>
        <time>2025-09-16T23:02:35.000Z</time>
        <extensions>
          <ns3:TrackPointExtension>
            <ns3:hr>171</ns3:hr>
            <ns3:cad>85</ns3:cad>
          </ns3:TrackPointExtension>
        </extensions>
      </trkpt>
      <trkpt lat="40.793347768485546112060546875" lon="-73.955124579370021820068359375">
        <ele>23</ele>
        <time>2025-09-16T23:02:43.000Z</time>
        <extensions>
          <ns3:TrackPointExtension>
            <ns3:hr>171</ns3:hr>
            <ns3:cad>84</ns3:cad>
          </ns3:TrackPointExtension>
        </extensions>
      </trkpt>
      <trkpt lat="40.7934636063873767852783203125" lon="-73.95512265153229236602783203125">
        <ele>23</ele>
        <time>2025-09-16T23:02:48.000Z</time>
        <extensions>
          <ns3:TrackPointExtension>
            <ns3:hr>176</ns3:hr>
            <ns3:cad>86</ns3:cad>
          </ns3:TrackPointExtension>
        </extensions>
      </trkpt>
      <trkpt lat="40.79348581843078136444091796875" lon="-73.9551203884184360504150390625">
        <ele>23</ele>
        <time>2025-09-16T23:02:49.000Z</time>
        <extensions>
          <ns3:TrackPointExtension>
            <ns3:hr>176</ns3:hr>
            <ns3:cad>87</ns3:cad>
          </ns3:TrackPointExtension>
        </extensions>
      </trkpt>
      <trkpt lat="40.79366435296833515167236328125" lon="-73.95507437177002429962158203125">
        <ele>23</ele>
        <time>2025-09-16T23:02:57.000Z</time>
        <extensions>
          <ns3:TrackPointExtension>
            <ns3:hr>174</ns3:hr>
            <ns3:cad>86</ns3:cad>
          </ns3:TrackPointExtension>
        </extensions>
      </trkpt>
      <trkpt lat="40.7938159815967082977294921875" lon="-73.95503849722445011138916015625">
        <ele>23.3999996185302734375</ele>
        <time>2025-09-16T23:03:04.000Z</time>
        <extensions>
          <ns3:TrackPointExtension>
            <ns3:hr>171</ns3:hr>
            <ns3:cad>84</ns3:cad>
          </ns3:TrackPointExtension>
        </extensions>
      </trkpt>
      <trkpt lat="40.79399627633392810821533203125" lon="-73.954992480576038360595703125">
        <ele>23.799999237060546875</ele>
        <time>2025-09-16T23:03:12.000Z</time>
        <extensions>
          <ns3:TrackPointExtension>
            <ns3:hr>173</ns3:hr>
            <ns3:cad>84</ns3:cad>
          </ns3:TrackPointExtension>
        </extensions>
      </trkpt>
      <trkpt lat="40.79418830573558807373046875" lon="-73.95494780503213405609130859375">
        <ele>23.6000003814697265625</ele>
        <time>2025-09-16T23:03:21.000Z</time>
        <extensions>
          <ns3:TrackPointExtension>
            <ns3:hr>173</ns3:hr>
            <ns3:cad>83</ns3:cad>
          </ns3:TrackPointExtension>
        </extensions>
      </trkpt>
      <trkpt lat="40.7943789102137088775634765625" lon="-73.95487538538873195648193359375">
        <ele>23.3999996185302734375</ele>
        <time>2025-09-16T23:03:30.000Z</time>
        <extensions>
          <ns3:TrackPointExtension>
            <ns3:hr>173</ns3:hr>
            <ns3:cad>86</ns3:cad>
          </ns3:TrackPointExtension>
        </extensions>
      </trkpt>
      <trkpt lat="40.7945143617689609527587890625" lon="-73.95479458384215831756591796875">
        <ele>23.6000003814697265625</ele>
        <time>2025-09-16T23:03:37.000Z</time>
        <extensions>
          <ns3:TrackPointExtension>
            <ns3:hr>170</ns3:hr>
            <ns3:cad>82</ns3:cad>
          </ns3:TrackPointExtension>
        </extensions>
      </trkpt>
      <trkpt lat="40.7946065627038478851318359375" lon="-73.95472048781812191009521484375">
        <ele>24</ele>
        <time>2025-09-16T23:03:42.000Z</time>
        <extensions>
          <ns3:TrackPointExtension>
            <ns3:hr>167</ns3:hr>
            <ns3:cad>80</ns3:cad>
          </ns3:TrackPointExtension>
        </extensions>
      </trkpt>
      <trkpt lat="40.79473815858364105224609375" lon="-73.95455603487789630889892578125">
        <ele>24.3999996185302734375</ele>
        <time>2025-09-16T23:03:51.000Z</time>
        <extensions>
          <ns3:TrackPointExtension>
            <ns3:hr>166</ns3:hr>
            <ns3:cad>82</ns3:cad>
          </ns3:TrackPointExtension>
        </extensions>
      </trkpt>
      <trkpt lat="40.7948037050664424896240234375" lon="-73.95445209927856922149658203125">
        <ele>24.799999237060546875</ele>
        <time>2025-09-16T23:03:56.000Z</time>
        <extensions>
          <ns3:TrackPointExtension>
            <ns3:hr>169</ns3:hr>
            <ns3:cad>83</ns3:cad>
          </ns3:TrackPointExtension>
        </extensions>
      </trkpt>
      <trkpt lat="40.79489548690617084503173828125" lon="-73.954306505620479583740234375">
        <ele>24.6000003814697265625</ele>
        <time>2025-09-16T23:04:02.000Z</time>
        <extensions>
          <ns3:TrackPointExtension>
            <ns3:hr>166</ns3:hr>
            <ns3:cad>82</ns3:cad>
          </ns3:TrackPointExtension>
        </extensions>
      </trkpt>
      <trkpt lat="40.7949197106063365936279296875" lon="-73.95425680093467235565185546875">
        <ele>24.3999996185302734375</ele>
        <time>2025-09-16T23:04:04.000Z</time>
        <extensions>
          <ns3:TrackPointExtension>
            <ns3:hr>165</ns3:hr>
            <ns3:cad>82</ns3:cad>
          </ns3:TrackPointExtension>
        </extensions>
      </trkpt>
      <trkpt lat="40.7949703373014926910400390625" lon="-73.95414389669895172119140625">
        <ele>24</ele>
        <time>2025-09-16T23:04:09.000Z</time>
        <extensions>
          <ns3:TrackPointExtension>
            <ns3:hr>169</ns3:hr>
            <ns3:cad>83</ns3:cad>
          </ns3:TrackPointExtension>
        </extensions>
      </trkpt>
      <trkpt lat="40.79500881023705005645751953125" lon="-73.95405529998242855072021484375">
        <ele>23</ele>
        <time>2025-09-16T23:04:12.000Z</time>
        <extensions>
          <ns3:TrackPointExtension>
            <ns3:hr>166</ns3:hr>
            <ns3:cad>83</ns3:cad>
          </ns3:TrackPointExtension>
        </extensions>
      </trkpt>
      <trkpt lat="40.7950598560273647308349609375" lon="-73.95391699858009815216064453125">
        <ele>21.799999237060546875</ele>
        <time>2025-09-16T23:04:17.000Z</time>
        <extensions>
          <ns3:TrackPointExtension>
            <ns3:hr>169</ns3:hr>
            <ns3:cad>84</ns3:cad>
          </ns3:TrackPointExtension>
        </extensions>
      </trkpt>
      <trkpt lat="40.795074440538883209228515625" lon="-73.95388850010931491851806640625">
        <ele>21.6000003814697265625</ele>
        <time>2025-09-16T23:04:18.000Z</time>
        <extensions>
          <ns3:TrackPointExtension>
            <ns3:hr>174</ns3:hr>
            <ns3:cad>83</ns3:cad>
          </ns3:TrackPointExtension>
        </extensions>
      </trkpt>
      <trkpt lat="40.79514392651617527008056640625" lon="-73.95374801941215991973876953125">
        <ele>20.200000762939453125</ele>
        <time>2025-09-16T23:04:23.000Z</time>
        <extensions>
          <ns3:TrackPointExtension>
            <ns3:hr>168</ns3:hr>
            <ns3:cad>81</ns3:cad>
          </ns3:TrackPointExtension>
        </extensions>
      </trkpt>
      <trkpt lat="40.7951532304286956787109375" lon="-73.95372421480715274810791015625">
        <ele>20</ele>
        <time>2025-09-16T23:04:24.000Z</time>
        <extensions>
          <ns3:TrackPointExtension>
            <ns3:hr>168</ns3:hr>
            <ns3:cad>81</ns3:cad>
          </ns3:TrackPointExtension>
        </extensions>
      </trkpt>
      <trkpt lat="40.795269906520843505859375" lon="-73.95353042520582675933837890625">
        <ele>18.799999237060546875</ele>
        <time>2025-09-16T23:04:32.000Z</time>
        <extensions>
          <ns3:TrackPointExtension>
            <ns3:hr>170</ns3:hr>
            <ns3:cad>82</ns3:cad>
          </ns3:TrackPointExtension>
        </extensions>
      </trkpt>
      <trkpt lat="40.79545070417225360870361328125" lon="-73.95342565141618251800537109375">
        <ele>18.200000762939453125</ele>
        <time>2025-09-16T23:04:40.000Z</time>
        <extensions>
          <ns3:TrackPointExtension>
            <ns3:hr>170</ns3:hr>
            <ns3:cad>81</ns3:cad>
          </ns3:TrackPointExtension>
        </extensions>
      </trkpt>
      <trkpt lat="40.7955563999712467193603515625" lon="-73.95341726951301097869873046875">
        <ele>17.3999996185302734375</ele>
        <time>2025-09-16T23:04:44.000Z</time>
        <extensions>
          <ns3:TrackPointExtension>
            <ns3:hr>167</ns3:hr>
            <ns3:cad>81</ns3:cad>
          </ns3:TrackPointExtension>
        </extensions>
      </trkpt>
      <trkpt lat="40.79558632336556911468505859375" lon="-73.95341760478913784027099609375">
        <ele>17.200000762939453125</ele>
        <time>2025-09-16T23:04:45.000Z</time>
        <extensions>
          <ns3:TrackPointExtension>
            <ns3:hr>163</ns3:hr>
            <ns3:cad>81</ns3:cad>
          </ns3:TrackPointExtension>
        </extensions>
      </trkpt>
      <trkpt lat="40.795616246759891510009765625" lon="-73.95341928116977214813232421875">
        <ele>17</ele>
        <time>2025-09-16T23:04:46.000Z</time>
        <extensions>
          <ns3:TrackPointExtension>
            <ns3:hr>160</ns3:hr>
            <ns3:cad>81</ns3:cad>
          </ns3:TrackPointExtension>
        </extensions>
      </trkpt>
      <trkpt lat="40.79564197920262813568115234375" lon="-73.95342531614005565643310546875">
        <ele>17</ele>
        <time>2025-09-16T23:04:47.000Z</time>
        <extensions>
          <ns3:TrackPointExtension>
            <ns3:hr>160</ns3:hr>
            <ns3:cad>80</ns3:cad>
          </ns3:TrackPointExtension>
        </extensions>
      </trkpt>
      <trkpt lat="40.7958162389695644378662109375" lon="-73.95352422259747982025146484375">
        <ele>17.6000003814697265625</ele>
        <time>2025-09-16T23:04:55.000Z</time>
        <extensions>
          <ns3:TrackPointExtension>
            <ns3:hr>162</ns3:hr>
            <ns3:cad>82</ns3:cad>
          </ns3:TrackPointExtension>
        </extensions>
      </trkpt>
      <trkpt lat="40.7959480024874210357666015625" lon="-73.95371549762785434722900390625">
        <ele>17</ele>
        <time>2025-09-16T23:05:04.000Z</time>
        <extensions>
          <ns3:TrackPointExtension>
            <ns3:hr>162</ns3:hr>
            <ns3:cad>82</ns3:cad>
          </ns3:TrackPointExtension>
        </extensions>
      </trkpt>
      <trkpt lat="40.795951187610626220703125" lon="-73.95389067940413951873779296875">
        <ele>16.6000003814697265625</ele>
        <time>2025-09-16T23:05:11.000Z</time>
        <extensions>
          <ns3:TrackPointExtension>
            <ns3:hr>165</ns3:hr>
            <ns3:cad>82</ns3:cad>
          </ns3:TrackPointExtension>
        </extensions>
      </trkpt>
      <trkpt lat="40.7959526963531970977783203125" lon="-73.9540133066475391387939453125">
        <ele>15.80000019073486328125</ele>
        <time>2025-09-16T23:05:15.000Z</time>
        <extensions>
          <ns3:TrackPointExtension>
            <ns3:hr>168</ns3:hr>
            <ns3:cad>84</ns3:cad>
          </ns3:TrackPointExtension>
        </extensions>
      </trkpt>
      <trkpt lat="40.795915983617305755615234375" lon="-73.9541574753820896148681640625">
        <ele>15.3999996185302734375</ele>
        <time>2025-09-16T23:05:20.000Z</time>
        <extensions>
          <ns3:TrackPointExtension>
            <ns3:hr>165</ns3:hr>
            <ns3:cad>82</ns3:cad>
          </ns3:TrackPointExtension>
        </extensions>
      </trkpt>
      <trkpt lat="40.7958323322236537933349609375" lon="-73.9543174020946025848388671875">
        <ele>15.80000019073486328125</ele>
        <time>2025-09-16T23:05:26.000Z</time>
        <extensions>
          <ns3:TrackPointExtension>
            <ns3:hr>162</ns3:hr>
            <ns3:cad>81</ns3:cad>
          </ns3:TrackPointExtension>
        </extensions>
      </trkpt>
      <trkpt lat="40.7957609184086322784423828125" lon="-73.95444505847990512847900390625">
        <ele>16</ele>
        <time>2025-09-16T23:05:31.000Z</time>
        <extensions>
          <ns3:TrackPointExtension>
            <ns3:hr>165</ns3:hr>
            <ns3:cad>83</ns3:cad>
          </ns3:TrackPointExtension>
        </extensions>
      </trkpt>
      <trkpt lat="40.79566963948309421539306640625" lon="-73.95461588166654109954833984375">
        <ele>15.6000003814697265625</ele>
        <time>2025-09-16T23:05:37.000Z</time>
        <extensions>
          <ns3:TrackPointExtension>
            <ns3:hr>169</ns3:hr>
            <ns3:cad>85</ns3:cad>
          </ns3:TrackPointExtension>
        </extensions>
      </trkpt>
      <trkpt lat="40.7955386303365230560302734375" lon="-73.95481444895267486572265625">
        <ele>15.80000019073486328125</ele>
        <time>2025-09-16T23:05:46.000Z</time>
        <extensions>
          <ns3:TrackPointExtension>
            <ns3:hr>167</ns3:hr>
            <ns3:cad>84</ns3:cad>
          </ns3:TrackPointExtension>
        </extensions>
      </trkpt>
      <trkpt lat="40.79544332809746265411376953125" lon="-73.95501754246652126312255859375">
        <ele>15.6000003814697265625</ele>
        <time>2025-09-16T23:05:55.000Z</time>
        <extensions>
          <ns3:TrackPointExtension>
            <ns3:hr>166</ns3:hr>
            <ns3:cad>83</ns3:cad>
          </ns3:TrackPointExtension>
        </extensions>
      </trkpt>
      <trkpt lat="40.7954548113048076629638671875" lon="-73.9552772976458072662353515625">
        <ele>12.6000003814697265625</ele>
        <time>2025-09-16T23:06:03.000Z</time>
        <extensions>
          <ns3:TrackPointExtension>
            <ns3:hr>168</ns3:hr>
            <ns3:cad>85</ns3:cad>
          </ns3:TrackPointExtension>
        </extensions>
      </trkpt>
      <trkpt lat="40.79555078409612178802490234375" lon="-73.95550369285047054290771484375">
        <ele>10</ele>
        <time>2025-09-16T23:06:11.000Z</time>
        <extensions>
          <ns3:TrackPointExtension>
            <ns3:hr>169</ns3:hr>
            <ns3:cad>85</ns3:cad>
          </ns3:TrackPointExtension>
        </extensions>
      </trkpt>
      <trkpt lat="40.79560711048543453216552734375" lon="-73.95557778887450695037841796875">
        <ele>8.80000019073486328125</ele>
        <time>2025-09-16T23:06:14.000Z</time>
        <extensions>
          <ns3:TrackPointExtension>
            <ns3:hr>172</ns3:hr>
            <ns3:cad>85</ns3:cad>
          </ns3:TrackPointExtension>
        </extensions>
      </trkpt>
      <trkpt lat="40.79569579102098941802978515625" lon="-73.95569362677633762359619140625">
        <ele>7.599999904632568359375</ele>
        <time>2025-09-16T23:06:21.000Z</time>
        <extensions>
          <ns3:TrackPointExtension>
            <ns3:hr>169</ns3:hr>
            <ns3:cad>85</ns3:cad>
          </ns3:TrackPointExtension>
        </extensions>
      </trkpt>
      <trkpt lat="40.79586460255086421966552734375" lon="-73.95577258430421352386474609375">
        <ele>7.80000019073486328125</ele>
        <time>2025-09-16T23:06:31.000Z</time>
        <extensions>
          <ns3:TrackPointExtension>
            <ns3:hr>167</ns3:hr>
            <ns3:cad>84</ns3:cad>
          </ns3:TrackPointExtension>
        </extensions>
      </trkpt>
      <trkpt lat="40.7960517704486846923828125" lon="-73.95573385991156101226806640625">
        <ele>9</ele>
        <time>2025-09-16T23:06:41.000Z</time>
        <extensions>
          <ns3:TrackPointExtension>
            <ns3:hr>165</ns3:hr>
            <ns3:cad>83</ns3:cad>
          </ns3:TrackPointExtension>
        </extensions>
      </trkpt>
      <trkpt lat="40.79616785980761051177978515625" lon="-73.95567099563777446746826171875">
        <ele>10</ele>
        <time>2025-09-16T23:06:46.000Z</time>
        <extensions>
          <ns3:TrackPointExtension>
            <ns3:hr>168</ns3:hr>
            <ns3:cad>84</ns3:cad>
          </ns3:TrackPointExtension>
        </extensions>
      </trkpt>
      <trkpt lat="40.796266682446002960205078125" lon="-73.95559656433761119842529296875">
        <ele>10.6000003814697265625</ele>
        <time>2025-09-16T23:06:51.000Z</time>
        <extensions>
          <ns3:TrackPointExtension>
            <ns3:hr>171</ns3:hr>
            <ns3:cad>85</ns3:cad>
          </ns3:TrackPointExtension>
        </extensions>
      </trkpt>
      <trkpt lat="40.79633516259491443634033203125" lon="-73.95553470589220523834228515625">
        <ele>10.6000003814697265625</ele>
        <time>2025-09-16T23:06:55.000Z</time>
        <extensions>
          <ns3:TrackPointExtension>
            <ns3:hr>168</ns3:hr>
            <ns3:cad>84</ns3:cad>
          </ns3:TrackPointExtension>
        </extensions>
      </trkpt>
      <trkpt lat="40.79649307765066623687744140625" lon="-73.95537829957902431488037109375">
        <ele>10.6000003814697265625</ele>
        <time>2025-09-16T23:07:03.000Z</time>
        <extensions>
          <ns3:TrackPointExtension>
            <ns3:hr>166</ns3:hr>
            <ns3:cad>85</ns3:cad>
          </ns3:TrackPointExtension>
        </extensions>
      </trkpt>
      <trkpt lat="40.7966232486069202423095703125" lon="-73.95523748360574245452880859375">
        <ele>10</ele>
        <time>2025-09-16T23:07:09.000Z</time>
        <extensions>
          <ns3:TrackPointExtension>
            <ns3:hr>163</ns3:hr>
            <ns3:cad>81</ns3:cad>
          </ns3:TrackPointExtension>
        </extensions>
      </trkpt>
      <trkpt lat="40.79677253030240535736083984375" lon="-73.95509432069957256317138671875">
        <ele>9</ele>
        <time>2025-09-16T23:07:16.000Z</time>
        <extensions>
          <ns3:TrackPointExtension>
            <ns3:hr>162</ns3:hr>
            <ns3:cad>82</ns3:cad>
          </ns3:TrackPointExtension>
        </extensions>
      </trkpt>
      <trkpt lat="40.79693731851875782012939453125" lon="-73.95495350472629070281982421875">
        <ele>7.80000019073486328125</ele>
        <time>2025-09-16T23:07:25.000Z</time>
        <extensions>
          <ns3:TrackPointExtension>
            <ns3:hr>160</ns3:hr>
            <ns3:cad>81</ns3:cad>
          </ns3:TrackPointExtension>
        </extensions>
      </trkpt>
      <trkpt lat="40.7970990054309368133544921875" lon="-73.95480933599174022674560546875">
        <ele>6.80000019073486328125</ele>
        <time>2025-09-16T23:07:35.000Z</time>
        <extensions>
          <ns3:TrackPointExtension>
            <ns3:hr>162</ns3:hr>
            <ns3:cad>81</ns3:cad>
          </ns3:TrackPointExtension>
        </extensions>
      </trkpt>
      <trkpt lat="40.79724602401256561279296875" lon="-73.95467036403715610504150390625">
        <ele>6.80000019073486328125</ele>
        <time>2025-09-16T23:07:43.000Z</time>
        <extensions>
          <ns3:TrackPointExtension>
            <ns3:hr>163</ns3:hr>
            <ns3:cad>81</ns3:cad>
          </ns3:TrackPointExtension>
        </extensions>
      </trkpt>
      <trkpt lat="40.7974252291023731231689453125" lon="-73.95457707345485687255859375">
        <ele>7.19999980926513671875</ele>
        <time>2025-09-16T23:07:53.000Z</time>
        <extensions>
          <ns3:TrackPointExtension>
            <ns3:hr>164</ns3:hr>
            <ns3:cad>82</ns3:cad>
          </ns3:TrackPointExtension>
        </extensions>
      </trkpt>
      <trkpt lat="40.797612480819225311279296875" lon="-73.9544930867850780487060546875">
        <ele>7.400000095367431640625</ele>
        <time>2025-09-16T23:08:03.000Z</time>
        <extensions>
          <ns3:TrackPointExtension>
            <ns3:hr>165</ns3:hr>
            <ns3:cad>83</ns3:cad>
          </ns3:TrackPointExtension>
        </extensions>
      </trkpt>
      <trkpt lat="40.7976381294429302215576171875" lon="-73.9544880576431751251220703125">
        <ele>7.599999904632568359375</ele>
        <time>2025-09-16T23:08:04.000Z</time>
        <extensions>
          <ns3:TrackPointExtension>
            <ns3:hr>165</ns3:hr>
            <ns3:cad>83</ns3:cad>
          </ns3:TrackPointExtension>
        </extensions>
      </trkpt>
      <trkpt lat="40.797816328704357147216796875" lon="-73.954435922205448150634765625">
        <ele>7.80000019073486328125</ele>
        <time>2025-09-16T23:08:11.000Z</time>
        <extensions>
          <ns3:TrackPointExtension>
            <ns3:hr>163</ns3:hr>
            <ns3:cad>86</ns3:cad>
          </ns3:TrackPointExtension>
        </extensions>
      </trkpt>
      <trkpt lat="40.798016488552093505859375" lon="-73.95441521890461444854736328125">
        <ele>8</ele>
        <time>2025-09-16T23:08:19.000Z</time>
        <extensions>
          <ns3:TrackPointExtension>
            <ns3:hr>163</ns3:hr>
            <ns3:cad>84</ns3:cad>
          </ns3:TrackPointExtension>
        </extensions>
      </trkpt>
      <trkpt lat="40.79809905029833316802978515625" lon="-73.9544163085520267486572265625">
        <ele>8</ele>
        <time>2025-09-16T23:08:22.000Z</time>
        <extensions>
          <ns3:TrackPointExtension>
            <ns3:hr>166</ns3:hr>
            <ns3:cad>82</ns3:cad>
          </ns3:TrackPointExtension>
        </extensions>
      </trkpt>
      <trkpt lat="40.79818018712103366851806640625" lon="-73.95443013869225978851318359375">
        <ele>8.19999980926513671875</ele>
        <time>2025-09-16T23:08:26.000Z</time>
        <extensions>
          <ns3:TrackPointExtension>
            <ns3:hr>163</ns3:hr>
            <ns3:cad>83</ns3:cad>
          </ns3:TrackPointExtension>
        </extensions>
      </trkpt>
      <trkpt lat="40.7983559556305408477783203125" lon="-73.954521752893924713134765625">
        <ele>9.19999980926513671875</ele>
        <time>2025-09-16T23:08:35.000Z</time>
        <extensions>
          <ns3:TrackPointExtension>
            <ns3:hr>164</ns3:hr>
            <ns3:cad>83</ns3:cad>
          </ns3:TrackPointExtension>
        </extensions>
      </trkpt>
      <trkpt lat="40.79840431921184062957763671875" lon="-73.954562656581401824951171875">
        <ele>9.3999996185302734375</ele>
        <time>2025-09-16T23:08:38.000Z</time>
        <extensions>
          <ns3:TrackPointExtension>
            <ns3:hr>161</ns3:hr>
            <ns3:cad>81</ns3:cad>
          </ns3:TrackPointExtension>
        </extensions>
      </trkpt>
      <trkpt lat="40.79851378686726093292236328125" lon="-73.95468142814934253692626953125">
        <ele>9</ele>
        <time>2025-09-16T23:08:45.000Z</time>
        <extensions>
          <ns3:TrackPointExtension>
            <ns3:hr>164</ns3:hr>
            <ns3:cad>83</ns3:cad>
          </ns3:TrackPointExtension>
        </extensions>
      </trkpt>
      <trkpt lat="40.79860263504087924957275390625" lon="-73.9547856152057647705078125">
        <ele>9.3999996185302734375</ele>
        <time>2025-09-16T23:08:50.000Z</time>
        <extensions>
          <ns3:TrackPointExtension>
            <ns3:hr>167</ns3:hr>
            <ns3:cad>84</ns3:cad>
          </ns3:TrackPointExtension>
        </extensions>
      </trkpt>
      <trkpt lat="40.7987150363624095916748046875" lon="-73.9549886249005794525146484375">
        <ele>9.19999980926513671875</ele>
        <time>2025-09-16T23:09:00.000Z</time>
        <extensions>
          <ns3:TrackPointExtension>
            <ns3:hr>165</ns3:hr>
            <ns3:cad>83</ns3:cad>
          </ns3:TrackPointExtension>
        </extensions>
      </trkpt>
      <trkpt lat="40.79888443462550640106201171875" lon="-73.95512097515165805816650390625">
        <ele>10.3999996185302734375</ele>
        <time>2025-09-16T23:09:08.000Z</time>
        <extensions>
          <ns3:TrackPointExtension>
            <ns3:hr>165</ns3:hr>
            <ns3:cad>83</ns3:cad>
          </ns3:TrackPointExtension>
        </extensions>
      </trkpt>
      <trkpt lat="40.79902525059878826141357421875" lon="-73.9552900381386280059814453125">
        <ele>10.19999980926513671875</ele>
        <time>2025-09-16T23:09:16.000Z</time>
        <extensions>
          <ns3:TrackPointExtension>
            <ns3:hr>164</ns3:hr>
            <ns3:cad>82</ns3:cad>
          </ns3:TrackPointExtension>
        </extensions>
      </trkpt>
      <trkpt lat="40.79914360307157039642333984375" lon="-73.95548609085381031036376953125">
        <ele>11</ele>
        <time>2025-09-16T23:09:25.000Z</time>
        <extensions>
          <ns3:TrackPointExtension>
            <ns3:hr>163</ns3:hr>
            <ns3:cad>82</ns3:cad>
          </ns3:TrackPointExtension>
        </extensions>
      </trkpt>
      <trkpt lat="40.79923630692064762115478515625" lon="-73.955719359219074249267578125">
        <ele>11.6000003814697265625</ele>
        <time>2025-09-16T23:09:35.000Z</time>
        <extensions>
          <ns3:TrackPointExtension>
            <ns3:hr>164</ns3:hr>
            <ns3:cad>82</ns3:cad>
          </ns3:TrackPointExtension>
        </extensions>
      </trkpt>
      <trkpt lat="40.79928089864552021026611328125" lon="-73.95591055043041706085205078125">
        <ele>12.6000003814697265625</ele>
        <time>2025-09-16T23:09:43.000Z</time>
        <extensions>
          <ns3:TrackPointExtension>
            <ns3:hr>161</ns3:hr>
            <ns3:cad>80</ns3:cad>
          </ns3:TrackPointExtension>
        </extensions>
      </trkpt>
      <trkpt lat="40.7992622070014476776123046875" lon="-73.95596939139068126678466796875">
        <ele>12.80000019073486328125</ele>
        <time>2025-09-16T23:09:45.000Z</time>
        <extensions>
          <ns3:TrackPointExtension>
            <ns3:hr>157</ns3:hr>
            <ns3:cad>79</ns3:cad>
          </ns3:TrackPointExtension>
        </extensions>
      </trkpt>
      <trkpt lat="40.799297578632831573486328125" lon="-73.95615899004042148590087890625">
        <ele>12.80000019073486328125</ele>
        <time>2025-09-16T23:09:53.000Z</time>
        <extensions>
          <ns3:TrackPointExtension>
            <ns3:hr>160</ns3:hr>
            <ns3:cad>80</ns3:cad>
          </ns3:TrackPointExtension>
        </extensions>
      </trkpt>
      <trkpt lat="40.79935851506888866424560546875" lon="-73.9563800208270549774169921875">
        <ele>13</ele>
        <time>2025-09-16T23:10:02.000Z</time>
        <extensions>
          <ns3:TrackPointExtension>
            <ns3:hr>162</ns3:hr>
            <ns3:cad>80</ns3:cad>
          </ns3:TrackPointExtension>
        </extensions>
      </trkpt>
      <trkpt lat="40.79939053393900394439697265625" lon="-73.95650952123105525970458984375">
        <ele>12.80000019073486328125</ele>
        <time>2025-09-16T23:10:07.000Z</time>
        <extensions>
          <ns3:TrackPointExtension>
            <ns3:hr>166</ns3:hr>
            <ns3:cad>83</ns3:cad>
          </ns3:TrackPointExtension>
        </extensions>
      </trkpt>
      <trkpt lat="40.79940360970795154571533203125" lon="-73.95676701329648494720458984375">
        <ele>13.19999980926513671875</ele>
        <time>2025-09-16T23:10:17.000Z</time>
        <extensions>
          <ns3:TrackPointExtension>
            <ns3:hr>165</ns3:hr>
            <ns3:cad>82</ns3:cad>
          </ns3:TrackPointExtension>
        </extensions>
      </trkpt>
      <trkpt lat="40.79937846399843692779541015625" lon="-73.95687044598162174224853515625">
        <ele>13.6000003814697265625</ele>
        <time>2025-09-16T23:10:21.000Z</time>
        <extensions>
          <ns3:TrackPointExtension>
            <ns3:hr>169</ns3:hr>
            <ns3:cad>85</ns3:cad>
          </ns3:TrackPointExtension>
        </extensions>
      </trkpt>
      <trkpt lat="40.79934996552765369415283203125" lon="-73.95696155726909637451171875">
        <ele>14.19999980926513671875</ele>
        <time>2025-09-16T23:10:24.000Z</time>
        <extensions>
          <ns3:TrackPointExtension>
            <ns3:hr>172</ns3:hr>
            <ns3:cad>86</ns3:cad>
          </ns3:TrackPointExtension>
        </extensions>
      </trkpt>
      <trkpt lat="40.799353905022144317626953125" lon="-73.957203291356563568115234375">
        <ele>15.80000019073486328125</ele>
        <time>2025-09-16T23:10:32.000Z</time>
        <extensions>
          <ns3:TrackPointExtension>
            <ns3:hr>170</ns3:hr>
            <ns3:cad>83</ns3:cad>
          </ns3:TrackPointExtension>
        </extensions>
      </trkpt>
      <trkpt lat="40.79941433854401111602783203125" lon="-73.95741376094520092010498046875">
        <ele>16.3999996185302734375</ele>
        <time>2025-09-16T23:10:40.000Z</time>
        <extensions>
          <ns3:TrackPointExtension>
            <ns3:hr>166</ns3:hr>
            <ns3:cad>82</ns3:cad>
          </ns3:TrackPointExtension>
        </extensions>
      </trkpt>
      <trkpt lat="40.79942531883716583251953125" lon="-73.95743630826473236083984375">
        <ele>16.3999996185302734375</ele>
        <time>2025-09-16T23:10:41.000Z</time>
        <extensions>
          <ns3:TrackPointExtension>
            <ns3:hr>163</ns3:hr>
            <ns3:cad>82</ns3:cad>
          </ns3:TrackPointExtension>
        </extensions>
      </trkpt>
      <trkpt lat="40.79944409430027008056640625" lon="-73.95750612951815128326416015625">
        <ele>17</ele>
        <time>2025-09-16T23:10:44.000Z</time>
        <extensions>
          <ns3:TrackPointExtension>
            <ns3:hr>160</ns3:hr>
            <ns3:cad>82</ns3:cad>
          </ns3:TrackPointExtension>
        </extensions>
      </trkpt>
      <trkpt lat="40.7994435913860797882080078125" lon="-73.95774886943399906158447265625">
        <ele>20.6000003814697265625</ele>
        <time>2025-09-16T23:10:53.000Z</time>
        <extensions>
          <ns3:TrackPointExtension>
            <ns3:hr>162</ns3:hr>
            <ns3:cad>82</ns3:cad>
          </ns3:TrackPointExtension>
        </extensions>
      </trkpt>
      <trkpt lat="40.79943177290260791778564453125" lon="-73.9579528011381626129150390625">
        <ele>20.200000762939453125</ele>
        <time>2025-09-16T23:11:01.000Z</time>
        <extensions>
          <ns3:TrackPointExtension>
            <ns3:hr>165</ns3:hr>
            <ns3:cad>82</ns3:cad>
          </ns3:TrackPointExtension>
        </extensions>
      </trkpt>
      <trkpt lat="40.79933655448257923126220703125" lon="-73.958118259906768798828125">
        <ele>21.3999996185302734375</ele>
        <time>2025-09-16T23:11:10.000Z</time>
        <extensions>
          <ns3:TrackPointExtension>
            <ns3:hr>162</ns3:hr>
            <ns3:cad>81</ns3:cad>
          </ns3:TrackPointExtension>
        </extensions>
      </trkpt>
      <trkpt lat="40.79930461943149566650390625" lon="-73.9581472612917423248291015625">
        <ele>21.6000003814697265625</ele>
        <time>2025-09-16T23:11:12.000Z</time>
        <extensions>
          <ns3:TrackPointExtension>
            <ns3:hr>159</ns3:hr>
            <ns3:cad>80</ns3:cad>
          </ns3:TrackPointExtension>
        </extensions>
      </trkpt>
      <trkpt lat="40.7991924695670604705810546875" lon="-73.95828011445701122283935546875">
        <ele>22.200000762939453125</ele>
        <time>2025-09-16T23:11:21.000Z</time>
        <extensions>
          <ns3:TrackPointExtension>
            <ns3:hr>162</ns3:hr>
            <ns3:cad>81</ns3:cad>
          </ns3:TrackPointExtension>
        </extensions>
      </trkpt>
      <trkpt lat="40.7991502247750759124755859375" lon="-73.9583209343254566192626953125">
        <ele>22.6000003814697265625</ele>
        <time>2025-09-16T23:11:24.000Z</time>
        <extensions>
          <ns3:TrackPointExtension>
            <ns3:hr>166</ns3:hr>
            <ns3:cad>80</ns3:cad>
          </ns3:TrackPointExtension>
        </extensions>
      </trkpt>
      <trkpt lat="40.798973031342029571533203125" lon="-73.95841187797486782073974609375">
        <ele>23.799999237060546875</ele>
        <time>2025-09-16T23:11:34.000Z</time>
        <extensions>
          <ns3:TrackPointExtension>
            <ns3:hr>164</ns3:hr>
            <ns3:cad>80</ns3:cad>
          </ns3:TrackPointExtension>
        </extensions>
      </trkpt>
      <trkpt lat="40.79878569580614566802978515625" lon="-73.9584496803581714630126953125">
        <ele>25.3999996185302734375</ele>
        <time>2025-09-16T23:11:45.000Z</time>
        <extensions>
          <ns3:TrackPointExtension>
            <ns3:hr>164</ns3:hr>
            <ns3:cad>81</ns3:cad>
          </ns3:TrackPointExtension>
        </extensions>
      </trkpt>
      <trkpt lat="40.79860464669764041900634765625" lon="-73.95841397345066070556640625">
        <ele>26.200000762939453125</ele>
        <time>2025-09-16T23:11:57.000Z</time>
        <extensions>
          <ns3:TrackPointExtension>
            <ns3:hr>165</ns3:hr>
            <ns3:cad>80</ns3:cad>
          </ns3:TrackPointExtension>
        </extensions>
      </trkpt>
      <trkpt lat="40.79844907857477664947509765625" lon="-73.9582644402980804443359375">
        <ele>27.6000003814697265625</ele>
        <time>2025-09-16T23:12:07.000Z</time>
        <extensions>
          <ns3:TrackPointExtension>
            <ns3:hr>165</ns3:hr>
            <ns3:cad>82</ns3:cad>
          </ns3:TrackPointExtension>
        </extensions>
      </trkpt>
      <trkpt lat="40.798409767448902130126953125" lon="-73.9582226984202861785888671875">
        <ele>28.200000762939453125</ele>
        <time>2025-09-16T23:12:09.000Z</time>
        <extensions>
          <ns3:TrackPointExtension>
            <ns3:hr>165</ns3:hr>
            <ns3:cad>82</ns3:cad>
          </ns3:TrackPointExtension>
        </extensions>
      </trkpt>
      <trkpt lat="40.79829183407127857208251953125" lon="-73.9580188505351543426513671875">
        <ele>30</ele>
        <time>2025-09-16T23:12:19.000Z</time>
        <extensions>
          <ns3:TrackPointExtension>
            <ns3:hr>167</ns3:hr>
            <ns3:cad>80</ns3:cad>
          </ns3:TrackPointExtension>
        </extensions>
      </trkpt>
      <trkpt lat="40.798220001161098480224609375" lon="-73.9577834866940975189208984375">
        <ele>31</ele>
        <time>2025-09-16T23:12:30.000Z</time>
        <extensions>
          <ns3:TrackPointExtension>
            <ns3:hr>167</ns3:hr>
            <ns3:cad>81</ns3:cad>
          </ns3:TrackPointExtension>
        </extensions>
      </trkpt>
      <trkpt lat="40.79809888266026973724365234375" lon="-73.957588188350200653076171875">
        <ele>33</ele>
        <time>2025-09-16T23:12:39.000Z</time>
        <extensions>
          <ns3:TrackPointExtension>
            <ns3:hr>168</ns3:hr>
            <ns3:cad>78</ns3:cad>
          </ns3:TrackPointExtension>
        </extensions>
      </trkpt>
      <trkpt lat="40.79806812107563018798828125" lon="-73.9575327001512050628662109375">
        <ele>33</ele>
        <time>2025-09-16T23:12:42.000Z</time>
        <extensions>
          <ns3:TrackPointExtension>
            <ns3:hr>165</ns3:hr>
            <ns3:cad>80</ns3:cad>
          </ns3:TrackPointExtension>
        </extensions>
      </trkpt>
      <trkpt lat="40.79796611331403255462646484375" lon="-73.9573311991989612579345703125">
        <ele>33</ele>
        <time>2025-09-16T23:12:53.000Z</time>
        <extensions>
          <ns3:TrackPointExtension>
            <ns3:hr>167</ns3:hr>
            <ns3:cad>78</ns3:cad>
          </ns3:TrackPointExtension>
        </extensions>
      </trkpt>
      <trkpt lat="40.79787726514041423797607421875" lon="-73.95710094831883907318115234375">
        <ele>32.200000762939453125</ele>
        <time>2025-09-16T23:13:07.000Z</time>
        <extensions>
          <ns3:TrackPointExtension>
            <ns3:hr>168</ns3:hr>
            <ns3:cad>79</ns3:cad>
          </ns3:TrackPointExtension>
        </extensions>
      </trkpt>
      <trkpt lat="40.79770375974476337432861328125" lon="-73.957004137337207794189453125">
        <ele>31.6000003814697265625</ele>
        <time>2025-09-16T23:13:20.000Z</time>
        <extensions>
          <ns3:TrackPointExtension>
            <ns3:hr>170</ns3:hr>
            <ns3:cad>80</ns3:cad>
          </ns3:TrackPointExtension>
        </extensions>
      </trkpt>
      <trkpt lat="40.79757903702557086944580078125" lon="-73.95699977874755859375">
        <ele>32</ele>
        <time>2025-09-16T23:13:26.000Z</time>
        <extensions>
          <ns3:TrackPointExtension>
            <ns3:hr>167</ns3:hr>
            <ns3:cad>82</ns3:cad>
          </ns3:TrackPointExtension>
        </extensions>
      </trkpt>
      <trkpt lat="40.7973968982696533203125" lon="-73.9570105075836181640625">
        <ele>33.200000762939453125</ele>
        <time>2025-09-16T23:13:35.000Z</time>
        <extensions>
          <ns3:TrackPointExtension>
            <ns3:hr>168</ns3:hr>
            <ns3:cad>81</ns3:cad>
          </ns3:TrackPointExtension>
        </extensions>
      </trkpt>
      <trkpt lat="40.79727963544428348541259765625" lon="-73.95699382759630680084228515625">
        <ele>33</ele>
        <time>2025-09-16T23:13:41.000Z</time>
        <extensions>
          <ns3:TrackPointExtension>
            <ns3:hr>171</ns3:hr>
            <ns3:cad>82</ns3:cad>
          </ns3:TrackPointExtension>
        </extensions>
      </trkpt>
      <trkpt lat="40.7971147634088993072509765625" lon="-73.95694009959697723388671875">
        <ele>33</ele>
        <time>2025-09-16T23:13:50.000Z</time>
        <extensions>
          <ns3:TrackPointExtension>
            <ns3:hr>168</ns3:hr>
            <ns3:cad>84</ns3:cad>
          </ns3:TrackPointExtension>
        </extensions>
      </trkpt>
      <trkpt lat="40.79693614505231380462646484375" lon="-73.95686776377260684967041015625">
        <ele>32</ele>
        <time>2025-09-16T23:13:59.000Z</time>
        <extensions>
          <ns3:TrackPointExtension>
            <ns3:hr>170</ns3:hr>
            <ns3:cad>84</ns3:cad>
          </ns3:TrackPointExtension>
        </extensions>
      </trkpt>
      <trkpt lat="40.79680211842060089111328125" lon="-73.95680137909948825836181640625">
        <ele>31.200000762939453125</ele>
        <time>2025-09-16T23:14:05.000Z</time>
        <extensions>
          <ns3:TrackPointExtension>
            <ns3:hr>167</ns3:hr>
            <ns3:cad>82</ns3:cad>
          </ns3:TrackPointExtension>
        </extensions>
      </trkpt>
      <trkpt lat="40.796616040170192718505859375" lon="-73.95676885731518268585205078125">
        <ele>29.6000003814697265625</ele>
        <time>2025-09-16T23:14:13.000Z</time>
        <extensions>
          <ns3:TrackPointExtension>
            <ns3:hr>166</ns3:hr>
            <ns3:cad>84</ns3:cad>
          </ns3:TrackPointExtension>
        </extensions>
      </trkpt>
      <trkpt lat="40.7964153774082660675048828125" lon="-73.95676114596426486968994140625">
        <ele>28.6000003814697265625</ele>
        <time>2025-09-16T23:14:23.000Z</time>
        <extensions>
          <ns3:TrackPointExtension>
            <ns3:hr>168</ns3:hr>
            <ns3:cad>82</ns3:cad>
          </ns3:TrackPointExtension>
        </extensions>
      </trkpt>
      <trkpt lat="40.7963986136019229888916015625" lon="-73.95676181651651859283447265625">
        <ele>28.3999996185302734375</ele>
        <time>2025-09-16T23:14:24.000Z</time>
        <extensions>
          <ns3:TrackPointExtension>
            <ns3:hr>168</ns3:hr>
            <ns3:cad>82</ns3:cad>
          </ns3:TrackPointExtension>
        </extensions>
      </trkpt>
      <trkpt lat="40.7962122000753879547119140625" lon="-73.9568562805652618408203125">
        <ele>28</ele>
        <time>2025-09-16T23:14:33.000Z</time>
        <extensions>
          <ns3:TrackPointExtension>
            <ns3:hr>169</ns3:hr>
            <ns3:cad>83</ns3:cad>
          </ns3:TrackPointExtension>
        </extensions>
      </trkpt>
      <trkpt lat="40.79617355950176715850830078125" lon="-73.956884779036045074462890625">
        <ele>28</ele>
        <time>2025-09-16T23:14:35.000Z</time>
        <extensions>
          <ns3:TrackPointExtension>
            <ns3:hr>175</ns3:hr>
            <ns3:cad>84</ns3:cad>
          </ns3:TrackPointExtension>
        </extensions>
      </trkpt>
      <trkpt lat="40.79615713097155094146728515625" lon="-73.95689911209046840667724609375">
        <ele>28</ele>
        <time>2025-09-16T23:14:36.000Z</time>
        <extensions>
          <ns3:TrackPointExtension>
            <ns3:hr>174</ns3:hr>
            <ns3:cad>84</ns3:cad>
          </ns3:TrackPointExtension>
        </extensions>
      </trkpt>
      <trkpt lat="40.796082280576229095458984375" lon="-73.95696113817393779754638671875">
        <ele>28</ele>
        <time>2025-09-16T23:14:40.000Z</time>
        <extensions>
          <ns3:TrackPointExtension>
            <ns3:hr>168</ns3:hr>
            <ns3:cad>84</ns3:cad>
          </ns3:TrackPointExtension>
        </extensions>
      </trkpt>
      <trkpt lat="40.79606593586504459381103515625" lon="-73.9569758065044879913330078125">
        <ele>28</ele>
        <time>2025-09-16T23:14:41.000Z</time>
        <extensions>
          <ns3:TrackPointExtension>
            <ns3:hr>163</ns3:hr>
            <ns3:cad>84</ns3:cad>
          </ns3:TrackPointExtension>
        </extensions>
      </trkpt>
      <trkpt lat="40.7960495911538600921630859375" lon="-73.956990055739879608154296875">
        <ele>28</ele>
        <time>2025-09-16T23:14:42.000Z</time>
        <extensions>
          <ns3:TrackPointExtension>
            <ns3:hr>160</ns3:hr>
            <ns3:cad>83</ns3:cad>
          </ns3:TrackPointExtension>
        </extensions>
      </trkpt>
      <trkpt lat="40.79595529474318027496337890625" lon="-73.95711117424070835113525390625">
        <ele>27.6000003814697265625</ele>
        <time>2025-09-16T23:14:49.000Z</time>
        <extensions>
          <ns3:TrackPointExtension>
            <ns3:hr>164</ns3:hr>
            <ns3:cad>82</ns3:cad>
          </ns3:TrackPointExtension>
        </extensions>
      </trkpt>
      <trkpt lat="40.79580006189644336700439453125" lon="-73.9572658203542232513427734375">
        <ele>25.799999237060546875</ele>
        <time>2025-09-16T23:14:58.000Z</time>
        <extensions>
          <ns3:TrackPointExtension>
            <ns3:hr>166</ns3:hr>
            <ns3:cad>83</ns3:cad>
          </ns3:TrackPointExtension>
        </extensions>
      </trkpt>
      <trkpt lat="40.79568791203200817108154296875" lon="-73.95737369544804096221923828125">
        <ele>24.6000003814697265625</ele>
        <time>2025-09-16T23:15:05.000Z</time>
        <extensions>
          <ns3:TrackPointExtension>
            <ns3:hr>162</ns3:hr>
            <ns3:cad>82</ns3:cad>
          </ns3:TrackPointExtension>
        </extensions>
      </trkpt>
      <trkpt lat="40.79566025175154209136962890625" lon="-73.95740621723234653472900390625">
        <ele>24.200000762939453125</ele>
        <time>2025-09-16T23:15:07.000Z</time>
        <extensions>
          <ns3:TrackPointExtension>
            <ns3:hr>158</ns3:hr>
            <ns3:cad>81</ns3:cad>
          </ns3:TrackPointExtension>
        </extensions>
      </trkpt>
      <trkpt lat="40.79564449377357959747314453125" lon="-73.95742499269545078277587890625">
        <ele>24</ele>
        <time>2025-09-16T23:15:08.000Z</time>
        <extensions>
          <ns3:TrackPointExtension>
            <ns3:hr>155</ns3:hr>
            <ns3:cad>81</ns3:cad>
          </ns3:TrackPointExtension>
        </extensions>
      </trkpt>
      <trkpt lat="40.79561800695955753326416015625" lon="-73.95746086724102497100830078125">
        <ele>23.6000003814697265625</ele>
        <time>2025-09-16T23:15:10.000Z</time>
        <extensions>
          <ns3:TrackPointExtension>
            <ns3:hr>151</ns3:hr>
            <ns3:cad>82</ns3:cad>
          </ns3:TrackPointExtension>
        </extensions>
      </trkpt>
      <trkpt lat="40.7955517061054706573486328125" lon="-73.95754166878759860992431640625">
        <ele>23.200000762939453125</ele>
        <time>2025-09-16T23:15:14.000Z</time>
        <extensions>
          <ns3:TrackPointExtension>
            <ns3:hr>154</ns3:hr>
            <ns3:cad>83</ns3:cad>
          </ns3:TrackPointExtension>
        </extensions>
      </trkpt>
      <trkpt lat="40.7955077849328517913818359375" lon="-73.95760931074619293212890625">
        <ele>23.3999996185302734375</ele>
        <time>2025-09-16T23:15:17.000Z</time>
        <extensions>
          <ns3:TrackPointExtension>
            <ns3:hr>157</ns3:hr>
            <ns3:cad>85</ns3:cad>
          </ns3:TrackPointExtension>
        </extensions>
      </trkpt>
      <trkpt lat="40.7954698987305164337158203125" lon="-73.95766488276422023773193359375">
        <ele>23.3999996185302734375</ele>
        <time>2025-09-16T23:15:20.000Z</time>
        <extensions>
          <ns3:TrackPointExtension>
            <ns3:hr>160</ns3:hr>
            <ns3:cad>85</ns3:cad>
          </ns3:TrackPointExtension>
        </extensions>
      </trkpt>
      <trkpt lat="40.79540778882801532745361328125" lon="-73.9578723348677158355712890625">
        <ele>23.6000003814697265625</ele>
        <time>2025-09-16T23:15:27.000Z</time>
        <extensions>
          <ns3:TrackPointExtension>
            <ns3:hr>163</ns3:hr>
            <ns3:cad>83</ns3:cad>
          </ns3:TrackPointExtension>
        </extensions>
      </trkpt>
      <trkpt lat="40.7953770272433757781982421875" lon="-73.95798305980861186981201171875">
        <ele>23.3999996185302734375</ele>
        <time>2025-09-16T23:15:32.000Z</time>
        <extensions>
          <ns3:TrackPointExtension>
            <ns3:hr>160</ns3:hr>
            <ns3:cad>82</ns3:cad>
          </ns3:TrackPointExtension>
        </extensions>
      </trkpt>
      <trkpt lat="40.79536847770214080810546875" lon="-73.958010971546173095703125">
        <ele>23.3999996185302734375</ele>
        <time>2025-09-16T23:15:33.000Z</time>
        <extensions>
          <ns3:TrackPointExtension>
            <ns3:hr>164</ns3:hr>
            <ns3:cad>82</ns3:cad>
          </ns3:TrackPointExtension>
        </extensions>
      </trkpt>
      <trkpt lat="40.795355401933193206787109375" lon="-73.95811029709875583648681640625">
        <ele>23.200000762939453125</ele>
        <time>2025-09-16T23:15:37.000Z</time>
        <extensions>
          <ns3:TrackPointExtension>
            <ns3:hr>170</ns3:hr>
            <ns3:cad>81</ns3:cad>
          </ns3:TrackPointExtension>
        </extensions>
      </trkpt>
      <trkpt lat="40.79535045661032199859619140625" lon="-73.9581526257097721099853515625">
        <ele>23</ele>
        <time>2025-09-16T23:15:39.000Z</time>
        <extensions>
          <ns3:TrackPointExtension>
            <ns3:hr>177</ns3:hr>
            <ns3:cad>80</ns3:cad>
          </ns3:TrackPointExtension>
        </extensions>
      </trkpt>
      <trkpt lat="40.79534928314387798309326171875" lon="-73.95817458629608154296875">
        <ele>23</ele>
        <time>2025-09-16T23:15:40.000Z</time>
        <extensions>
          <ns3:TrackPointExtension>
            <ns3:hr>177</ns3:hr>
            <ns3:cad>80</ns3:cad>
          </ns3:TrackPointExtension>
        </extensions>
      </trkpt>
      <trkpt lat="40.79530871473252773284912109375" lon="-73.958408944308757781982421875">
        <ele>22.3999996185302734375</ele>
        <time>2025-09-16T23:15:50.000Z</time>
        <extensions>
          <ns3:TrackPointExtension>
            <ns3:hr>176</ns3:hr>
            <ns3:cad>80</ns3:cad>
          </ns3:TrackPointExtension>
        </extensions>
      </trkpt>
      <trkpt lat="40.7952828146517276763916015625" lon="-73.95847910083830356597900390625">
        <ele>22.200000762939453125</ele>
        <time>2025-09-16T23:15:53.000Z</time>
        <extensions>
          <ns3:TrackPointExtension>
            <ns3:hr>173</ns3:hr>
            <ns3:cad>80</ns3:cad>
          </ns3:TrackPointExtension>
        </extensions>
      </trkpt>
      <trkpt lat="40.79517695121467113494873046875" lon="-73.95865545608103275299072265625">
        <ele>20.200000762939453125</ele>
        <time>2025-09-16T23:16:01.000Z</time>
        <extensions>
          <ns3:TrackPointExtension>
            <ns3:hr>170</ns3:hr>
            <ns3:cad>79</ns3:cad>
          </ns3:TrackPointExtension>
        </extensions>
      </trkpt>
      <trkpt lat="40.79504753462970256805419921875" lon="-73.95885050296783447265625">
        <ele>18.799999237060546875</ele>
        <time>2025-09-16T23:16:11.000Z</time>
        <extensions>
          <ns3:TrackPointExtension>
            <ns3:hr>171</ns3:hr>
            <ns3:cad>82</ns3:cad>
          </ns3:TrackPointExtension>
        </extensions>
      </trkpt>
      <trkpt lat="40.79489816911518573760986328125" lon="-73.9589767344295978546142578125">
        <ele>18</ele>
        <time>2025-09-16T23:16:20.000Z</time>
        <extensions>
          <ns3:TrackPointExtension>
            <ns3:hr>168</ns3:hr>
            <ns3:cad>83</ns3:cad>
          </ns3:TrackPointExtension>
        </extensions>
      </trkpt>
      <trkpt lat="40.7948328740894794464111328125" lon="-73.9590407721698284149169921875">
        <ele>17.6000003814697265625</ele>
        <time>2025-09-16T23:16:24.000Z</time>
        <extensions>
          <ns3:TrackPointExtension>
            <ns3:hr>165</ns3:hr>
            <ns3:cad>82</ns3:cad>
          </ns3:TrackPointExtension>
        </extensions>
      </trkpt>
      <trkpt lat="40.79474628902971744537353515625" lon="-73.95908192731440067291259765625">
        <ele>17</ele>
        <time>2025-09-16T23:16:29.000Z</time>
        <extensions>
          <ns3:TrackPointExtension>
            <ns3:hr>162</ns3:hr>
            <ns3:cad>81</ns3:cad>
          </ns3:TrackPointExtension>
        </extensions>
      </trkpt>
      <trkpt lat="40.79462743364274501800537109375" lon="-73.95913892425596714019775390625">
        <ele>16.200000762939453125</ele>
        <time>2025-09-16T23:16:35.000Z</time>
        <extensions>
          <ns3:TrackPointExtension>
            <ns3:hr>159</ns3:hr>
            <ns3:cad>81</ns3:cad>
          </ns3:TrackPointExtension>
        </extensions>
      </trkpt>
      <trkpt lat="40.7944540120661258697509765625" lon="-73.95921687595546245574951171875">
        <ele>16.799999237060546875</ele>
        <time>2025-09-16T23:16:44.000Z</time>
        <extensions>
          <ns3:TrackPointExtension>
            <ns3:hr>159</ns3:hr>
            <ns3:cad>81</ns3:cad>
          </ns3:TrackPointExtension>
        </extensions>
      </trkpt>
      <trkpt lat="40.79439123161137104034423828125" lon="-73.959262557327747344970703125">
        <ele>17.200000762939453125</ele>
        <time>2025-09-16T23:16:48.000Z</time>
        <extensions>
          <ns3:TrackPointExtension>
            <ns3:hr>162</ns3:hr>
            <ns3:cad>83</ns3:cad>
          </ns3:TrackPointExtension>
        </extensions>
      </trkpt>
      <trkpt lat="40.79430154524743556976318359375" lon="-73.95934461615979671478271484375">
        <ele>18</ele>
        <time>2025-09-16T23:16:53.000Z</time>
        <extensions>
          <ns3:TrackPointExtension>
            <ns3:hr>165</ns3:hr>
            <ns3:cad>83</ns3:cad>
          </ns3:TrackPointExtension>
        </extensions>
      </trkpt>
      <trkpt lat="40.79416793771088123321533203125" lon="-73.95952315069735050201416015625">
        <ele>19.200000762939453125</ele>
        <time>2025-09-16T23:17:02.000Z</time>
        <extensions>
          <ns3:TrackPointExtension>
            <ns3:hr>165</ns3:hr>
            <ns3:cad>83</ns3:cad>
          </ns3:TrackPointExtension>
        </extensions>
      </trkpt>
      <trkpt lat="40.79409032128751277923583984375" lon="-73.9597585983574390411376953125">
        <ele>19.6000003814697265625</ele>
        <time>2025-09-16T23:17:13.000Z</time>
        <extensions>
          <ns3:TrackPointExtension>
            <ns3:hr>167</ns3:hr>
            <ns3:cad>80</ns3:cad>
          </ns3:TrackPointExtension>
        </extensions>
      </trkpt>
      <trkpt lat="40.794045142829418182373046875" lon="-73.95988692529499530792236328125">
        <ele>20</ele>
        <time>2025-09-16T23:17:19.000Z</time>
        <extensions>
          <ns3:TrackPointExtension>
            <ns3:hr>164</ns3:hr>
            <ns3:cad>79</ns3:cad>
          </ns3:TrackPointExtension>
        </extensions>
      </trkpt>
      <trkpt lat="40.79400382004678249359130859375" lon="-73.9599906094372272491455078125">
        <ele>20.3999996185302734375</ele>
        <time>2025-09-16T23:17:24.000Z</time>
        <extensions>
          <ns3:TrackPointExtension>
            <ns3:hr>164</ns3:hr>
            <ns3:cad>79</ns3:cad>
          </ns3:TrackPointExtension>
        </extensions>
      </trkpt>
      <trkpt lat="40.7939584739506244659423828125" lon="-73.96023293025791645050048828125">
        <ele>20.6000003814697265625</ele>
        <time>2025-09-16T23:17:34.000Z</time>
        <extensions>
          <ns3:TrackPointExtension>
            <ns3:hr>165</ns3:hr>
            <ns3:cad>79</ns3:cad>
          </ns3:TrackPointExtension>
        </extensions>
      </trkpt>
      <trkpt lat="40.7938870601356029510498046875" lon="-73.9604512788355350494384765625">
        <ele>21.200000762939453125</ele>
        <time>2025-09-16T23:17:43.000Z</time>
        <extensions>
          <ns3:TrackPointExtension>
            <ns3:hr>166</ns3:hr>
            <ns3:cad>81</ns3:cad>
          </ns3:TrackPointExtension>
        </extensions>
      </trkpt>
      <trkpt lat="40.793810784816741943359375" lon="-73.96066795103251934051513671875">
        <ele>21.799999237060546875</ele>
        <time>2025-09-16T23:17:52.000Z</time>
        <extensions>
          <ns3:TrackPointExtension>
            <ns3:hr>165</ns3:hr>
            <ns3:cad>83</ns3:cad>
          </ns3:TrackPointExtension>
        </extensions>
      </trkpt>
      <trkpt lat="40.79372352920472621917724609375" lon="-73.9608769118785858154296875">
        <ele>22.3999996185302734375</ele>
        <time>2025-09-16T23:18:01.000Z</time>
        <extensions>
          <ns3:TrackPointExtension>
            <ns3:hr>166</ns3:hr>
            <ns3:cad>81</ns3:cad>
          </ns3:TrackPointExtension>
        </extensions>
      </trkpt>
      <trkpt lat="40.7936527021229267120361328125" lon="-73.961018063127994537353515625">
        <ele>23.200000762939453125</ele>
        <time>2025-09-16T23:18:07.000Z</time>
        <extensions>
          <ns3:TrackPointExtension>
            <ns3:hr>169</ns3:hr>
            <ns3:cad>82</ns3:cad>
          </ns3:TrackPointExtension>
        </extensions>
      </trkpt>
      <trkpt lat="40.79355237074196338653564453125" lon="-73.96117036230862140655517578125">
        <ele>23.799999237060546875</ele>
        <time>2025-09-16T23:18:15.000Z</time>
        <extensions>
          <ns3:TrackPointExtension>
            <ns3:hr>166</ns3:hr>
            <ns3:cad>80</ns3:cad>
          </ns3:TrackPointExtension>
        </extensions>
      </trkpt>
      <trkpt lat="40.79340602271258831024169921875" lon="-73.96135157905519008636474609375">
        <ele>24</ele>
        <time>2025-09-16T23:18:25.000Z</time>
        <extensions>
          <ns3:TrackPointExtension>
            <ns3:hr>164</ns3:hr>
            <ns3:cad>81</ns3:cad>
          </ns3:TrackPointExtension>
        </extensions>
      </trkpt>
      <trkpt lat="40.7932460121810436248779296875" lon="-73.96148669533431529998779296875">
        <ele>24.3999996185302734375</ele>
        <time>2025-09-16T23:18:34.000Z</time>
        <extensions>
          <ns3:TrackPointExtension>
            <ns3:hr>166</ns3:hr>
            <ns3:cad>83</ns3:cad>
          </ns3:TrackPointExtension>
        </extensions>
      </trkpt>
      <trkpt lat="40.79308784566819667816162109375" lon="-73.96161996759474277496337890625">
        <ele>24.3999996185302734375</ele>
        <time>2025-09-16T23:18:45.000Z</time>
        <extensions>
          <ns3:TrackPointExtension>
            <ns3:hr>166</ns3:hr>
            <ns3:cad>83</ns3:cad>
          </ns3:TrackPointExtension>
        </extensions>
      </trkpt>
      <trkpt lat="40.79292473383247852325439453125" lon="-73.96174116991460323333740234375">
        <ele>24.3999996185302734375</ele>
        <time>2025-09-16T23:18:55.000Z</time>
        <extensions>
          <ns3:TrackPointExtension>
            <ns3:hr>165</ns3:hr>
            <ns3:cad>83</ns3:cad>
          </ns3:TrackPointExtension>
        </extensions>
      </trkpt>
      <trkpt lat="40.79276748932898044586181640625" lon="-73.96187980659306049346923828125">
        <ele>25.3999996185302734375</ele>
        <time>2025-09-16T23:19:06.000Z</time>
        <extensions>
          <ns3:TrackPointExtension>
            <ns3:hr>163</ns3:hr>
            <ns3:cad>80</ns3:cad>
          </ns3:TrackPointExtension>
        </extensions>
      </trkpt>
      <trkpt lat="40.7926502265036106109619140625" lon="-73.96195943467319011688232421875">
        <ele>26.200000762939453125</ele>
        <time>2025-09-16T23:19:13.000Z</time>
        <extensions>
          <ns3:TrackPointExtension>
            <ns3:hr>166</ns3:hr>
            <ns3:cad>81</ns3:cad>
          </ns3:TrackPointExtension>
        </extensions>
      </trkpt>
      <trkpt lat="40.79247361980378627777099609375" lon="-73.9620575867593288421630859375">
        <ele>27</ele>
        <time>2025-09-16T23:19:23.000Z</time>
        <extensions>
          <ns3:TrackPointExtension>
            <ns3:hr>166</ns3:hr>
            <ns3:cad>81</ns3:cad>
          </ns3:TrackPointExtension>
        </extensions>
      </trkpt>
      <trkpt lat="40.79238829202950000762939453125" lon="-73.9620901085436344146728515625">
        <ele>27.200000762939453125</ele>
        <time>2025-09-16T23:19:28.000Z</time>
        <extensions>
          <ns3:TrackPointExtension>
            <ns3:hr>163</ns3:hr>
            <ns3:cad>81</ns3:cad>
          </ns3:TrackPointExtension>
        </extensions>
      </trkpt>
      <trkpt lat="40.7922220788896083831787109375" lon="-73.962184488773345947265625">
        <ele>27.200000762939453125</ele>
        <time>2025-09-16T23:19:38.000Z</time>
        <extensions>
          <ns3:TrackPointExtension>
            <ns3:hr>166</ns3:hr>
            <ns3:cad>83</ns3:cad>
          </ns3:TrackPointExtension>
        </extensions>
      </trkpt>
      <trkpt lat="40.79218880273401737213134765625" lon="-73.9621997438371181488037109375">
        <ele>27.200000762939453125</ele>
        <time>2025-09-16T23:19:40.000Z</time>
        <extensions>
          <ns3:TrackPointExtension>
            <ns3:hr>169</ns3:hr>
            <ns3:cad>83</ns3:cad>
          </ns3:TrackPointExtension>
        </extensions>
      </trkpt>
      <trkpt lat="40.79210816882550716400146484375" lon="-73.96223955787718296051025390625">
        <ele>27.3999996185302734375</ele>
        <time>2025-09-16T23:19:45.000Z</time>
        <extensions>
          <ns3:TrackPointExtension>
            <ns3:hr>166</ns3:hr>
            <ns3:cad>82</ns3:cad>
          </ns3:TrackPointExtension>
        </extensions>
      </trkpt>
      <trkpt lat="40.7920299656689167022705078125" lon="-73.96228247322142124176025390625">
        <ele>27.799999237060546875</ele>
        <time>2025-09-16T23:19:50.000Z</time>
        <extensions>
          <ns3:TrackPointExtension>
            <ns3:hr>172</ns3:hr>
            <ns3:cad>80</ns3:cad>
          </ns3:TrackPointExtension>
        </extensions>
      </trkpt>
      <trkpt lat="40.79201395623385906219482421875" lon="-73.9622890949249267578125">
        <ele>28</ele>
        <time>2025-09-16T23:19:51.000Z</time>
        <extensions>
          <ns3:TrackPointExtension>
            <ns3:hr>178</ns3:hr>
            <ns3:cad>80</ns3:cad>
          </ns3:TrackPointExtension>
        </extensions>
      </trkpt>
      <trkpt lat="40.79199752770364284515380859375" lon="-73.962294124066829681396484375">
        <ele>28.200000762939453125</ele>
        <time>2025-09-16T23:19:52.000Z</time>
        <extensions>
          <ns3:TrackPointExtension>
            <ns3:hr>184</ns3:hr>
            <ns3:cad>80</ns3:cad>
          </ns3:TrackPointExtension>
        </extensions>
      </trkpt>
      <trkpt lat="40.79198026098310947418212890625" lon="-73.96230258978903293609619140625">
        <ele>28.200000762939453125</ele>
        <time>2025-09-16T23:19:53.000Z</time>
        <extensions>
          <ns3:TrackPointExtension>
            <ns3:hr>187</ns3:hr>
            <ns3:cad>80</ns3:cad>
          </ns3:TrackPointExtension>
        </extensions>
      </trkpt>
      <trkpt lat="40.79196265898644924163818359375" lon="-73.962312228977680206298828125">
        <ele>28.3999996185302734375</ele>
        <time>2025-09-16T23:19:54.000Z</time>
        <extensions>
          <ns3:TrackPointExtension>
            <ns3:hr>184</ns3:hr>
            <ns3:cad>80</ns3:cad>
          </ns3:TrackPointExtension>
        </extensions>
      </trkpt>
      <trkpt lat="40.79184430651366710662841796875" lon="-73.96235640160739421844482421875">
        <ele>29.3999996185302734375</ele>
        <time>2025-09-16T23:20:00.000Z</time>
        <extensions>
          <ns3:TrackPointExtension>
            <ns3:hr>181</ns3:hr>
            <ns3:cad>82</ns3:cad>
          </ns3:TrackPointExtension>
        </extensions>
      </trkpt>
      <trkpt lat="40.7918046601116657257080078125" lon="-73.96237827837467193603515625">
        <ele>29.6000003814697265625</ele>
        <time>2025-09-16T23:20:02.000Z</time>
        <extensions>
          <ns3:TrackPointExtension>
            <ns3:hr>177</ns3:hr>
            <ns3:cad>82</ns3:cad>
          </ns3:TrackPointExtension>
        </extensions>
      </trkpt>
      <trkpt lat="40.7917848788201808929443359375" lon="-73.9623864926397800445556640625">
        <ele>29.6000003814697265625</ele>
        <time>2025-09-16T23:20:03.000Z</time>
        <extensions>
          <ns3:TrackPointExtension>
            <ns3:hr>174</ns3:hr>
            <ns3:cad>82</ns3:cad>
          </ns3:TrackPointExtension>
        </extensions>
      </trkpt>
      <trkpt lat="40.79174816608428955078125" lon="-73.96240384317934513092041015625">
        <ele>29.799999237060546875</ele>
        <time>2025-09-16T23:20:05.000Z</time>
        <extensions>
          <ns3:TrackPointExtension>
            <ns3:hr>170</ns3:hr>
            <ns3:cad>84</ns3:cad>
          </ns3:TrackPointExtension>
        </extensions>
      </trkpt>
      <trkpt lat="40.79172880388796329498291015625" lon="-73.96241188980638980865478515625">
        <ele>29.799999237060546875</ele>
        <time>2025-09-16T23:20:06.000Z</time>
        <extensions>
          <ns3:TrackPointExtension>
            <ns3:hr>167</ns3:hr>
            <ns3:cad>84</ns3:cad>
          </ns3:TrackPointExtension>
        </extensions>
      </trkpt>
      <trkpt lat="40.791690833866596221923828125" lon="-73.9624371193349361419677734375">
        <ele>29.799999237060546875</ele>
        <time>2025-09-16T23:20:08.000Z</time>
        <extensions>
          <ns3:TrackPointExtension>
            <ns3:hr>162</ns3:hr>
            <ns3:cad>82</ns3:cad>
          </ns3:TrackPointExtension>
        </extensions>
      </trkpt>
      <trkpt lat="40.79166971147060394287109375" lon="-73.96244726143777370452880859375">
        <ele>29.799999237060546875</ele>
        <time>2025-09-16T23:20:09.000Z</time>
        <extensions>
          <ns3:TrackPointExtension>
            <ns3:hr>158</ns3:hr>
            <ns3:cad>82</ns3:cad>
          </ns3:TrackPointExtension>
        </extensions>
      </trkpt>
      <trkpt lat="40.7916497625410556793212890625" lon="-73.96245815791189670562744140625">
        <ele>30</ele>
        <time>2025-09-16T23:20:10.000Z</time>
        <extensions>
          <ns3:TrackPointExtension>
            <ns3:hr>153</ns3:hr>
            <ns3:cad>82</ns3:cad>
          </ns3:TrackPointExtension>
        </extensions>
      </trkpt>
      <trkpt lat="40.79163014888763427734375" lon="-73.96247006021440029144287109375">
        <ele>30</ele>
        <time>2025-09-16T23:20:11.000Z</time>
        <extensions>
          <ns3:TrackPointExtension>
            <ns3:hr>148</ns3:hr>
            <ns3:cad>83</ns3:cad>
          </ns3:TrackPointExtension>
        </extensions>
      </trkpt>
      <trkpt lat="40.791610367596149444580078125" lon="-73.96248129196465015411376953125">
        <ele>30</ele>
        <time>2025-09-16T23:20:12.000Z</time>
        <extensions>
          <ns3:TrackPointExtension>
            <ns3:hr>144</ns3:hr>
            <ns3:cad>83</ns3:cad>
          </ns3:TrackPointExtension>
        </extensions>
      </trkpt>
      <trkpt lat="40.7915917597711086273193359375" lon="-73.9624964632093906402587890625">
        <ele>30</ele>
        <time>2025-09-16T23:20:13.000Z</time>
        <extensions>
          <ns3:TrackPointExtension>
            <ns3:hr>139</ns3:hr>
            <ns3:cad>83</ns3:cad>
          </ns3:TrackPointExtension>
        </extensions>
      </trkpt>
      <trkpt lat="40.791573487222194671630859375" lon="-73.96251096390187740325927734375">
        <ele>30</ele>
        <time>2025-09-16T23:20:14.000Z</time>
        <extensions>
          <ns3:TrackPointExtension>
            <ns3:hr>134</ns3:hr>
            <ns3:cad>83</ns3:cad>
          </ns3:TrackPointExtension>
        </extensions>
      </trkpt>
      <trkpt lat="40.791407860815525054931640625" lon="-73.96264784038066864013671875">
        <ele>30</ele>
        <time>2025-09-16T23:20:23.000Z</time>
        <extensions>
          <ns3:TrackPointExtension>
            <ns3:hr>135</ns3:hr>
            <ns3:cad>82</ns3:cad>
          </ns3:TrackPointExtension>
        </extensions>
      </trkpt>
      <trkpt lat="40.79135664738714694976806640625" lon="-73.9627036638557910919189453125">
        <ele>30</ele>
        <time>2025-09-16T23:20:26.000Z</time>
        <extensions>
          <ns3:TrackPointExtension>
            <ns3:hr>138</ns3:hr>
            <ns3:cad>81</ns3:cad>
          </ns3:TrackPointExtension>
        </extensions>
      </trkpt>
      <trkpt lat="40.79126645810902118682861328125" lon="-73.9628159813582897186279296875">
        <ele>30</ele>
        <time>2025-09-16T23:20:32.000Z</time>
        <extensions>
          <ns3:TrackPointExtension>
            <ns3:hr>141</ns3:hr>
            <ns3:cad>83</ns3:cad>
          </ns3:TrackPointExtension>
        </extensions>
      </trkpt>
      <trkpt lat="40.79118934459984302520751953125" lon="-73.96291069686412811279296875">
        <ele>30</ele>
        <time>2025-09-16T23:20:37.000Z</time>
        <extensions>
          <ns3:TrackPointExtension>
            <ns3:hr>145</ns3:hr>
            <ns3:cad>84</ns3:cad>
          </ns3:TrackPointExtension>
        </extensions>
      </trkpt>
      <trkpt lat="40.79113502986729145050048828125" lon="-73.96299074403941631317138671875">
        <ele>30</ele>
        <time>2025-09-16T23:20:41.000Z</time>
        <extensions>
          <ns3:TrackPointExtension>
            <ns3:hr>148</ns3:hr>
            <ns3:cad>83</ns3:cad>
          </ns3:TrackPointExtension>
        </extensions>
      </trkpt>
      <trkpt lat="40.79110066406428813934326171875" lon="-73.96304941736161708831787109375">
        <ele>30</ele>
        <time>2025-09-16T23:20:44.000Z</time>
        <extensions>
          <ns3:TrackPointExtension>
            <ns3:hr>152</ns3:hr>
            <ns3:cad>82</ns3:cad>
          </ns3:TrackPointExtension>
        </extensions>
      </trkpt>
      <trkpt lat="40.79098985530436038970947265625" lon="-73.9632555283606052398681640625">
        <ele>30</ele>
        <time>2025-09-16T23:20:52.000Z</time>
        <extensions>
          <ns3:TrackPointExtension>
            <ns3:hr>156</ns3:hr>
            <ns3:cad>83</ns3:cad>
          </ns3:TrackPointExtension>
        </extensions>
      </trkpt>
      <trkpt lat="40.790933109819889068603515625" lon="-73.9633738808333873748779296875">
        <ele>30</ele>
        <time>2025-09-16T23:20:57.000Z</time>
        <extensions>
          <ns3:TrackPointExtension>
            <ns3:hr>159</ns3:hr>
            <ns3:cad>83</ns3:cad>
          </ns3:TrackPointExtension>
        </extensions>
      </trkpt>
      <trkpt lat="40.79089832492172718048095703125" lon="-73.96343984641134738922119140625">
        <ele>30</ele>
        <time>2025-09-16T23:21:00.000Z</time>
        <extensions>
          <ns3:TrackPointExtension>
            <ns3:hr>162</ns3:hr>
            <ns3:cad>83</ns3:cad>
          </ns3:TrackPointExtension>
        </extensions>
      </trkpt>
      <trkpt lat="40.79088742844760417938232421875" lon="-73.963478319346904754638671875">
        <ele>30</ele>
        <time>2025-09-16T23:21:02.000Z</time>
        <extensions>
          <ns3:TrackPointExtension>
            <ns3:hr>165</ns3:hr>
            <ns3:cad>83</ns3:cad>
          </ns3:TrackPointExtension>
        </extensions>
      </trkpt>
      <trkpt lat="40.79086194746196269989013671875" lon="-73.96354411728680133819580078125">
        <ele>30</ele>
        <time>2025-09-16T23:21:05.000Z</time>
        <extensions>
          <ns3:TrackPointExtension>
            <ns3:hr>168</ns3:hr>
            <ns3:cad>84</ns3:cad>
          </ns3:TrackPointExtension>
        </extensions>
      </trkpt>
      <trkpt lat="40.7907203771173954010009765625" lon="-73.96373203955590724945068359375">
        <ele>30</ele>
        <time>2025-09-16T23:21:14.000Z</time>
        <extensions>
          <ns3:TrackPointExtension>
            <ns3:hr>168</ns3:hr>
            <ns3:cad>84</ns3:cad>
          </ns3:TrackPointExtension>
        </extensions>
      </trkpt>
      <trkpt lat="40.79059422947466373443603515625" lon="-73.96391258575022220611572265625">
        <ele>30</ele>
        <time>2025-09-16T23:21:24.000Z</time>
        <extensions>
          <ns3:TrackPointExtension>
            <ns3:hr>166</ns3:hr>
            <ns3:cad>83</ns3:cad>
          </ns3:TrackPointExtension>
        </extensions>
      </trkpt>
      <trkpt lat="40.7904875278472900390625" lon="-73.9639743603765964508056640625">
        <ele>30</ele>
        <time>2025-09-16T23:21:30.000Z</time>
        <extensions>
          <ns3:TrackPointExtension>
            <ns3:hr>163</ns3:hr>
            <ns3:cad>82</ns3:cad>
          </ns3:TrackPointExtension>
        </extensions>
      </trkpt>
      <trkpt lat="40.790417455136775970458984375" lon="-73.96400964818894863128662109375">
        <ele>30</ele>
        <time>2025-09-16T23:21:33.000Z</time>
        <extensions>
          <ns3:TrackPointExtension>
            <ns3:hr>159</ns3:hr>
            <ns3:cad>83</ns3:cad>
          </ns3:TrackPointExtension>
        </extensions>
      </trkpt>
      <trkpt lat="40.79032919369637966156005859375" lon="-73.9640461094677448272705078125">
        <ele>30.3999996185302734375</ele>
        <time>2025-09-16T23:21:37.000Z</time>
        <extensions>
          <ns3:TrackPointExtension>
            <ns3:hr>154</ns3:hr>
            <ns3:cad>85</ns3:cad>
          </ns3:TrackPointExtension>
        </extensions>
      </trkpt>
      <trkpt lat="40.79015082679688930511474609375" lon="-73.96412062458693981170654296875">
        <ele>31</ele>
        <time>2025-09-16T23:21:47.000Z</time>
        <extensions>
          <ns3:TrackPointExtension>
            <ns3:hr>156</ns3:hr>
            <ns3:cad>82</ns3:cad>
          </ns3:TrackPointExtension>
        </extensions>
      </trkpt>
      <trkpt lat="40.789961479604244232177734375" lon="-73.96411710418760776519775390625">
        <ele>30.799999237060546875</ele>
        <time>2025-09-16T23:21:57.000Z</time>
        <extensions>
          <ns3:TrackPointExtension>
            <ns3:hr>158</ns3:hr>
            <ns3:cad>83</ns3:cad>
          </ns3:TrackPointExtension>
        </extensions>
      </trkpt>
      <trkpt lat="40.789787136018276214599609375" lon="-73.9640970714390277862548828125">
        <ele>30.799999237060546875</ele>
        <time>2025-09-16T23:22:06.000Z</time>
        <extensions>
          <ns3:TrackPointExtension>
            <ns3:hr>155</ns3:hr>
            <ns3:cad>82</ns3:cad>
          </ns3:TrackPointExtension>
        </extensions>
      </trkpt>
      <trkpt lat="40.78959628008306026458740234375" lon="-73.96410838700830936431884765625">
        <ele>30.799999237060546875</ele>
        <time>2025-09-16T23:22:16.000Z</time>
        <extensions>
          <ns3:TrackPointExtension>
            <ns3:hr>156</ns3:hr>
            <ns3:cad>83</ns3:cad>
          </ns3:TrackPointExtension>
        </extensions>
      </trkpt>
      <trkpt lat="40.789559818804264068603515625" lon="-73.9641047827899456024169921875">
        <ele>31</ele>
        <time>2025-09-16T23:22:18.000Z</time>
        <extensions>
          <ns3:TrackPointExtension>
            <ns3:hr>159</ns3:hr>
            <ns3:cad>83</ns3:cad>
          </ns3:TrackPointExtension>
        </extensions>
      </trkpt>
      <trkpt lat="40.78951832838356494903564453125" lon="-73.96409765817224979400634765625">
        <ele>31.200000762939453125</ele>
        <time>2025-09-16T23:22:20.000Z</time>
        <extensions>
          <ns3:TrackPointExtension>
            <ns3:hr>162</ns3:hr>
            <ns3:cad>82</ns3:cad>
          </ns3:TrackPointExtension>
        </extensions>
      </trkpt>
      <trkpt lat="40.78938203863799571990966796875" lon="-73.964101262390613555908203125">
        <ele>31.6000003814697265625</ele>
        <time>2025-09-16T23:22:26.000Z</time>
        <extensions>
          <ns3:TrackPointExtension>
            <ns3:hr>165</ns3:hr>
            <ns3:cad>84</ns3:cad>
          </ns3:TrackPointExtension>
        </extensions>
      </trkpt>
      <trkpt lat="40.7892045937478542327880859375" lon="-73.964156247675418853759765625">
        <ele>32.40000152587890625</ele>
        <time>2025-09-16T23:22:35.000Z</time>
        <extensions>
          <ns3:TrackPointExtension>
            <ns3:hr>166</ns3:hr>
            <ns3:cad>84</ns3:cad>
          </ns3:TrackPointExtension>
        </extensions>
      </trkpt>
      <trkpt lat="40.7890352793037891387939453125" lon="-73.964288346469402313232421875">
        <ele>33</ele>
        <time>2025-09-16T23:22:45.000Z</time>
        <extensions>
          <ns3:TrackPointExtension>
            <ns3:hr>165</ns3:hr>
            <ns3:cad>85</ns3:cad>
          </ns3:TrackPointExtension>
        </extensions>
      </trkpt>
      <trkpt lat="40.78890443779528141021728515625" lon="-73.96444735117256641387939453125">
        <ele>33.40000152587890625</ele>
        <time>2025-09-16T23:22:54.000Z</time>
        <extensions>
          <ns3:TrackPointExtension>
            <ns3:hr>161</ns3:hr>
            <ns3:cad>83</ns3:cad>
          </ns3:TrackPointExtension>
        </extensions>
      </trkpt>
      <trkpt lat="40.78888784162700176239013671875" lon="-73.964464031159877777099609375">
        <ele>33.40000152587890625</ele>
        <time>2025-09-16T23:22:55.000Z</time>
        <extensions>
          <ns3:TrackPointExtension>
            <ns3:hr>157</ns3:hr>
            <ns3:cad>84</ns3:cad>
          </ns3:TrackPointExtension>
        </extensions>
      </trkpt>
      <trkpt lat="40.78886202536523342132568359375" lon="-73.96450133062899112701416015625">
        <ele>33.40000152587890625</ele>
        <time>2025-09-16T23:22:57.000Z</time>
        <extensions>
          <ns3:TrackPointExtension>
            <ns3:hr>154</ns3:hr>
            <ns3:cad>84</ns3:cad>
          </ns3:TrackPointExtension>
        </extensions>
      </trkpt>
      <trkpt lat="40.7887456007301807403564453125" lon="-73.96470853127539157867431640625">
        <ele>33.200000762939453125</ele>
        <time>2025-09-16T23:23:07.000Z</time>
        <extensions>
          <ns3:TrackPointExtension>
            <ns3:hr>153</ns3:hr>
            <ns3:cad>82</ns3:cad>
          </ns3:TrackPointExtension>
        </extensions>
      </trkpt>
      <trkpt lat="40.78868298791348934173583984375" lon="-73.96493978798389434814453125">
        <ele>34.200000762939453125</ele>
        <time>2025-09-16T23:23:16.000Z</time>
        <extensions>
          <ns3:TrackPointExtension>
            <ns3:hr>156</ns3:hr>
            <ns3:cad>82</ns3:cad>
          </ns3:TrackPointExtension>
        </extensions>
      </trkpt>
      <trkpt lat="40.7886513881385326385498046875" lon="-73.965044729411602020263671875">
        <ele>34.59999847412109375</ele>
        <time>2025-09-16T23:23:20.000Z</time>
        <extensions>
          <ns3:TrackPointExtension>
            <ns3:hr>159</ns3:hr>
            <ns3:cad>83</ns3:cad>
          </ns3:TrackPointExtension>
        </extensions>
      </trkpt>
      <trkpt lat="40.78858056105673313140869140625" lon="-73.9652826078236103057861328125">
        <ele>36</ele>
        <time>2025-09-16T23:23:29.000Z</time>
        <extensions>
          <ns3:TrackPointExtension>
            <ns3:hr>157</ns3:hr>
            <ns3:cad>82</ns3:cad>
          </ns3:TrackPointExtension>
        </extensions>
      </trkpt>
      <trkpt lat="40.788506381213665008544921875" lon="-73.96551252342760562896728515625">
        <ele>36</ele>
        <time>2025-09-16T23:23:39.000Z</time>
        <extensions>
          <ns3:TrackPointExtension>
            <ns3:hr>157</ns3:hr>
            <ns3:cad>83</ns3:cad>
          </ns3:TrackPointExtension>
        </extensions>
      </trkpt>
      <trkpt lat="40.7884257473051548004150390625" lon="-73.96574201993644237518310546875">
        <ele>36.200000762939453125</ele>
        <time>2025-09-16T23:23:49.000Z</time>
        <extensions>
          <ns3:TrackPointExtension>
            <ns3:hr>159</ns3:hr>
            <ns3:cad>83</ns3:cad>
          </ns3:TrackPointExtension>
        </extensions>
      </trkpt>
      <trkpt lat="40.78832424245774745941162109375" lon="-73.9659585244953632354736328125">
        <ele>36.59999847412109375</ele>
        <time>2025-09-16T23:23:58.000Z</time>
        <extensions>
          <ns3:TrackPointExtension>
            <ns3:hr>161</ns3:hr>
            <ns3:cad>84</ns3:cad>
          </ns3:TrackPointExtension>
        </extensions>
      </trkpt>
      <trkpt lat="40.78820019029080867767333984375" lon="-73.9661462791264057159423828125">
        <ele>36.799999237060546875</ele>
        <time>2025-09-16T23:24:07.000Z</time>
        <extensions>
          <ns3:TrackPointExtension>
            <ns3:hr>161</ns3:hr>
            <ns3:cad>82</ns3:cad>
          </ns3:TrackPointExtension>
        </extensions>
      </trkpt>
      <trkpt lat="40.7880777306854724884033203125" lon="-73.96634350530803203582763671875">
        <ele>36</ele>
        <time>2025-09-16T23:24:17.000Z</time>
        <extensions>
          <ns3:TrackPointExtension>
            <ns3:hr>161</ns3:hr>
            <ns3:cad>82</ns3:cad>
          </ns3:TrackPointExtension>
        </extensions>
      </trkpt>
      <trkpt lat="40.7879476435482501983642578125" lon="-73.9665090478956699371337890625">
        <ele>36</ele>
        <time>2025-09-16T23:24:26.000Z</time>
        <extensions>
          <ns3:TrackPointExtension>
            <ns3:hr>159</ns3:hr>
            <ns3:cad>81</ns3:cad>
          </ns3:TrackPointExtension>
        </extensions>
      </trkpt>
      <trkpt lat="40.7877947576344013214111328125" lon="-73.9666411466896533966064453125">
        <ele>36</ele>
        <time>2025-09-16T23:24:34.000Z</time>
        <extensions>
          <ns3:TrackPointExtension>
            <ns3:hr>158</ns3:hr>
            <ns3:cad>82</ns3:cad>
          </ns3:TrackPointExtension>
        </extensions>
      </trkpt>
      <trkpt lat="40.7877106033265590667724609375" lon="-73.96669168956577777862548828125">
        <ele>36</ele>
        <time>2025-09-16T23:24:38.000Z</time>
        <extensions>
          <ns3:TrackPointExtension>
            <ns3:hr>162</ns3:hr>
            <ns3:cad>84</ns3:cad>
          </ns3:TrackPointExtension>
        </extensions>
      </trkpt>
      <trkpt lat="40.787695683538913726806640625" lon="-73.96671012975275516510009765625">
        <ele>36</ele>
        <time>2025-09-16T23:24:39.000Z</time>
        <extensions>
          <ns3:TrackPointExtension>
            <ns3:hr>168</ns3:hr>
            <ns3:cad>84</ns3:cad>
          </ns3:TrackPointExtension>
        </extensions>
      </trkpt>
      <trkpt lat="40.787679590284824371337890625" lon="-73.9667283184826374053955078125">
        <ele>36</ele>
        <time>2025-09-16T23:24:40.000Z</time>
        <extensions>
          <ns3:TrackPointExtension>
            <ns3:hr>171</ns3:hr>
            <ns3:cad>84</ns3:cad>
          </ns3:TrackPointExtension>
        </extensions>
      </trkpt>
      <trkpt lat="40.787660144269466400146484375" lon="-73.9667482674121856689453125">
        <ele>36</ele>
        <time>2025-09-16T23:24:41.000Z</time>
        <extensions>
          <ns3:TrackPointExtension>
            <ns3:hr>171</ns3:hr>
            <ns3:cad>83</ns3:cad>
          </ns3:TrackPointExtension>
        </extensions>
      </trkpt>
      <trkpt lat="40.787540115416049957275390625" lon="-73.96691414527595043182373046875">
        <ele>36</ele>
        <time>2025-09-16T23:24:48.000Z</time>
        <extensions>
          <ns3:TrackPointExtension>
            <ns3:hr>167</ns3:hr>
            <ns3:cad>80</ns3:cad>
          </ns3:TrackPointExtension>
        </extensions>
      </trkpt>
      <trkpt lat="40.78739686869084835052490234375" lon="-73.96708329208195209503173828125">
        <ele>36</ele>
        <time>2025-09-16T23:24:57.000Z</time>
        <extensions>
          <ns3:TrackPointExtension>
            <ns3:hr>165</ns3:hr>
            <ns3:cad>80</ns3:cad>
          </ns3:TrackPointExtension>
        </extensions>
      </trkpt>
      <trkpt lat="40.78722395002841949462890625" lon="-73.9672154746949672698974609375">
        <ele>36</ele>
        <time>2025-09-16T23:25:06.000Z</time>
        <extensions>
          <ns3:TrackPointExtension>
            <ns3:hr>165</ns3:hr>
            <ns3:cad>82</ns3:cad>
          </ns3:TrackPointExtension>
        </extensions>
      </trkpt>
      <trkpt lat="40.78704348765313625335693359375" lon="-73.96732016466557979583740234375">
        <ele>36</ele>
        <time>2025-09-16T23:25:14.000Z</time>
        <extensions>
          <ns3:TrackPointExtension>
            <ns3:hr>165</ns3:hr>
            <ns3:cad>81</ns3:cad>
          </ns3:TrackPointExtension>
        </extensions>
      </trkpt>
      <trkpt lat="40.7868704013526439666748046875" lon="-73.96740498952567577362060546875">
        <ele>36</ele>
        <time>2025-09-16T23:25:22.000Z</time>
        <extensions>
          <ns3:TrackPointExtension>
            <ns3:hr>166</ns3:hr>
            <ns3:cad>84</ns3:cad>
          </ns3:TrackPointExtension>
        </extensions>
      </trkpt>
      <trkpt lat="40.78669329173862934112548828125" lon="-73.967453353106975555419921875">
        <ele>36</ele>
        <time>2025-09-16T23:25:30.000Z</time>
        <extensions>
          <ns3:TrackPointExtension>
            <ns3:hr>164</ns3:hr>
            <ns3:cad>84</ns3:cad>
          </ns3:TrackPointExtension>
        </extensions>
      </trkpt>
      <trkpt lat="40.786510817706584930419921875" lon="-73.96748512051999568939208984375">
        <ele>36</ele>
        <time>2025-09-16T23:25:39.000Z</time>
        <extensions>
          <ns3:TrackPointExtension>
            <ns3:hr>162</ns3:hr>
            <ns3:cad>82</ns3:cad>
          </ns3:TrackPointExtension>
        </extensions>
      </trkpt>
      <trkpt lat="40.7863287627696990966796875" lon="-73.96749869920313358306884765625">
        <ele>36</ele>
        <time>2025-09-16T23:25:48.000Z</time>
        <extensions>
          <ns3:TrackPointExtension>
            <ns3:hr>162</ns3:hr>
            <ns3:cad>83</ns3:cad>
          </ns3:TrackPointExtension>
        </extensions>
      </trkpt>
      <trkpt lat="40.78628894872963428497314453125" lon="-73.9674966037273406982421875">
        <ele>36</ele>
        <time>2025-09-16T23:25:50.000Z</time>
        <extensions>
          <ns3:TrackPointExtension>
            <ns3:hr>159</ns3:hr>
            <ns3:cad>82</ns3:cad>
          </ns3:TrackPointExtension>
        </extensions>
      </trkpt>
      <trkpt lat="40.78620135784149169921875" lon="-73.96748361177742481231689453125">
        <ele>36</ele>
        <time>2025-09-16T23:25:54.000Z</time>
        <extensions>
          <ns3:TrackPointExtension>
            <ns3:hr>156</ns3:hr>
            <ns3:cad>82</ns3:cad>
          </ns3:TrackPointExtension>
        </extensions>
      </trkpt>
      <trkpt lat="40.7860177941620349884033203125" lon="-73.96741873584687709808349609375">
        <ele>36</ele>
        <time>2025-09-16T23:26:03.000Z</time>
        <extensions>
          <ns3:TrackPointExtension>
            <ns3:hr>160</ns3:hr>
            <ns3:cad>83</ns3:cad>
          </ns3:TrackPointExtension>
        </extensions>
      </trkpt>
      <trkpt lat="40.7858970947563648223876953125" lon="-73.96737431176006793975830078125">
        <ele>36</ele>
        <time>2025-09-16T23:26:09.000Z</time>
        <extensions>
          <ns3:TrackPointExtension>
            <ns3:hr>163</ns3:hr>
            <ns3:cad>85</ns3:cad>
          </ns3:TrackPointExtension>
        </extensions>
      </trkpt>
      <trkpt lat="40.7858796603977680206298828125" lon="-73.9673650078475475311279296875">
        <ele>36</ele>
        <time>2025-09-16T23:26:10.000Z</time>
        <extensions>
          <ns3:TrackPointExtension>
            <ns3:hr>167</ns3:hr>
            <ns3:cad>85</ns3:cad>
          </ns3:TrackPointExtension>
        </extensions>
      </trkpt>
      <trkpt lat="40.785861052572727203369140625" lon="-73.96735570393502712249755859375">
        <ele>36</ele>
        <time>2025-09-16T23:26:11.000Z</time>
        <extensions>
          <ns3:TrackPointExtension>
            <ns3:hr>167</ns3:hr>
            <ns3:cad>85</ns3:cad>
          </ns3:TrackPointExtension>
        </extensions>
      </trkpt>
      <trkpt lat="40.78568930737674236297607421875" lon="-73.9673153869807720184326171875">
        <ele>36</ele>
        <time>2025-09-16T23:26:20.000Z</time>
        <extensions>
          <ns3:TrackPointExtension>
            <ns3:hr>163</ns3:hr>
            <ns3:cad>79</ns3:cad>
          </ns3:TrackPointExtension>
        </extensions>
      </trkpt>
      <trkpt lat="40.7855329848825931549072265625" lon="-73.96725612692534923553466796875">
        <ele>36</ele>
        <time>2025-09-16T23:26:28.000Z</time>
        <extensions>
          <ns3:TrackPointExtension>
            <ns3:hr>160</ns3:hr>
            <ns3:cad>81</ns3:cad>
          </ns3:TrackPointExtension>
        </extensions>
      </trkpt>
      <trkpt lat="40.7853479124605655670166015625" lon="-73.96716895513236522674560546875">
        <ele>36</ele>
        <time>2025-09-16T23:26:38.000Z</time>
        <extensions>
          <ns3:TrackPointExtension>
            <ns3:hr>159</ns3:hr>
            <ns3:cad>80</ns3:cad>
          </ns3:TrackPointExtension>
        </extensions>
      </trkpt>
      <trkpt lat="40.7851584814488887786865234375" lon="-73.96710257045924663543701171875">
        <ele>36</ele>
        <time>2025-09-16T23:26:49.000Z</time>
        <extensions>
          <ns3:TrackPointExtension>
            <ns3:hr>157</ns3:hr>
            <ns3:cad>79</ns3:cad>
          </ns3:TrackPointExtension>
        </extensions>
      </trkpt>
      <trkpt lat="40.785094611346721649169921875" lon="-73.9670870639383792877197265625">
        <ele>36.200000762939453125</ele>
        <time>2025-09-16T23:26:52.000Z</time>
        <extensions>
          <ns3:TrackPointExtension>
            <ns3:hr>160</ns3:hr>
            <ns3:cad>80</ns3:cad>
          </ns3:TrackPointExtension>
        </extensions>
      </trkpt>
      <trkpt lat="40.78497651033103466033935546875" lon="-73.96706937812268733978271484375">
        <ele>36.59999847412109375</ele>
        <time>2025-09-16T23:26:57.000Z</time>
        <extensions>
          <ns3:TrackPointExtension>
            <ns3:hr>164</ns3:hr>
            <ns3:cad>81</ns3:cad>
          </ns3:TrackPointExtension>
        </extensions>
      </trkpt>
      <trkpt lat="40.78478515148162841796875" lon="-73.9670424722135066986083984375">
        <ele>36.40000152587890625</ele>
        <time>2025-09-16T23:27:05.000Z</time>
        <extensions>
          <ns3:TrackPointExtension>
            <ns3:hr>162</ns3:hr>
            <ns3:cad>81</ns3:cad>
          </ns3:TrackPointExtension>
        </extensions>
      </trkpt>
      <trkpt lat="40.78469638712704181671142578125" lon="-73.9670521952211856842041015625">
        <ele>36.40000152587890625</ele>
        <time>2025-09-16T23:27:09.000Z</time>
        <extensions>
          <ns3:TrackPointExtension>
            <ns3:hr>158</ns3:hr>
            <ns3:cad>77</ns3:cad>
          </ns3:TrackPointExtension>
        </extensions>
      </trkpt>
      <trkpt lat="40.78467509709298610687255859375" lon="-73.9670605771243572235107421875">
        <ele>36.40000152587890625</ele>
        <time>2025-09-16T23:27:10.000Z</time>
        <extensions>
          <ns3:TrackPointExtension>
            <ns3:hr>155</ns3:hr>
            <ns3:cad>78</ns3:cad>
          </ns3:TrackPointExtension>
        </extensions>
      </trkpt>
      <trkpt lat="40.7845580019056797027587890625" lon="-73.96710005588829517364501953125">
        <ele>36.200000762939453125</ele>
        <time>2025-09-16T23:27:16.000Z</time>
        <extensions>
          <ns3:TrackPointExtension>
            <ns3:hr>158</ns3:hr>
            <ns3:cad>79</ns3:cad>
          </ns3:TrackPointExtension>
        </extensions>
      </trkpt>
      <trkpt lat="40.78441157005727291107177734375" lon="-73.967183791100978851318359375">
        <ele>34.799999237060546875</ele>
        <time>2025-09-16T23:27:23.000Z</time>
        <extensions>
          <ns3:TrackPointExtension>
            <ns3:hr>161</ns3:hr>
            <ns3:cad>82</ns3:cad>
          </ns3:TrackPointExtension>
        </extensions>
      </trkpt>
      <trkpt lat="40.78435692004859447479248046875" lon="-73.96723919548094272613525390625">
        <ele>34.40000152587890625</ele>
        <time>2025-09-16T23:27:26.000Z</time>
        <extensions>
          <ns3:TrackPointExtension>
            <ns3:hr>164</ns3:hr>
            <ns3:cad>83</ns3:cad>
          </ns3:TrackPointExtension>
        </extensions>
      </trkpt>
      <trkpt lat="40.7842666469514369964599609375" lon="-73.967292420566082000732421875">
        <ele>34.799999237060546875</ele>
        <time>2025-09-16T23:27:30.000Z</time>
        <extensions>
          <ns3:TrackPointExtension>
            <ns3:hr>167</ns3:hr>
            <ns3:cad>82</ns3:cad>
          </ns3:TrackPointExtension>
        </extensions>
      </trkpt>
      <trkpt lat="40.7840946502983570098876953125" lon="-73.96743248216807842254638671875">
        <ele>36.40000152587890625</ele>
        <time>2025-09-16T23:27:39.000Z</time>
        <extensions>
          <ns3:TrackPointExtension>
            <ns3:hr>164</ns3:hr>
            <ns3:cad>83</ns3:cad>
          </ns3:TrackPointExtension>
        </extensions>
      </trkpt>
      <trkpt lat="40.78396632336080074310302734375" lon="-73.96753239445388317108154296875">
        <ele>37</ele>
        <time>2025-09-16T23:27:46.000Z</time>
        <extensions>
          <ns3:TrackPointExtension>
            <ns3:hr>161</ns3:hr>
            <ns3:cad>81</ns3:cad>
          </ns3:TrackPointExtension>
        </extensions>
      </trkpt>
      <trkpt lat="40.78380237333476543426513671875" lon="-73.96766298450529575347900390625">
        <ele>37</ele>
        <time>2025-09-16T23:27:55.000Z</time>
        <extensions>
          <ns3:TrackPointExtension>
            <ns3:hr>158</ns3:hr>
            <ns3:cad>82</ns3:cad>
          </ns3:TrackPointExtension>
        </extensions>
      </trkpt>
      <trkpt lat="40.7836524210870265960693359375" lon="-73.96779558621346950531005859375">
        <ele>36.799999237060546875</ele>
        <time>2025-09-16T23:28:04.000Z</time>
        <extensions>
          <ns3:TrackPointExtension>
            <ns3:hr>161</ns3:hr>
            <ns3:cad>81</ns3:cad>
          </ns3:TrackPointExtension>
        </extensions>
      </trkpt>
      <trkpt lat="40.78352174721658229827880859375" lon="-73.967961966991424560546875">
        <ele>36.799999237060546875</ele>
        <time>2025-09-16T23:28:13.000Z</time>
        <extensions>
          <ns3:TrackPointExtension>
            <ns3:hr>159</ns3:hr>
            <ns3:cad>82</ns3:cad>
          </ns3:TrackPointExtension>
        </extensions>
      </trkpt>
      <trkpt lat="40.78342418186366558074951171875" lon="-73.968077637255191802978515625">
        <ele>37</ele>
        <time>2025-09-16T23:28:19.000Z</time>
        <extensions>
          <ns3:TrackPointExtension>
            <ns3:hr>155</ns3:hr>
            <ns3:cad>80</ns3:cad>
          </ns3:TrackPointExtension>
        </extensions>
      </trkpt>
      <trkpt lat="40.7833637483417987823486328125" lon="-73.968152739107608795166015625">
        <ele>37</ele>
        <time>2025-09-16T23:28:23.000Z</time>
        <extensions>
          <ns3:TrackPointExtension>
            <ns3:hr>158</ns3:hr>
            <ns3:cad>81</ns3:cad>
          </ns3:TrackPointExtension>
        </extensions>
      </trkpt>
      <trkpt lat="40.7833134569227695465087890625" lon="-73.9682313613593578338623046875">
        <ele>37</ele>
        <time>2025-09-16T23:28:27.000Z</time>
        <extensions>
          <ns3:TrackPointExtension>
            <ns3:hr>155</ns3:hr>
            <ns3:cad>81</ns3:cad>
          </ns3:TrackPointExtension>
        </extensions>
      </trkpt>
      <trkpt lat="40.7832997106015682220458984375" lon="-73.9682476222515106201171875">
        <ele>37</ele>
        <time>2025-09-16T23:28:28.000Z</time>
        <extensions>
          <ns3:TrackPointExtension>
            <ns3:hr>152</ns3:hr>
            <ns3:cad>81</ns3:cad>
          </ns3:TrackPointExtension>
        </extensions>
      </trkpt>
      <trkpt lat="40.78323257155716419219970703125" lon="-73.96839044988155364990234375">
        <ele>37</ele>
        <time>2025-09-16T23:28:34.000Z</time>
        <extensions>
          <ns3:TrackPointExtension>
            <ns3:hr>155</ns3:hr>
            <ns3:cad>81</ns3:cad>
          </ns3:TrackPointExtension>
        </extensions>
      </trkpt>
      <trkpt lat="40.78313802368938922882080078125" lon="-73.96861081011593341827392578125">
        <ele>37</ele>
        <time>2025-09-16T23:28:43.000Z</time>
        <extensions>
          <ns3:TrackPointExtension>
            <ns3:hr>155</ns3:hr>
            <ns3:cad>82</ns3:cad>
          </ns3:TrackPointExtension>
        </extensions>
      </trkpt>
      <trkpt lat="40.78302520327270030975341796875" lon="-73.96880912594497203826904296875">
        <ele>37</ele>
        <time>2025-09-16T23:28:52.000Z</time>
        <extensions>
          <ns3:TrackPointExtension>
            <ns3:hr>154</ns3:hr>
            <ns3:cad>80</ns3:cad>
          </ns3:TrackPointExtension>
        </extensions>
      </trkpt>
      <trkpt lat="40.7828913442790508270263671875" lon="-73.96899755112826824188232421875">
        <ele>36.59999847412109375</ele>
        <time>2025-09-16T23:29:02.000Z</time>
        <extensions>
          <ns3:TrackPointExtension>
            <ns3:hr>153</ns3:hr>
            <ns3:cad>81</ns3:cad>
          </ns3:TrackPointExtension>
        </extensions>
      </trkpt>
      <trkpt lat="40.78273803927004337310791015625" lon="-73.969152532517910003662109375">
        <ele>36</ele>
        <time>2025-09-16T23:29:11.000Z</time>
        <extensions>
          <ns3:TrackPointExtension>
            <ns3:hr>155</ns3:hr>
            <ns3:cad>80</ns3:cad>
          </ns3:TrackPointExtension>
        </extensions>
      </trkpt>
      <trkpt lat="40.782663188874721527099609375" lon="-73.96921682171523571014404296875">
        <ele>35.799999237060546875</ele>
        <time>2025-09-16T23:29:15.000Z</time>
        <extensions>
          <ns3:TrackPointExtension>
            <ns3:hr>158</ns3:hr>
            <ns3:cad>83</ns3:cad>
          </ns3:TrackPointExtension>
        </extensions>
      </trkpt>
      <trkpt lat="40.78253804706037044525146484375" lon="-73.96928437985479831695556640625">
        <ele>35</ele>
        <time>2025-09-16T23:29:21.000Z</time>
        <extensions>
          <ns3:TrackPointExtension>
            <ns3:hr>162</ns3:hr>
            <ns3:cad>82</ns3:cad>
          </ns3:TrackPointExtension>
        </extensions>
      </trkpt>
      <trkpt lat="40.78250066377222537994384765625" lon="-73.96930566988885402679443359375">
        <ele>34.799999237060546875</ele>
        <time>2025-09-16T23:29:23.000Z</time>
        <extensions>
          <ns3:TrackPointExtension>
            <ns3:hr>165</ns3:hr>
            <ns3:cad>81</ns3:cad>
          </ns3:TrackPointExtension>
        </extensions>
      </trkpt>
      <trkpt lat="40.782391615211963653564453125" lon="-73.9693656004965305328369140625">
        <ele>34.200000762939453125</ele>
        <time>2025-09-16T23:29:28.000Z</time>
        <extensions>
          <ns3:TrackPointExtension>
            <ns3:hr>168</ns3:hr>
            <ns3:cad>80</ns3:cad>
          </ns3:TrackPointExtension>
        </extensions>
      </trkpt>
      <trkpt lat="40.78220293857157230377197265625" lon="-73.9693951047956943511962890625">
        <ele>32.799999237060546875</ele>
        <time>2025-09-16T23:29:36.000Z</time>
        <extensions>
          <ns3:TrackPointExtension>
            <ns3:hr>170</ns3:hr>
            <ns3:cad>80</ns3:cad>
          </ns3:TrackPointExtension>
        </extensions>
      </trkpt>
      <trkpt lat="40.7820025272667407989501953125" lon="-73.96940172649919986724853515625">
        <ele>31.200000762939453125</ele>
        <time>2025-09-16T23:29:44.000Z</time>
        <extensions>
          <ns3:TrackPointExtension>
            <ns3:hr>171</ns3:hr>
            <ns3:cad>84</ns3:cad>
          </ns3:TrackPointExtension>
        </extensions>
      </trkpt>
      <trkpt lat="40.78185408376157283782958984375" lon="-73.96939636208117008209228515625">
        <ele>30.200000762939453125</ele>
        <time>2025-09-16T23:29:50.000Z</time>
        <extensions>
          <ns3:TrackPointExtension>
            <ns3:hr>168</ns3:hr>
            <ns3:cad>83</ns3:cad>
          </ns3:TrackPointExtension>
        </extensions>
      </trkpt>
      <trkpt lat="40.7816622219979763031005859375" lon="-73.969391919672489166259765625">
        <ele>30</ele>
        <time>2025-09-16T23:29:58.000Z</time>
        <extensions>
          <ns3:TrackPointExtension>
            <ns3:hr>168</ns3:hr>
            <ns3:cad>84</ns3:cad>
          </ns3:TrackPointExtension>
        </extensions>
      </trkpt>
      <trkpt lat="40.78146658837795257568359375" lon="-73.96939493715763092041015625">
        <ele>30</ele>
        <time>2025-09-16T23:30:05.000Z</time>
        <extensions>
          <ns3:TrackPointExtension>
            <ns3:hr>168</ns3:hr>
            <ns3:cad>83</ns3:cad>
          </ns3:TrackPointExtension>
        </extensions>
      </trkpt>
      <trkpt lat="40.7813819311559200286865234375" lon="-73.96940072067081928253173828125">
        <ele>30</ele>
        <time>2025-09-16T23:30:08.000Z</time>
        <extensions>
          <ns3:TrackPointExtension>
            <ns3:hr>165</ns3:hr>
            <ns3:cad>82</ns3:cad>
          </ns3:TrackPointExtension>
        </extensions>
      </trkpt>
      <trkpt lat="40.7812085933983325958251953125" lon="-73.969480097293853759765625">
        <ele>29.6000003814697265625</ele>
        <time>2025-09-16T23:30:16.000Z</time>
        <extensions>
          <ns3:TrackPointExtension>
            <ns3:hr>166</ns3:hr>
            <ns3:cad>82</ns3:cad>
          </ns3:TrackPointExtension>
        </extensions>
      </trkpt>
      <trkpt lat="40.7810171507298946380615234375" lon="-73.9695774950087070465087890625">
        <ele>28.6000003814697265625</ele>
        <time>2025-09-16T23:30:25.000Z</time>
        <extensions>
          <ns3:TrackPointExtension>
            <ns3:hr>167</ns3:hr>
            <ns3:cad>84</ns3:cad>
          </ns3:TrackPointExtension>
        </extensions>
      </trkpt>
      <trkpt lat="40.78085797838866710662841796875" lon="-73.9697186462581157684326171875">
        <ele>27.6000003814697265625</ele>
        <time>2025-09-16T23:30:33.000Z</time>
        <extensions>
          <ns3:TrackPointExtension>
            <ns3:hr>165</ns3:hr>
            <ns3:cad>83</ns3:cad>
          </ns3:TrackPointExtension>
        </extensions>
      </trkpt>
      <trkpt lat="40.7807900011539459228515625" lon="-73.9697813428938388824462890625">
        <ele>27.200000762939453125</ele>
        <time>2025-09-16T23:30:37.000Z</time>
        <extensions>
          <ns3:TrackPointExtension>
            <ns3:hr>162</ns3:hr>
            <ns3:cad>82</ns3:cad>
          </ns3:TrackPointExtension>
        </extensions>
      </trkpt>
      <trkpt lat="40.78064809553325176239013671875" lon="-73.96994034759700298309326171875">
        <ele>27</ele>
        <time>2025-09-16T23:30:47.000Z</time>
        <extensions>
          <ns3:TrackPointExtension>
            <ns3:hr>162</ns3:hr>
            <ns3:cad>81</ns3:cad>
          </ns3:TrackPointExtension>
        </extensions>
      </trkpt>
      <trkpt lat="40.78050459735095500946044921875" lon="-73.97008828818798065185546875">
        <ele>27</ele>
        <time>2025-09-16T23:30:56.000Z</time>
        <extensions>
          <ns3:TrackPointExtension>
            <ns3:hr>164</ns3:hr>
            <ns3:cad>83</ns3:cad>
          </ns3:TrackPointExtension>
        </extensions>
      </trkpt>
      <trkpt lat="40.78040116466581821441650390625" lon="-73.9702678285539150238037109375">
        <ele>27</ele>
        <time>2025-09-16T23:31:04.000Z</time>
        <extensions>
          <ns3:TrackPointExtension>
            <ns3:hr>167</ns3:hr>
            <ns3:cad>83</ns3:cad>
          </ns3:TrackPointExtension>
        </extensions>
      </trkpt>
      <trkpt lat="40.780280716717243194580078125" lon="-73.9704562537372112274169921875">
        <ele>26.200000762939453125</ele>
        <time>2025-09-16T23:31:13.000Z</time>
        <extensions>
          <ns3:TrackPointExtension>
            <ns3:hr>164</ns3:hr>
            <ns3:cad>81</ns3:cad>
          </ns3:TrackPointExtension>
        </extensions>
      </trkpt>
      <trkpt lat="40.7801467739045619964599609375" lon="-73.97065415047109127044677734375">
        <ele>26</ele>
        <time>2025-09-16T23:31:22.000Z</time>
        <extensions>
          <ns3:TrackPointExtension>
            <ns3:hr>162</ns3:hr>
            <ns3:cad>84</ns3:cad>
          </ns3:TrackPointExtension>
        </extensions>
      </trkpt>
      <trkpt lat="40.7800022698938846588134765625" lon="-73.97081851959228515625">
        <ele>26</ele>
        <time>2025-09-16T23:31:30.000Z</time>
        <extensions>
          <ns3:TrackPointExtension>
            <ns3:hr>163</ns3:hr>
            <ns3:cad>83</ns3:cad>
          </ns3:TrackPointExtension>
        </extensions>
      </trkpt>
      <trkpt lat="40.77984997071325778961181640625" lon="-73.9709930308163166046142578125">
        <ele>25.200000762939453125</ele>
        <time>2025-09-16T23:31:40.000Z</time>
        <extensions>
          <ns3:TrackPointExtension>
            <ns3:hr>163</ns3:hr>
            <ns3:cad>81</ns3:cad>
          </ns3:TrackPointExtension>
        </extensions>
      </trkpt>
      <trkpt lat="40.77970546670258045196533203125" lon="-73.97117097862064838409423828125">
        <ele>24.6000003814697265625</ele>
        <time>2025-09-16T23:31:49.000Z</time>
        <extensions>
          <ns3:TrackPointExtension>
            <ns3:hr>164</ns3:hr>
            <ns3:cad>82</ns3:cad>
          </ns3:TrackPointExtension>
        </extensions>
      </trkpt>
      <trkpt lat="40.77959029935300350189208984375" lon="-73.97130374796688556671142578125">
        <ele>24.6000003814697265625</ele>
        <time>2025-09-16T23:31:56.000Z</time>
        <extensions>
          <ns3:TrackPointExtension>
            <ns3:hr>167</ns3:hr>
            <ns3:cad>82</ns3:cad>
          </ns3:TrackPointExtension>
        </extensions>
      </trkpt>
      <trkpt lat="40.77944009564816951751708984375" lon="-73.97144841961562633514404296875">
        <ele>23</ele>
        <time>2025-09-16T23:32:05.000Z</time>
        <extensions>
          <ns3:TrackPointExtension>
            <ns3:hr>166</ns3:hr>
            <ns3:cad>84</ns3:cad>
          </ns3:TrackPointExtension>
        </extensions>
      </trkpt>
      <trkpt lat="40.77928938902914524078369140625" lon="-73.9715975336730480194091796875">
        <ele>22</ele>
        <time>2025-09-16T23:32:13.000Z</time>
        <extensions>
          <ns3:TrackPointExtension>
            <ns3:hr>163</ns3:hr>
            <ns3:cad>86</ns3:cad>
          </ns3:TrackPointExtension>
        </extensions>
      </trkpt>
      <trkpt lat="40.77913281507790088653564453125" lon="-73.97173005156219005584716796875">
        <ele>21.3999996185302734375</ele>
        <time>2025-09-16T23:32:21.000Z</time>
        <extensions>
          <ns3:TrackPointExtension>
            <ns3:hr>162</ns3:hr>
            <ns3:cad>82</ns3:cad>
          </ns3:TrackPointExtension>
        </extensions>
      </trkpt>
      <trkpt lat="40.77897523529827594757080078125" lon="-73.97189182229340076446533203125">
        <ele>21.799999237060546875</ele>
        <time>2025-09-16T23:32:30.000Z</time>
        <extensions>
          <ns3:TrackPointExtension>
            <ns3:hr>164</ns3:hr>
            <ns3:cad>83</ns3:cad>
          </ns3:TrackPointExtension>
        </extensions>
      </trkpt>
      <trkpt lat="40.77887800522148609161376953125" lon="-73.9720240049064159393310546875">
        <ele>21.6000003814697265625</ele>
        <time>2025-09-16T23:32:37.000Z</time>
        <extensions>
          <ns3:TrackPointExtension>
            <ns3:hr>167</ns3:hr>
            <ns3:cad>83</ns3:cad>
          </ns3:TrackPointExtension>
        </extensions>
      </trkpt>
      <trkpt lat="40.778739787638187408447265625" lon="-73.97220513783395290374755859375">
        <ele>20.799999237060546875</ele>
        <time>2025-09-16T23:32:44.000Z</time>
        <extensions>
          <ns3:TrackPointExtension>
            <ns3:hr>168</ns3:hr>
            <ns3:cad>84</ns3:cad>
          </ns3:TrackPointExtension>
        </extensions>
      </trkpt>
      <trkpt lat="40.7786467485129833221435546875" lon="-73.97235450334846973419189453125">
        <ele>20.200000762939453125</ele>
        <time>2025-09-16T23:32:50.000Z</time>
        <extensions>
          <ns3:TrackPointExtension>
            <ns3:hr>165</ns3:hr>
            <ns3:cad>84</ns3:cad>
          </ns3:TrackPointExtension>
        </extensions>
      </trkpt>
      <trkpt lat="40.77850685454905033111572265625" lon="-73.9725450240075588226318359375">
        <ele>19.799999237060546875</ele>
        <time>2025-09-16T23:32:58.000Z</time>
        <extensions>
          <ns3:TrackPointExtension>
            <ns3:hr>163</ns3:hr>
            <ns3:cad>87</ns3:cad>
          </ns3:TrackPointExtension>
        </extensions>
      </trkpt>
      <trkpt lat="40.77839638106524944305419921875" lon="-73.972773514688014984130859375">
        <ele>21.3999996185302734375</ele>
        <time>2025-09-16T23:33:06.000Z</time>
        <extensions>
          <ns3:TrackPointExtension>
            <ns3:hr>163</ns3:hr>
            <ns3:cad>83</ns3:cad>
          </ns3:TrackPointExtension>
        </extensions>
      </trkpt>
      <trkpt lat="40.77828439883887767791748046875" lon="-73.97296722047030925750732421875">
        <ele>22</ele>
        <time>2025-09-16T23:33:13.000Z</time>
        <extensions>
          <ns3:TrackPointExtension>
            <ns3:hr>162</ns3:hr>
            <ns3:cad>84</ns3:cad>
          </ns3:TrackPointExtension>
        </extensions>
      </trkpt>
      <trkpt lat="40.7781709916889667510986328125" lon="-73.97316754795610904693603515625">
        <ele>22</ele>
        <time>2025-09-16T23:33:21.000Z</time>
        <extensions>
          <ns3:TrackPointExtension>
            <ns3:hr>164</ns3:hr>
            <ns3:cad>83</ns3:cad>
          </ns3:TrackPointExtension>
        </extensions>
      </trkpt>
      <trkpt lat="40.77807099558413028717041015625" lon="-73.97337491624057292938232421875">
        <ele>21.3999996185302734375</ele>
        <time>2025-09-16T23:33:29.000Z</time>
        <extensions>
          <ns3:TrackPointExtension>
            <ns3:hr>165</ns3:hr>
            <ns3:cad>83</ns3:cad>
          </ns3:TrackPointExtension>
        </extensions>
      </trkpt>
      <trkpt lat="40.777953229844570159912109375" lon="-73.9735557138919830322265625">
        <ele>20.200000762939453125</ele>
        <time>2025-09-16T23:33:37.000Z</time>
        <extensions>
          <ns3:TrackPointExtension>
            <ns3:hr>168</ns3:hr>
            <ns3:cad>82</ns3:cad>
          </ns3:TrackPointExtension>
        </extensions>
      </trkpt>
      <trkpt lat="40.77784837223589420318603515625" lon="-73.97368538193404674530029296875">
        <ele>19.6000003814697265625</ele>
        <time>2025-09-16T23:33:43.000Z</time>
        <extensions>
          <ns3:TrackPointExtension>
            <ns3:hr>171</ns3:hr>
            <ns3:cad>88</ns3:cad>
          </ns3:TrackPointExtension>
        </extensions>
      </trkpt>
      <trkpt lat="40.777688361704349517822265625" lon="-73.97384145297110080718994140625">
        <ele>19.200000762939453125</ele>
        <time>2025-09-16T23:33:51.000Z</time>
        <extensions>
          <ns3:TrackPointExtension>
            <ns3:hr>168</ns3:hr>
            <ns3:cad>86</ns3:cad>
          </ns3:TrackPointExtension>
        </extensions>
      </trkpt>
      <trkpt lat="40.7775597833096981048583984375" lon="-73.97395511157810688018798828125">
        <ele>19</ele>
        <time>2025-09-16T23:33:58.000Z</time>
        <extensions>
          <ns3:TrackPointExtension>
            <ns3:hr>165</ns3:hr>
            <ns3:cad>82</ns3:cad>
          </ns3:TrackPointExtension>
        </extensions>
      </trkpt>
      <trkpt lat="40.77742039225995540618896484375" lon="-73.9740081690251827239990234375">
        <ele>18.6000003814697265625</ele>
        <time>2025-09-16T23:34:04.000Z</time>
        <extensions>
          <ns3:TrackPointExtension>
            <ns3:hr>162</ns3:hr>
            <ns3:cad>82</ns3:cad>
          </ns3:TrackPointExtension>
        </extensions>
      </trkpt>
      <trkpt lat="40.77723733149468898773193359375" lon="-73.97408050484955310821533203125">
        <ele>18.200000762939453125</ele>
        <time>2025-09-16T23:34:12.000Z</time>
        <extensions>
          <ns3:TrackPointExtension>
            <ns3:hr>162</ns3:hr>
            <ns3:cad>82</ns3:cad>
          </ns3:TrackPointExtension>
        </extensions>
      </trkpt>
      <trkpt lat="40.77704773284494876861572265625" lon="-73.9740842767059803009033203125">
        <ele>18.200000762939453125</ele>
        <time>2025-09-16T23:34:20.000Z</time>
        <extensions>
          <ns3:TrackPointExtension>
            <ns3:hr>160</ns3:hr>
            <ns3:cad>82</ns3:cad>
          </ns3:TrackPointExtension>
        </extensions>
      </trkpt>
      <trkpt lat="40.77684489078819751739501953125" lon="-73.97407472133636474609375">
        <ele>18.799999237060546875</ele>
        <time>2025-09-16T23:34:29.000Z</time>
        <extensions>
          <ns3:TrackPointExtension>
            <ns3:hr>161</ns3:hr>
            <ns3:cad>81</ns3:cad>
          </ns3:TrackPointExtension>
        </extensions>
      </trkpt>
      <trkpt lat="40.77667440287768840789794921875" lon="-73.97405393421649932861328125">
        <ele>18.6000003814697265625</ele>
        <time>2025-09-16T23:34:37.000Z</time>
        <extensions>
          <ns3:TrackPointExtension>
            <ns3:hr>158</ns3:hr>
            <ns3:cad>82</ns3:cad>
          </ns3:TrackPointExtension>
        </extensions>
      </trkpt>
      <trkpt lat="40.7764761708676815032958984375" lon="-73.97404563613235950469970703125">
        <ele>18.6000003814697265625</ele>
        <time>2025-09-16T23:34:46.000Z</time>
        <extensions>
          <ns3:TrackPointExtension>
            <ns3:hr>159</ns3:hr>
            <ns3:cad>81</ns3:cad>
          </ns3:TrackPointExtension>
        </extensions>
      </trkpt>
      <trkpt lat="40.77627257443964481353759765625" lon="-73.974026106297969818115234375">
        <ele>18.6000003814697265625</ele>
        <time>2025-09-16T23:34:55.000Z</time>
        <extensions>
          <ns3:TrackPointExtension>
            <ns3:hr>159</ns3:hr>
            <ns3:cad>83</ns3:cad>
          </ns3:TrackPointExtension>
        </extensions>
      </trkpt>
      <trkpt lat="40.77607761137187480926513671875" lon="-73.9740175567567348480224609375">
        <ele>18</ele>
        <time>2025-09-16T23:35:03.000Z</time>
        <extensions>
          <ns3:TrackPointExtension>
            <ns3:hr>159</ns3:hr>
            <ns3:cad>84</ns3:cad>
          </ns3:TrackPointExtension>
        </extensions>
      </trkpt>
      <trkpt lat="40.7758896052837371826171875" lon="-73.9739982783794403076171875">
        <ele>17.6000003814697265625</ele>
        <time>2025-09-16T23:35:11.000Z</time>
        <extensions>
          <ns3:TrackPointExtension>
            <ns3:hr>162</ns3:hr>
            <ns3:cad>86</ns3:cad>
          </ns3:TrackPointExtension>
        </extensions>
      </trkpt>
      <trkpt lat="40.775704197585582733154296875" lon="-73.97398143075406551361083984375">
        <ele>17</ele>
        <time>2025-09-16T23:35:19.000Z</time>
        <extensions>
          <ns3:TrackPointExtension>
            <ns3:hr>162</ns3:hr>
            <ns3:cad>82</ns3:cad>
          </ns3:TrackPointExtension>
        </extensions>
      </trkpt>
      <trkpt lat="40.77561107464134693145751953125" lon="-73.973978497087955474853515625">
        <ele>17.3999996185302734375</ele>
        <time>2025-09-16T23:35:24.000Z</time>
        <extensions>
          <ns3:TrackPointExtension>
            <ns3:hr>159</ns3:hr>
            <ns3:cad>79</ns3:cad>
          </ns3:TrackPointExtension>
        </extensions>
      </trkpt>
      <trkpt lat="40.77541527338325977325439453125" lon="-73.974022753536701202392578125">
        <ele>17.6000003814697265625</ele>
        <time>2025-09-16T23:35:33.000Z</time>
        <extensions>
          <ns3:TrackPointExtension>
            <ns3:hr>160</ns3:hr>
            <ns3:cad>82</ns3:cad>
          </ns3:TrackPointExtension>
        </extensions>
      </trkpt>
      <trkpt lat="40.77522466890513896942138671875" lon="-73.97408033721148967742919921875">
        <ele>17.799999237060546875</ele>
        <time>2025-09-16T23:35:41.000Z</time>
        <extensions>
          <ns3:TrackPointExtension>
            <ns3:hr>159</ns3:hr>
            <ns3:cad>80</ns3:cad>
          </ns3:TrackPointExtension>
        </extensions>
      </trkpt>
      <trkpt lat="40.77510774135589599609375" lon="-73.974130041897296905517578125">
        <ele>18.200000762939453125</ele>
        <time>2025-09-16T23:35:46.000Z</time>
        <extensions>
          <ns3:TrackPointExtension>
            <ns3:hr>156</ns3:hr>
            <ns3:cad>82</ns3:cad>
          </ns3:TrackPointExtension>
        </extensions>
      </trkpt>
      <trkpt lat="40.7749479822814464569091796875" lon="-73.97424110211431980133056640625">
        <ele>18.799999237060546875</ele>
        <time>2025-09-16T23:35:54.000Z</time>
        <extensions>
          <ns3:TrackPointExtension>
            <ns3:hr>157</ns3:hr>
            <ns3:cad>80</ns3:cad>
          </ns3:TrackPointExtension>
        </extensions>
      </trkpt>
      <trkpt lat="40.774804651737213134765625" lon="-73.974428437650203704833984375">
        <ele>19.200000762939453125</ele>
        <time>2025-09-16T23:36:04.000Z</time>
        <extensions>
          <ns3:TrackPointExtension>
            <ns3:hr>158</ns3:hr>
            <ns3:cad>80</ns3:cad>
          </ns3:TrackPointExtension>
        </extensions>
      </trkpt>
      <trkpt lat="40.774675905704498291015625" lon="-73.97460320033133029937744140625">
        <ele>19.799999237060546875</ele>
        <time>2025-09-16T23:36:12.000Z</time>
        <extensions>
          <ns3:TrackPointExtension>
            <ns3:hr>157</ns3:hr>
            <ns3:cad>81</ns3:cad>
          </ns3:TrackPointExtension>
        </extensions>
      </trkpt>
      <trkpt lat="40.7746586389839649200439453125" lon="-73.97484577260911464691162109375">
        <ele>20.3999996185302734375</ele>
        <time>2025-09-16T23:36:22.000Z</time>
        <extensions>
          <ns3:TrackPointExtension>
            <ns3:hr>159</ns3:hr>
            <ns3:cad>80</ns3:cad>
          </ns3:TrackPointExtension>
        </extensions>
      </trkpt>
      <trkpt lat="40.77462519519031047821044921875" lon="-73.97508868016302585601806640625">
        <ele>21.200000762939453125</ele>
        <time>2025-09-16T23:36:32.000Z</time>
        <extensions>
          <ns3:TrackPointExtension>
            <ns3:hr>159</ns3:hr>
            <ns3:cad>80</ns3:cad>
          </ns3:TrackPointExtension>
        </extensions>
      </trkpt>
      <trkpt lat="40.7745479978621006011962890625" lon="-73.97531113587319850921630859375">
        <ele>21.3999996185302734375</ele>
        <time>2025-09-16T23:36:40.000Z</time>
        <extensions>
          <ns3:TrackPointExtension>
            <ns3:hr>160</ns3:hr>
            <ns3:cad>80</ns3:cad>
          </ns3:TrackPointExtension>
        </extensions>
      </trkpt>
      <trkpt lat="40.7744259573519229888916015625" lon="-73.9754914306104183197021484375">
        <ele>22.3999996185302734375</ele>
        <time>2025-09-16T23:36:47.000Z</time>
        <extensions>
          <ns3:TrackPointExtension>
            <ns3:hr>159</ns3:hr>
            <ns3:cad>81</ns3:cad>
          </ns3:TrackPointExtension>
        </extensions>
      </trkpt>
      <trkpt lat="40.77427935786545276641845703125" lon="-73.9756392873823642730712890625">
        <ele>23.200000762939453125</ele>
        <time>2025-09-16T23:36:55.000Z</time>
        <extensions>
          <ns3:TrackPointExtension>
            <ns3:hr>158</ns3:hr>
            <ns3:cad>79</ns3:cad>
          </ns3:TrackPointExtension>
        </extensions>
      </trkpt>
      <trkpt lat="40.77411507256329059600830078125" lon="-73.975762836635112762451171875">
        <ele>23.799999237060546875</ele>
        <time>2025-09-16T23:37:04.000Z</time>
        <extensions>
          <ns3:TrackPointExtension>
            <ns3:hr>159</ns3:hr>
            <ns3:cad>81</ns3:cad>
          </ns3:TrackPointExtension>
        </extensions>
      </trkpt>
      <trkpt lat="40.77394969761371612548828125" lon="-73.97586853243410587310791015625">
        <ele>24.6000003814697265625</ele>
        <time>2025-09-16T23:37:13.000Z</time>
        <extensions>
          <ns3:TrackPointExtension>
            <ns3:hr>159</ns3:hr>
            <ns3:cad>79</ns3:cad>
          </ns3:TrackPointExtension>
        </extensions>
      </trkpt>
      <trkpt lat="40.77378583140671253204345703125" lon="-73.97600431926548480987548828125">
        <ele>25.6000003814697265625</ele>
        <time>2025-09-16T23:37:23.000Z</time>
        <extensions>
          <ns3:TrackPointExtension>
            <ns3:hr>158</ns3:hr>
            <ns3:cad>80</ns3:cad>
          </ns3:TrackPointExtension>
        </extensions>
      </trkpt>
      <trkpt lat="40.773624479770660400390625" lon="-73.9761306345462799072265625">
        <ele>26.200000762939453125</ele>
        <time>2025-09-16T23:37:32.000Z</time>
        <extensions>
          <ns3:TrackPointExtension>
            <ns3:hr>158</ns3:hr>
            <ns3:cad>81</ns3:cad>
          </ns3:TrackPointExtension>
        </extensions>
      </trkpt>
      <trkpt lat="40.77343630604445934295654296875" lon="-73.97620028816163539886474609375">
        <ele>26.3999996185302734375</ele>
        <time>2025-09-16T23:37:41.000Z</time>
        <extensions>
          <ns3:TrackPointExtension>
            <ns3:hr>160</ns3:hr>
            <ns3:cad>80</ns3:cad>
          </ns3:TrackPointExtension>
        </extensions>
      </trkpt>
      <trkpt lat="40.773268081247806549072265625" lon="-73.9763049781322479248046875">
        <ele>26.799999237060546875</ele>
        <time>2025-09-16T23:37:50.000Z</time>
        <extensions>
          <ns3:TrackPointExtension>
            <ns3:hr>162</ns3:hr>
            <ns3:cad>82</ns3:cad>
          </ns3:TrackPointExtension>
        </extensions>
      </trkpt>
      <trkpt lat="40.7730920612812042236328125" lon="-73.9764013700187206268310546875">
        <ele>27</ele>
        <time>2025-09-16T23:37:58.000Z</time>
        <extensions>
          <ns3:TrackPointExtension>
            <ns3:hr>164</ns3:hr>
            <ns3:cad>81</ns3:cad>
          </ns3:TrackPointExtension>
        </extensions>
      </trkpt>
      <trkpt lat="40.77297060750424861907958984375" lon="-73.976448476314544677734375">
        <ele>27</ele>
        <time>2025-09-16T23:38:04.000Z</time>
        <extensions>
          <ns3:TrackPointExtension>
            <ns3:hr>161</ns3:hr>
            <ns3:cad>81</ns3:cad>
          </ns3:TrackPointExtension>
        </extensions>
      </trkpt>
      <trkpt lat="40.77277966775000095367431640625" lon="-73.976529277861118316650390625">
        <ele>26.3999996185302734375</ele>
        <time>2025-09-16T23:38:12.000Z</time>
        <extensions>
          <ns3:TrackPointExtension>
            <ns3:hr>163</ns3:hr>
            <ns3:cad>81</ns3:cad>
          </ns3:TrackPointExtension>
        </extensions>
      </trkpt>
      <trkpt lat="40.77260498888790607452392578125" lon="-73.9766008593142032623291015625">
        <ele>25.6000003814697265625</ele>
        <time>2025-09-16T23:38:19.000Z</time>
        <extensions>
          <ns3:TrackPointExtension>
            <ns3:hr>164</ns3:hr>
            <ns3:cad>81</ns3:cad>
          </ns3:TrackPointExtension>
        </extensions>
      </trkpt>
      <trkpt lat="40.7724793441593647003173828125" lon="-73.9766563475131988525390625">
        <ele>25.3999996185302734375</ele>
        <time>2025-09-16T23:38:25.000Z</time>
        <extensions>
          <ns3:TrackPointExtension>
            <ns3:hr>161</ns3:hr>
            <ns3:cad>81</ns3:cad>
          </ns3:TrackPointExtension>
        </extensions>
      </trkpt>
      <trkpt lat="40.772364176809787750244140625" lon="-73.97670856676995754241943359375">
        <ele>25</ele>
        <time>2025-09-16T23:38:30.000Z</time>
        <extensions>
          <ns3:TrackPointExtension>
            <ns3:hr>164</ns3:hr>
            <ns3:cad>84</ns3:cad>
          </ns3:TrackPointExtension>
        </extensions>
      </trkpt>
      <trkpt lat="40.7723187468945980072021484375" lon="-73.97673052735626697540283203125">
        <ele>25</ele>
        <time>2025-09-16T23:38:32.000Z</time>
        <extensions>
          <ns3:TrackPointExtension>
            <ns3:hr>168</ns3:hr>
            <ns3:cad>83</ns3:cad>
          </ns3:TrackPointExtension>
        </extensions>
      </trkpt>
      <trkpt lat="40.772146917879581451416015625" lon="-73.976841084659099578857421875">
        <ele>24.799999237060546875</ele>
        <time>2025-09-16T23:38:40.000Z</time>
        <extensions>
          <ns3:TrackPointExtension>
            <ns3:hr>169</ns3:hr>
            <ns3:cad>82</ns3:cad>
          </ns3:TrackPointExtension>
        </extensions>
      </trkpt>
      <trkpt lat="40.7719663716852664947509765625" lon="-73.97694937884807586669921875">
        <ele>24.6000003814697265625</ele>
        <time>2025-09-16T23:38:50.000Z</time>
        <extensions>
          <ns3:TrackPointExtension>
            <ns3:hr>166</ns3:hr>
            <ns3:cad>82</ns3:cad>
          </ns3:TrackPointExtension>
        </extensions>
      </trkpt>
      <trkpt lat="40.7718837261199951171875" lon="-73.977018781006336212158203125">
        <ele>24.6000003814697265625</ele>
        <time>2025-09-16T23:38:54.000Z</time>
        <extensions>
          <ns3:TrackPointExtension>
            <ns3:hr>163</ns3:hr>
            <ns3:cad>83</ns3:cad>
          </ns3:TrackPointExtension>
        </extensions>
      </trkpt>
      <trkpt lat="40.77183938585221767425537109375" lon="-73.97704686038196086883544921875">
        <ele>24.3999996185302734375</ele>
        <time>2025-09-16T23:38:56.000Z</time>
        <extensions>
          <ns3:TrackPointExtension>
            <ns3:hr>159</ns3:hr>
            <ns3:cad>84</ns3:cad>
          </ns3:TrackPointExtension>
        </extensions>
      </trkpt>
      <trkpt lat="40.77179747633635997772216796875" lon="-73.9770678989589214324951171875">
        <ele>24.3999996185302734375</ele>
        <time>2025-09-16T23:38:58.000Z</time>
        <extensions>
          <ns3:TrackPointExtension>
            <ns3:hr>155</ns3:hr>
            <ns3:cad>85</ns3:cad>
          </ns3:TrackPointExtension>
        </extensions>
      </trkpt>
      <trkpt lat="40.77168800868093967437744140625" lon="-73.9771230518817901611328125">
        <ele>24.200000762939453125</ele>
        <time>2025-09-16T23:39:03.000Z</time>
        <extensions>
          <ns3:TrackPointExtension>
            <ns3:hr>158</ns3:hr>
            <ns3:cad>81</ns3:cad>
          </ns3:TrackPointExtension>
        </extensions>
      </trkpt>
      <trkpt lat="40.77153042890131473541259765625" lon="-73.9772848226130008697509765625">
        <ele>23.200000762939453125</ele>
        <time>2025-09-16T23:39:12.000Z</time>
        <extensions>
          <ns3:TrackPointExtension>
            <ns3:hr>160</ns3:hr>
            <ns3:cad>83</ns3:cad>
          </ns3:TrackPointExtension>
        </extensions>
      </trkpt>
      <trkpt lat="40.77145365066826343536376953125" lon="-73.97735682316124439239501953125">
        <ele>22.200000762939453125</ele>
        <time>2025-09-16T23:39:16.000Z</time>
        <extensions>
          <ns3:TrackPointExtension>
            <ns3:hr>163</ns3:hr>
            <ns3:cad>85</ns3:cad>
          </ns3:TrackPointExtension>
        </extensions>
      </trkpt>
      <trkpt lat="40.7713900320231914520263671875" lon="-73.97743779234588146209716796875">
        <ele>21</ele>
        <time>2025-09-16T23:39:20.000Z</time>
        <extensions>
          <ns3:TrackPointExtension>
            <ns3:hr>166</ns3:hr>
            <ns3:cad>84</ns3:cad>
          </ns3:TrackPointExtension>
        </extensions>
      </trkpt>
      <trkpt lat="40.77127528376877307891845703125" lon="-73.97761900909245014190673828125">
        <ele>20.6000003814697265625</ele>
        <time>2025-09-16T23:39:28.000Z</time>
        <extensions>
          <ns3:TrackPointExtension>
            <ns3:hr>163</ns3:hr>
            <ns3:cad>81</ns3:cad>
          </ns3:TrackPointExtension>
        </extensions>
      </trkpt>
      <trkpt lat="40.77115592546761035919189453125" lon="-73.97781581617891788482666015625">
        <ele>21.200000762939453125</ele>
        <time>2025-09-16T23:39:35.000Z</time>
        <extensions>
          <ns3:TrackPointExtension>
            <ns3:hr>161</ns3:hr>
            <ns3:cad>84</ns3:cad>
          </ns3:TrackPointExtension>
        </extensions>
      </trkpt>
      <trkpt lat="40.77102416194975376129150390625" lon="-73.97800214588642120361328125">
        <ele>21.799999237060546875</ele>
        <time>2025-09-16T23:39:41.000Z</time>
        <extensions>
          <ns3:TrackPointExtension>
            <ns3:hr>158</ns3:hr>
            <ns3:cad>85</ns3:cad>
          </ns3:TrackPointExtension>
        </extensions>
      </trkpt>
      <trkpt lat="40.77090681530535221099853515625" lon="-73.978190235793590545654296875">
        <ele>21.3999996185302734375</ele>
        <time>2025-09-16T23:39:47.000Z</time>
        <extensions>
          <ns3:TrackPointExtension>
            <ns3:hr>160</ns3:hr>
            <ns3:cad>84</ns3:cad>
          </ns3:TrackPointExtension>
        </extensions>
      </trkpt>
      <trkpt lat="40.77077387832105159759521484375" lon="-73.97836231626570224761962890625">
        <ele>20.3999996185302734375</ele>
        <time>2025-09-16T23:39:53.000Z</time>
        <extensions>
          <ns3:TrackPointExtension>
            <ns3:hr>159</ns3:hr>
            <ns3:cad>83</ns3:cad>
          </ns3:TrackPointExtension>
        </extensions>
      </trkpt>
      <trkpt lat="40.77075225301086902618408203125" lon="-73.9783919043838977813720703125">
        <ele>20.3999996185302734375</ele>
        <time>2025-09-16T23:39:54.000Z</time>
        <extensions>
          <ns3:TrackPointExtension>
            <ns3:hr>154</ns3:hr>
            <ns3:cad>83</ns3:cad>
          </ns3:TrackPointExtension>
        </extensions>
      </trkpt>
      <trkpt lat="40.77073347754776477813720703125" lon="-73.97842752747237682342529296875">
        <ele>20.200000762939453125</ele>
        <time>2025-09-16T23:39:55.000Z</time>
        <extensions>
          <ns3:TrackPointExtension>
            <ns3:hr>150</ns3:hr>
            <ns3:cad>83</ns3:cad>
          </ns3:TrackPointExtension>
        </extensions>
      </trkpt>
      <trkpt lat="40.77067798934876918792724609375" lon="-73.97850883193314075469970703125">
        <ele>19.799999237060546875</ele>
        <time>2025-09-16T23:39:58.000Z</time>
        <extensions>
          <ns3:TrackPointExtension>
            <ns3:hr>148</ns3:hr>
            <ns3:cad>83</ns3:cad>
          </ns3:TrackPointExtension>
        </extensions>
      </trkpt>
      <trkpt lat="40.77054086141288280487060546875" lon="-73.97868208587169647216796875">
        <ele>19.200000762939453125</ele>
        <time>2025-09-16T23:40:04.000Z</time>
        <extensions>
          <ns3:TrackPointExtension>
            <ns3:hr>149</ns3:hr>
            <ns3:cad>83</ns3:cad>
          </ns3:TrackPointExtension>
        </extensions>
      </trkpt>
      <trkpt lat="40.77037992887198925018310546875" lon="-73.97885181941092014312744140625">
        <ele>19</ele>
        <time>2025-09-16T23:40:10.000Z</time>
        <extensions>
          <ns3:TrackPointExtension>
            <ns3:hr>150</ns3:hr>
            <ns3:cad>82</ns3:cad>
          </ns3:TrackPointExtension>
        </extensions>
      </trkpt>
      <trkpt lat="40.77024045400321483612060546875" lon="-73.97901543416082859039306640625">
        <ele>20</ele>
        <time>2025-09-16T23:40:16.000Z</time>
        <extensions>
          <ns3:TrackPointExtension>
            <ns3:hr>153</ns3:hr>
            <ns3:cad>84</ns3:cad>
          </ns3:TrackPointExtension>
        </extensions>
      </trkpt>
      <trkpt lat="40.7700824551284313201904296875" lon="-73.9791762828826904296875">
        <ele>20.799999237060546875</ele>
        <time>2025-09-16T23:40:23.000Z</time>
        <extensions>
          <ns3:TrackPointExtension>
            <ns3:hr>155</ns3:hr>
            <ns3:cad>82</ns3:cad>
          </ns3:TrackPointExtension>
        </extensions>
      </trkpt>
      <trkpt lat="40.770058818161487579345703125" lon="-73.9792039431631565093994140625">
        <ele>20.799999237060546875</ele>
        <time>2025-09-16T23:40:24.000Z</time>
        <extensions>
          <ns3:TrackPointExtension>
            <ns3:hr>156</ns3:hr>
            <ns3:cad>82</ns3:cad>
          </ns3:TrackPointExtension>
        </extensions>
      </trkpt>
      <trkpt lat="40.7698973827064037322998046875" lon="-73.979344926774501800537109375">
        <ele>21.200000762939453125</ele>
        <time>2025-09-16T23:40:30.000Z</time>
        <extensions>
          <ns3:TrackPointExtension>
            <ns3:hr>157</ns3:hr>
            <ns3:cad>81</ns3:cad>
          </ns3:TrackPointExtension>
        </extensions>
      </trkpt>
      <trkpt lat="40.7698192633688449859619140625" lon="-73.9794111438095569610595703125">
        <ele>21.6000003814697265625</ele>
        <time>2025-09-16T23:40:33.000Z</time>
        <extensions>
          <ns3:TrackPointExtension>
            <ns3:hr>160</ns3:hr>
            <ns3:cad>81</ns3:cad>
          </ns3:TrackPointExtension>
        </extensions>
      </trkpt>
      <trkpt lat="40.76965288259088993072509765625" lon="-73.97953108884394168853759765625">
        <ele>21.200000762939453125</ele>
        <time>2025-09-16T23:40:39.000Z</time>
        <extensions>
          <ns3:TrackPointExtension>
            <ns3:hr>161</ns3:hr>
            <ns3:cad>81</ns3:cad>
          </ns3:TrackPointExtension>
        </extensions>
      </trkpt>
      <trkpt lat="40.769486837089061737060546875" lon="-73.979646004736423492431640625">
        <ele>21</ele>
        <time>2025-09-16T23:40:45.000Z</time>
        <extensions>
          <ns3:TrackPointExtension>
            <ns3:hr>159</ns3:hr>
            <ns3:cad>83</ns3:cad>
          </ns3:TrackPointExtension>
        </extensions>
      </trkpt>
      <trkpt lat="40.76931190676987171173095703125" lon="-73.97974633611738681793212890625">
        <ele>21</ele>
        <time>2025-09-16T23:40:52.000Z</time>
        <extensions>
          <ns3:TrackPointExtension>
            <ns3:hr>158</ns3:hr>
            <ns3:cad>81</ns3:cad>
          </ns3:TrackPointExtension>
        </extensions>
      </trkpt>
      <trkpt lat="40.76917695812880992889404296875" lon="-73.9798208512365818023681640625">
        <ele>21</ele>
        <time>2025-09-16T23:40:58.000Z</time>
        <extensions>
          <ns3:TrackPointExtension>
            <ns3:hr>157</ns3:hr>
            <ns3:cad>79</ns3:cad>
          </ns3:TrackPointExtension>
        </extensions>
      </trkpt>
      <trkpt lat="40.76899959705770015716552734375" lon="-73.97988849319517612457275390625">
        <ele>21</ele>
        <time>2025-09-16T23:41:07.000Z</time>
        <extensions>
          <ns3:TrackPointExtension>
            <ns3:hr>156</ns3:hr>
            <ns3:cad>80</ns3:cad>
          </ns3:TrackPointExtension>
        </extensions>
      </trkpt>
      <trkpt lat="40.76879859901964664459228515625" lon="-73.97984188981354236602783203125">
        <ele>21</ele>
        <time>2025-09-16T23:41:16.000Z</time>
        <extensions>
          <ns3:TrackPointExtension>
            <ns3:hr>157</ns3:hr>
            <ns3:cad>81</ns3:cad>
          </ns3:TrackPointExtension>
        </extensions>
      </trkpt>
      <trkpt lat="40.7686196453869342803955078125" lon="-73.97975337691605091094970703125">
        <ele>21.6000003814697265625</ele>
        <time>2025-09-16T23:41:25.000Z</time>
        <extensions>
          <ns3:TrackPointExtension>
            <ns3:hr>159</ns3:hr>
            <ns3:cad>80</ns3:cad>
          </ns3:TrackPointExtension>
        </extensions>
      </trkpt>
      <trkpt lat="40.7684463076293468475341796875" lon="-73.97963804192841053009033203125">
        <ele>22.6000003814697265625</ele>
        <time>2025-09-16T23:41:34.000Z</time>
        <extensions>
          <ns3:TrackPointExtension>
            <ns3:hr>161</ns3:hr>
            <ns3:cad>82</ns3:cad>
          </ns3:TrackPointExtension>
        </extensions>
      </trkpt>
      <trkpt lat="40.7683125324547290802001953125" lon="-73.97948004305362701416015625">
        <ele>23.3999996185302734375</ele>
        <time>2025-09-16T23:41:43.000Z</time>
        <extensions>
          <ns3:TrackPointExtension>
            <ns3:hr>161</ns3:hr>
            <ns3:cad>81</ns3:cad>
          </ns3:TrackPointExtension>
        </extensions>
      </trkpt>
      <trkpt lat="40.76827640645205974578857421875" lon="-73.97944509051740169525146484375">
        <ele>23.200000762939453125</ele>
        <time>2025-09-16T23:41:45.000Z</time>
        <extensions>
          <ns3:TrackPointExtension>
            <ns3:hr>167</ns3:hr>
            <ns3:cad>82</ns3:cad>
          </ns3:TrackPointExtension>
        </extensions>
      </trkpt>
      <trkpt lat="40.76825981028378009796142578125" lon="-73.97942312993109226226806640625">
        <ele>23.200000762939453125</ele>
        <time>2025-09-16T23:41:46.000Z</time>
        <extensions>
          <ns3:TrackPointExtension>
            <ns3:hr>172</ns3:hr>
            <ns3:cad>81</ns3:cad>
          </ns3:TrackPointExtension>
        </extensions>
      </trkpt>
      <trkpt lat="40.76819778420031070709228515625" lon="-73.9793343655765056610107421875">
        <ele>22.6000003814697265625</ele>
        <time>2025-09-16T23:41:50.000Z</time>
        <extensions>
          <ns3:TrackPointExtension>
            <ns3:hr>168</ns3:hr>
            <ns3:cad>79</ns3:cad>
          </ns3:TrackPointExtension>
        </extensions>
      </trkpt>
      <trkpt lat="40.768185965716838836669921875" lon="-73.9793159253895282745361328125">
        <ele>22.6000003814697265625</ele>
        <time>2025-09-16T23:41:51.000Z</time>
        <extensions>
          <ns3:TrackPointExtension>
            <ns3:hr>168</ns3:hr>
            <ns3:cad>79</ns3:cad>
          </ns3:TrackPointExtension>
        </extensions>
      </trkpt>
      <trkpt lat="40.768047161400318145751953125" lon="-73.97913998924195766448974609375">
        <ele>21.799999237060546875</ele>
        <time>2025-09-16T23:41:59.000Z</time>
        <extensions>
          <ns3:TrackPointExtension>
            <ns3:hr>167</ns3:hr>
            <ns3:cad>81</ns3:cad>
          </ns3:TrackPointExtension>
        </extensions>
      </trkpt>
      <trkpt lat="40.7679395377635955810546875" lon="-73.97894402034580707550048828125">
        <ele>20.3999996185302734375</ele>
        <time>2025-09-16T23:42:07.000Z</time>
        <extensions>
          <ns3:TrackPointExtension>
            <ns3:hr>163</ns3:hr>
            <ns3:cad>80</ns3:cad>
          </ns3:TrackPointExtension>
        </extensions>
      </trkpt>
      <trkpt lat="40.7679108716547489166259765625" lon="-73.97878057323396205902099609375">
        <ele>19.3999996185302734375</ele>
        <time>2025-09-16T23:42:13.000Z</time>
        <extensions>
          <ns3:TrackPointExtension>
            <ns3:hr>166</ns3:hr>
            <ns3:cad>81</ns3:cad>
          </ns3:TrackPointExtension>
        </extensions>
      </trkpt>
      <trkpt lat="40.767959319055080413818359375" lon="-73.978699855506420135498046875">
        <ele>18.799999237060546875</ele>
        <time>2025-09-16T23:42:18.000Z</time>
        <extensions>
          <ns3:TrackPointExtension>
            <ns3:hr>163</ns3:hr>
            <ns3:cad>76</ns3:cad>
          </ns3:TrackPointExtension>
        </extensions>
      </trkpt>
      <trkpt lat="40.7680865563452243804931640625" lon="-73.9785196445882320404052734375">
        <ele>18</ele>
        <time>2025-09-16T23:42:27.000Z</time>
        <extensions>
          <ns3:TrackPointExtension>
            <ns3:hr>163</ns3:hr>
            <ns3:cad>80</ns3:cad>
          </ns3:TrackPointExtension>
        </extensions>
      </trkpt>
      <trkpt lat="40.76815822161734104156494140625" lon="-73.97840389050543308258056640625">
        <ele>18</ele>
        <time>2025-09-16T23:42:32.000Z</time>
        <extensions>
          <ns3:TrackPointExtension>
            <ns3:hr>160</ns3:hr>
            <ns3:cad>80</ns3:cad>
          </ns3:TrackPointExtension>
        </extensions>
      </trkpt>
      <trkpt lat="40.7683064974844455718994140625" lon="-73.97830196656286716461181640625">
        <ele>18</ele>
        <time>2025-09-16T23:42:40.000Z</time>
        <extensions>
          <ns3:TrackPointExtension>
            <ns3:hr>163</ns3:hr>
            <ns3:cad>78</ns3:cad>
          </ns3:TrackPointExtension>
        </extensions>
      </trkpt>
      <trkpt lat="40.76840691268444061279296875" lon="-73.97832744754850864410400390625">
        <ele>18</ele>
        <time>2025-09-16T23:42:45.000Z</time>
        <extensions>
          <ns3:TrackPointExtension>
            <ns3:hr>166</ns3:hr>
            <ns3:cad>80</ns3:cad>
          </ns3:TrackPointExtension>
        </extensions>
      </trkpt>
      <trkpt lat="40.7684893906116485595703125" lon="-73.978396095335483551025390625">
        <ele>18.3999996185302734375</ele>
        <time>2025-09-16T23:42:51.000Z</time>
        <extensions>
          <ns3:TrackPointExtension>
            <ns3:hr>167</ns3:hr>
            <ns3:cad>79</ns3:cad>
          </ns3:TrackPointExtension>
        </extensions>
      </trkpt>
    </trkseg>
  </trk>
</gpx>
