<gpx xmlns:ns3="http://www.garmin.com/xmlschemas/TrackPointExtension/v1" xmlns="http://www.topografix.com/GPX/1/1" xmlns:xsi="http://www.w3.org/2001/XMLSchema-instance" xmlns:ns2="http://www.garmin.com/xmlschemas/GpxExtensions/v3" creator="Garmin Connect" version="1.1" xsi:schemaLocation="http://www.topografix.com/GPX/1/1 http://www.topografix.com/GPX/11.xsd">
  <extensions>
<distance>10020.56</distance>
<average_hr>150.0</average_hr>
<average_speed>2.2239999771118164</average_speed>
<start_time>2025-09-26T22:57:49+00:00</start_time>
<end_time>2025-09-27T00:12:54.497000+00:00</end_time>
<moving_time>4502.0</moving_time>
<elapsed_time>4505.497</elapsed_time>
</extensions>
<metadata>
    <link href="connect.garmin.com">
      <text>Garmin Connect</text>
    </link>
    <time>2025-09-26T22:57:49.000Z</time>
  </metadata>
  <trk>
    <name>New York Running</name>
    <type>running</type>
    <trkseg>
      <trkpt lat="40.7688809931278228759765625" lon="-73.97992956452071666717529296875">
        <ele>21</ele>
        <time>2025-09-26T22:57:49.000Z</time>
        <extensions>
          <ns3:TrackPointExtension>
            <ns3:hr>79</ns3:hr>
            <ns3:cad>0</ns3:cad>
          </ns3:TrackPointExtension>
        </extensions>
      </trkpt>
      <trkpt lat="40.76884746551513671875" lon="-73.979940377175807952880859375">
        <ele>21</ele>
        <time>2025-09-26T22:57:50.000Z</time>
        <extensions>
          <ns3:TrackPointExtension>
            <ns3:hr>79</ns3:hr>
            <ns3:cad>0</ns3:cad>
          </ns3:TrackPointExtension>
        </extensions>
      </trkpt>
      <trkpt lat="40.768892727792263031005859375" lon="-73.97986770607531070709228515625">
        <ele>21</ele>
        <time>2025-09-26T22:57:51.000Z</time>
        <extensions>
          <ns3:TrackPointExtension>
            <ns3:hr>88</ns3:hr>
            <ns3:cad>0</ns3:cad>
          </ns3:TrackPointExtension>
        </extensions>
      </trkpt>
      <trkpt lat="40.76888761483132839202880859375" lon="-73.9798641018569469451904296875">
        <ele>21</ele>
        <time>2025-09-26T22:57:52.000Z</time>
        <extensions>
          <ns3:TrackPointExtension>
            <ns3:hr>88</ns3:hr>
            <ns3:cad>55</ns3:cad>
          </ns3:TrackPointExtension>
        </extensions>
      </trkpt>
      <trkpt lat="40.76885945163667201995849609375" lon="-73.97984708659350872039794921875">
        <ele>21</ele>
        <time>2025-09-26T22:57:54.000Z</time>
        <extensions>
          <ns3:TrackPointExtension>
            <ns3:hr>84</ns3:hr>
            <ns3:cad>56</ns3:cad>
          </ns3:TrackPointExtension>
        </extensions>
      </trkpt>
      <trkpt lat="40.76885274611413478851318359375" lon="-73.97984105162322521209716796875">
        <ele>21</ele>
        <time>2025-09-26T22:57:55.000Z</time>
        <extensions>
          <ns3:TrackPointExtension>
            <ns3:hr>81</ns3:hr>
            <ns3:cad>55</ns3:cad>
          </ns3:TrackPointExtension>
        </extensions>
      </trkpt>
      <trkpt lat="40.76881402172148227691650390625" lon="-73.9797722361981868743896484375">
        <ele>21</ele>
        <time>2025-09-26T22:57:59.000Z</time>
        <extensions>
          <ns3:TrackPointExtension>
            <ns3:hr>78</ns3:hr>
            <ns3:cad>83</ns3:cad>
          </ns3:TrackPointExtension>
        </extensions>
      </trkpt>
      <trkpt lat="40.768639929592609405517578125" lon="-73.97966436110436916351318359375">
        <ele>22.200000762939453125</ele>
        <time>2025-09-26T22:58:09.000Z</time>
        <extensions>
          <ns3:TrackPointExtension>
            <ns3:hr>80</ns3:hr>
            <ns3:cad>88</ns3:cad>
          </ns3:TrackPointExtension>
        </extensions>
      </trkpt>
      <trkpt lat="40.76855233870446681976318359375" lon="-73.97954651154577732086181640625">
        <ele>23.3999996185302734375</ele>
        <time>2025-09-26T22:58:15.000Z</time>
        <extensions>
          <ns3:TrackPointExtension>
            <ns3:hr>83</ns3:hr>
            <ns3:cad>85</ns3:cad>
          </ns3:TrackPointExtension>
        </extensions>
      </trkpt>
      <trkpt lat="40.76852953992784023284912109375" lon="-73.9795343577861785888671875">
        <ele>23.3999996185302734375</ele>
        <time>2025-09-26T22:58:16.000Z</time>
        <extensions>
          <ns3:TrackPointExtension>
            <ns3:hr>89</ns3:hr>
            <ns3:cad>85</ns3:cad>
          </ns3:TrackPointExtension>
        </extensions>
      </trkpt>
      <trkpt lat="40.7685066573321819305419921875" lon="-73.97951918654143810272216796875">
        <ele>23.3999996185302734375</ele>
        <time>2025-09-26T22:58:17.000Z</time>
        <extensions>
          <ns3:TrackPointExtension>
            <ns3:hr>95</ns3:hr>
            <ns3:cad>85</ns3:cad>
          </ns3:TrackPointExtension>
        </extensions>
      </trkpt>
      <trkpt lat="40.76848897151648998260498046875" lon="-73.9795040152966976165771484375">
        <ele>23.6000003814697265625</ele>
        <time>2025-09-26T22:58:18.000Z</time>
        <extensions>
          <ns3:TrackPointExtension>
            <ns3:hr>98</ns3:hr>
            <ns3:cad>85</ns3:cad>
          </ns3:TrackPointExtension>
        </extensions>
      </trkpt>
      <trkpt lat="40.76846466399729251861572265625" lon="-73.97949571721255779266357421875">
        <ele>23.6000003814697265625</ele>
        <time>2025-09-26T22:58:19.000Z</time>
        <extensions>
          <ns3:TrackPointExtension>
            <ns3:hr>98</ns3:hr>
            <ns3:cad>85</ns3:cad>
          </ns3:TrackPointExtension>
        </extensions>
      </trkpt>
      <trkpt lat="40.7683715410530567169189453125" lon="-73.97950912825763225555419921875">
        <ele>23.6000003814697265625</ele>
        <time>2025-09-26T22:58:22.000Z</time>
        <extensions>
          <ns3:TrackPointExtension>
            <ns3:hr>103</ns3:hr>
            <ns3:cad>85</ns3:cad>
          </ns3:TrackPointExtension>
        </extensions>
      </trkpt>
      <trkpt lat="40.76827657409012317657470703125" lon="-73.979464955627918243408203125">
        <ele>23.200000762939453125</ele>
        <time>2025-09-26T22:58:26.000Z</time>
        <extensions>
          <ns3:TrackPointExtension>
            <ns3:hr>106</ns3:hr>
            <ns3:cad>85</ns3:cad>
          </ns3:TrackPointExtension>
        </extensions>
      </trkpt>
      <trkpt lat="40.7682426273822784423828125" lon="-73.97946939803659915924072265625">
        <ele>23.200000762939453125</ele>
        <time>2025-09-26T22:58:27.000Z</time>
        <extensions>
          <ns3:TrackPointExtension>
            <ns3:hr>111</ns3:hr>
            <ns3:cad>84</ns3:cad>
          </ns3:TrackPointExtension>
        </extensions>
      </trkpt>
      <trkpt lat="40.76819594018161296844482421875" lon="-73.97944995202124118804931640625">
        <ele>23</ele>
        <time>2025-09-26T22:58:29.000Z</time>
        <extensions>
          <ns3:TrackPointExtension>
            <ns3:hr>114</ns3:hr>
            <ns3:cad>84</ns3:cad>
          </ns3:TrackPointExtension>
        </extensions>
      </trkpt>
      <trkpt lat="40.76818051747977733612060546875" lon="-73.97942899726331233978271484375">
        <ele>23</ele>
        <time>2025-09-26T22:58:30.000Z</time>
        <extensions>
          <ns3:TrackPointExtension>
            <ns3:hr>111</ns3:hr>
            <ns3:cad>84</ns3:cad>
          </ns3:TrackPointExtension>
        </extensions>
      </trkpt>
      <trkpt lat="40.76820516027510166168212890625" lon="-73.9792431704699993133544921875">
        <ele>22.3999996185302734375</ele>
        <time>2025-09-26T22:58:36.000Z</time>
        <extensions>
          <ns3:TrackPointExtension>
            <ns3:hr>108</ns3:hr>
            <ns3:cad>85</ns3:cad>
          </ns3:TrackPointExtension>
        </extensions>
      </trkpt>
      <trkpt lat="40.768269114196300506591796875" lon="-73.9790523983538150787353515625">
        <ele>20.799999237060546875</ele>
        <time>2025-09-26T22:58:41.000Z</time>
        <extensions>
          <ns3:TrackPointExtension>
            <ns3:hr>113</ns3:hr>
            <ns3:cad>84</ns3:cad>
          </ns3:TrackPointExtension>
        </extensions>
      </trkpt>
      <trkpt lat="40.76824908144772052764892578125" lon="-73.9790285937488079071044921875">
        <ele>20.6000003814697265625</ele>
        <time>2025-09-26T22:58:43.000Z</time>
        <extensions>
          <ns3:TrackPointExtension>
            <ns3:hr>116</ns3:hr>
            <ns3:cad>83</ns3:cad>
          </ns3:TrackPointExtension>
        </extensions>
      </trkpt>
      <trkpt lat="40.7682062499225139617919921875" lon="-73.97899548523128032684326171875">
        <ele>20.200000762939453125</ele>
        <time>2025-09-26T22:58:46.000Z</time>
        <extensions>
          <ns3:TrackPointExtension>
            <ns3:hr>111</ns3:hr>
            <ns3:cad>83</ns3:cad>
          </ns3:TrackPointExtension>
        </extensions>
      </trkpt>
      <trkpt lat="40.76818831264972686767578125" lon="-73.97898341529071331024169921875">
        <ele>20.200000762939453125</ele>
        <time>2025-09-26T22:58:47.000Z</time>
        <extensions>
          <ns3:TrackPointExtension>
            <ns3:hr>111</ns3:hr>
            <ns3:cad>83</ns3:cad>
          </ns3:TrackPointExtension>
        </extensions>
      </trkpt>
      <trkpt lat="40.7681589759886264801025390625" lon="-73.97895676083862781524658203125">
        <ele>19.799999237060546875</ele>
        <time>2025-09-26T22:58:49.000Z</time>
        <extensions>
          <ns3:TrackPointExtension>
            <ns3:hr>114</ns3:hr>
            <ns3:cad>84</ns3:cad>
          </ns3:TrackPointExtension>
        </extensions>
      </trkpt>
      <trkpt lat="40.768145062029361724853515625" lon="-73.97895005531609058380126953125">
        <ele>19.799999237060546875</ele>
        <time>2025-09-26T22:58:50.000Z</time>
        <extensions>
          <ns3:TrackPointExtension>
            <ns3:hr>117</ns3:hr>
            <ns3:cad>84</ns3:cad>
          </ns3:TrackPointExtension>
        </extensions>
      </trkpt>
      <trkpt lat="40.76813508756458759307861328125" lon="-73.978935219347476959228515625">
        <ele>19.6000003814697265625</ele>
        <time>2025-09-26T22:58:51.000Z</time>
        <extensions>
          <ns3:TrackPointExtension>
            <ns3:hr>122</ns3:hr>
            <ns3:cad>85</ns3:cad>
          </ns3:TrackPointExtension>
        </extensions>
      </trkpt>
      <trkpt lat="40.768126957118511199951171875" lon="-73.97891954518854618072509765625">
        <ele>19.6000003814697265625</ele>
        <time>2025-09-26T22:58:52.000Z</time>
        <extensions>
          <ns3:TrackPointExtension>
            <ns3:hr>126</ns3:hr>
            <ns3:cad>84</ns3:cad>
          </ns3:TrackPointExtension>
        </extensions>
      </trkpt>
      <trkpt lat="40.768120251595973968505859375" lon="-73.978903032839298248291015625">
        <ele>19.3999996185302734375</ele>
        <time>2025-09-26T22:58:53.000Z</time>
        <extensions>
          <ns3:TrackPointExtension>
            <ns3:hr>132</ns3:hr>
            <ns3:cad>84</ns3:cad>
          </ns3:TrackPointExtension>
        </extensions>
      </trkpt>
      <trkpt lat="40.7681157253682613372802734375" lon="-73.97888123989105224609375">
        <ele>19.3999996185302734375</ele>
        <time>2025-09-26T22:58:54.000Z</time>
        <extensions>
          <ns3:TrackPointExtension>
            <ns3:hr>136</ns3:hr>
            <ns3:cad>84</ns3:cad>
          </ns3:TrackPointExtension>
        </extensions>
      </trkpt>
      <trkpt lat="40.76811279170215129852294921875" lon="-73.97886087186634540557861328125">
        <ele>19.200000762939453125</ele>
        <time>2025-09-26T22:58:55.000Z</time>
        <extensions>
          <ns3:TrackPointExtension>
            <ns3:hr>143</ns3:hr>
            <ns3:cad>84</ns3:cad>
          </ns3:TrackPointExtension>
        </extensions>
      </trkpt>
      <trkpt lat="40.76811329461634159088134765625" lon="-73.97883824072778224945068359375">
        <ele>19.200000762939453125</ele>
        <time>2025-09-26T22:58:56.000Z</time>
        <extensions>
          <ns3:TrackPointExtension>
            <ns3:hr>147</ns3:hr>
            <ns3:cad>83</ns3:cad>
          </ns3:TrackPointExtension>
        </extensions>
      </trkpt>
      <trkpt lat="40.768123604357242584228515625" lon="-73.97879247553646564483642578125">
        <ele>19</ele>
        <time>2025-09-26T22:58:58.000Z</time>
        <extensions>
          <ns3:TrackPointExtension>
            <ns3:hr>140</ns3:hr>
            <ns3:cad>83</ns3:cad>
          </ns3:TrackPointExtension>
        </extensions>
      </trkpt>
      <trkpt lat="40.768125616014003753662109375" lon="-73.97877554409205913543701171875">
        <ele>19</ele>
        <time>2025-09-26T22:58:59.000Z</time>
        <extensions>
          <ns3:TrackPointExtension>
            <ns3:hr>137</ns3:hr>
            <ns3:cad>84</ns3:cad>
          </ns3:TrackPointExtension>
        </extensions>
      </trkpt>
      <trkpt lat="40.76812217943370342254638671875" lon="-73.97866942919790744781494140625">
        <ele>18.6000003814697265625</ele>
        <time>2025-09-26T22:59:03.000Z</time>
        <extensions>
          <ns3:TrackPointExtension>
            <ns3:hr>134</ns3:hr>
            <ns3:cad>84</ns3:cad>
          </ns3:TrackPointExtension>
        </extensions>
      </trkpt>
      <trkpt lat="40.76801170594990253448486328125" lon="-73.9784539304673671722412109375">
        <ele>18</ele>
        <time>2025-09-26T22:59:10.000Z</time>
        <extensions>
          <ns3:TrackPointExtension>
            <ns3:hr>134</ns3:hr>
            <ns3:cad>88</ns3:cad>
          </ns3:TrackPointExtension>
        </extensions>
      </trkpt>
      <trkpt lat="40.76792956329882144927978515625" lon="-73.978356532752513885498046875">
        <ele>18</ele>
        <time>2025-09-26T22:59:14.000Z</time>
        <extensions>
          <ns3:TrackPointExtension>
            <ns3:hr>138</ns3:hr>
            <ns3:cad>85</ns3:cad>
          </ns3:TrackPointExtension>
        </extensions>
      </trkpt>
      <trkpt lat="40.767824538052082061767578125" lon="-73.97815913893282413482666015625">
        <ele>18</ele>
        <time>2025-09-26T22:59:21.000Z</time>
        <extensions>
          <ns3:TrackPointExtension>
            <ns3:hr>134</ns3:hr>
            <ns3:cad>87</ns3:cad>
          </ns3:TrackPointExtension>
        </extensions>
      </trkpt>
      <trkpt lat="40.767796039581298828125" lon="-73.9781206659972667694091796875">
        <ele>18</ele>
        <time>2025-09-26T22:59:23.000Z</time>
        <extensions>
          <ns3:TrackPointExtension>
            <ns3:hr>131</ns3:hr>
            <ns3:cad>87</ns3:cad>
          </ns3:TrackPointExtension>
        </extensions>
      </trkpt>
      <trkpt lat="40.76767869293689727783203125" lon="-73.978001140058040618896484375">
        <ele>17.799999237060546875</ele>
        <time>2025-09-26T22:59:29.000Z</time>
        <extensions>
          <ns3:TrackPointExtension>
            <ns3:hr>134</ns3:hr>
            <ns3:cad>85</ns3:cad>
          </ns3:TrackPointExtension>
        </extensions>
      </trkpt>
      <trkpt lat="40.76764206402003765106201171875" lon="-73.97792662493884563446044921875">
        <ele>17.6000003814697265625</ele>
        <time>2025-09-26T22:59:32.000Z</time>
        <extensions>
          <ns3:TrackPointExtension>
            <ns3:hr>137</ns3:hr>
            <ns3:cad>87</ns3:cad>
          </ns3:TrackPointExtension>
        </extensions>
      </trkpt>
      <trkpt lat="40.76754868961870670318603515625" lon="-73.9777253754436969757080078125">
        <ele>17.3999996185302734375</ele>
        <time>2025-09-26T22:59:40.000Z</time>
        <extensions>
          <ns3:TrackPointExtension>
            <ns3:hr>138</ns3:hr>
            <ns3:cad>85</ns3:cad>
          </ns3:TrackPointExtension>
        </extensions>
      </trkpt>
      <trkpt lat="40.7674897648394107818603515625" lon="-73.97748045623302459716796875">
        <ele>17.6000003814697265625</ele>
        <time>2025-09-26T22:59:49.000Z</time>
        <extensions>
          <ns3:TrackPointExtension>
            <ns3:hr>138</ns3:hr>
            <ns3:cad>84</ns3:cad>
          </ns3:TrackPointExtension>
        </extensions>
      </trkpt>
      <trkpt lat="40.76741424389183521270751953125" lon="-73.97724048234522342681884765625">
        <ele>18.799999237060546875</ele>
        <time>2025-09-26T22:59:58.000Z</time>
        <extensions>
          <ns3:TrackPointExtension>
            <ns3:hr>136</ns3:hr>
            <ns3:cad>85</ns3:cad>
          </ns3:TrackPointExtension>
        </extensions>
      </trkpt>
      <trkpt lat="40.767390690743923187255859375" lon="-73.9769931323826313018798828125">
        <ele>19.799999237060546875</ele>
        <time>2025-09-26T23:00:07.000Z</time>
        <extensions>
          <ns3:TrackPointExtension>
            <ns3:hr>137</ns3:hr>
            <ns3:cad>85</ns3:cad>
          </ns3:TrackPointExtension>
        </extensions>
      </trkpt>
      <trkpt lat="40.76737719587981700897216796875" lon="-73.97674963809549808502197265625">
        <ele>20.6000003814697265625</ele>
        <time>2025-09-26T23:00:16.000Z</time>
        <extensions>
          <ns3:TrackPointExtension>
            <ns3:hr>136</ns3:hr>
            <ns3:cad>84</ns3:cad>
          </ns3:TrackPointExtension>
        </extensions>
      </trkpt>
      <trkpt lat="40.767429582774639129638671875" lon="-73.97650815546512603759765625">
        <ele>20.799999237060546875</ele>
        <time>2025-09-26T23:00:27.000Z</time>
        <extensions>
          <ns3:TrackPointExtension>
            <ns3:hr>137</ns3:hr>
            <ns3:cad>83</ns3:cad>
          </ns3:TrackPointExtension>
        </extensions>
      </trkpt>
      <trkpt lat="40.76755690388381481170654296875" lon="-73.97631746716797351837158203125">
        <ele>20</ele>
        <time>2025-09-26T23:00:38.000Z</time>
        <extensions>
          <ns3:TrackPointExtension>
            <ns3:hr>137</ns3:hr>
            <ns3:cad>85</ns3:cad>
          </ns3:TrackPointExtension>
        </extensions>
      </trkpt>
      <trkpt lat="40.76771934516727924346923828125" lon="-73.9762122742831707000732421875">
        <ele>19</ele>
        <time>2025-09-26T23:00:47.000Z</time>
        <extensions>
          <ns3:TrackPointExtension>
            <ns3:hr>138</ns3:hr>
            <ns3:cad>86</ns3:cad>
          </ns3:TrackPointExtension>
        </extensions>
      </trkpt>
      <trkpt lat="40.76789251528680324554443359375" lon="-73.97611387073993682861328125">
        <ele>19</ele>
        <time>2025-09-26T23:00:56.000Z</time>
        <extensions>
          <ns3:TrackPointExtension>
            <ns3:hr>138</ns3:hr>
            <ns3:cad>86</ns3:cad>
          </ns3:TrackPointExtension>
        </extensions>
      </trkpt>
      <trkpt lat="40.76796208508312702178955078125" lon="-73.9760771580040454864501953125">
        <ele>18.6000003814697265625</ele>
        <time>2025-09-26T23:01:00.000Z</time>
        <extensions>
          <ns3:TrackPointExtension>
            <ns3:hr>138</ns3:hr>
            <ns3:cad>86</ns3:cad>
          </ns3:TrackPointExtension>
        </extensions>
      </trkpt>
      <trkpt lat="40.76813089661300182342529296875" lon="-73.976014293730258941650390625">
        <ele>17.200000762939453125</ele>
        <time>2025-09-26T23:01:10.000Z</time>
        <extensions>
          <ns3:TrackPointExtension>
            <ns3:hr>139</ns3:hr>
            <ns3:cad>85</ns3:cad>
          </ns3:TrackPointExtension>
        </extensions>
      </trkpt>
      <trkpt lat="40.768307335674762725830078125" lon="-73.9759239368140697479248046875">
        <ele>16</ele>
        <time>2025-09-26T23:01:20.000Z</time>
        <extensions>
          <ns3:TrackPointExtension>
            <ns3:hr>141</ns3:hr>
            <ns3:cad>86</ns3:cad>
          </ns3:TrackPointExtension>
        </extensions>
      </trkpt>
      <trkpt lat="40.76840314082801342010498046875" lon="-73.9758597314357757568359375">
        <ele>15.3999996185302734375</ele>
        <time>2025-09-26T23:01:25.000Z</time>
        <extensions>
          <ns3:TrackPointExtension>
            <ns3:hr>139</ns3:hr>
            <ns3:cad>87</ns3:cad>
          </ns3:TrackPointExtension>
        </extensions>
      </trkpt>
      <trkpt lat="40.76857916079461574554443359375" lon="-73.97574380971491336822509765625">
        <ele>15.6000003814697265625</ele>
        <time>2025-09-26T23:01:33.000Z</time>
        <extensions>
          <ns3:TrackPointExtension>
            <ns3:hr>139</ns3:hr>
            <ns3:cad>86</ns3:cad>
          </ns3:TrackPointExtension>
        </extensions>
      </trkpt>
      <trkpt lat="40.76871846802532672882080078125" lon="-73.9756516925990581512451171875">
        <ele>16.6000003814697265625</ele>
        <time>2025-09-26T23:01:40.000Z</time>
        <extensions>
          <ns3:TrackPointExtension>
            <ns3:hr>140</ns3:hr>
            <ns3:cad>87</ns3:cad>
          </ns3:TrackPointExtension>
        </extensions>
      </trkpt>
      <trkpt lat="40.76881871558725833892822265625" lon="-73.97558053024113178253173828125">
        <ele>17.3999996185302734375</ele>
        <time>2025-09-26T23:01:45.000Z</time>
        <extensions>
          <ns3:TrackPointExtension>
            <ns3:hr>144</ns3:hr>
            <ns3:cad>85</ns3:cad>
          </ns3:TrackPointExtension>
        </extensions>
      </trkpt>
      <trkpt lat="40.76898752711713314056396484375" lon="-73.97548028267920017242431640625">
        <ele>18.6000003814697265625</ele>
        <time>2025-09-26T23:01:54.000Z</time>
        <extensions>
          <ns3:TrackPointExtension>
            <ns3:hr>144</ns3:hr>
            <ns3:cad>85</ns3:cad>
          </ns3:TrackPointExtension>
        </extensions>
      </trkpt>
      <trkpt lat="40.76915659010410308837890625" lon="-73.97535824216902256011962890625">
        <ele>19.3999996185302734375</ele>
        <time>2025-09-26T23:02:03.000Z</time>
        <extensions>
          <ns3:TrackPointExtension>
            <ns3:hr>144</ns3:hr>
            <ns3:cad>85</ns3:cad>
          </ns3:TrackPointExtension>
        </extensions>
      </trkpt>
      <trkpt lat="40.76924283988773822784423828125" lon="-73.97528448142111301422119140625">
        <ele>19.799999237060546875</ele>
        <time>2025-09-26T23:02:08.000Z</time>
        <extensions>
          <ns3:TrackPointExtension>
            <ns3:hr>147</ns3:hr>
            <ns3:cad>86</ns3:cad>
          </ns3:TrackPointExtension>
        </extensions>
      </trkpt>
      <trkpt lat="40.7692761160433292388916015625" lon="-73.97525112144649028778076171875">
        <ele>19.799999237060546875</ele>
        <time>2025-09-26T23:02:10.000Z</time>
        <extensions>
          <ns3:TrackPointExtension>
            <ns3:hr>147</ns3:hr>
            <ns3:cad>86</ns3:cad>
          </ns3:TrackPointExtension>
        </extensions>
      </trkpt>
      <trkpt lat="40.76939321123063564300537109375" lon="-73.9751033484935760498046875">
        <ele>19.799999237060546875</ele>
        <time>2025-09-26T23:02:20.000Z</time>
        <extensions>
          <ns3:TrackPointExtension>
            <ns3:hr>150</ns3:hr>
            <ns3:cad>84</ns3:cad>
          </ns3:TrackPointExtension>
        </extensions>
      </trkpt>
      <trkpt lat="40.769537799060344696044921875" lon="-73.97494845092296600341796875">
        <ele>19</ele>
        <time>2025-09-26T23:02:28.000Z</time>
        <extensions>
          <ns3:TrackPointExtension>
            <ns3:hr>149</ns3:hr>
            <ns3:cad>85</ns3:cad>
          </ns3:TrackPointExtension>
        </extensions>
      </trkpt>
      <trkpt lat="40.76969177462160587310791015625" lon="-73.974773101508617401123046875">
        <ele>19</ele>
        <time>2025-09-26T23:02:35.000Z</time>
        <extensions>
          <ns3:TrackPointExtension>
            <ns3:hr>150</ns3:hr>
            <ns3:cad>86</ns3:cad>
          </ns3:TrackPointExtension>
        </extensions>
      </trkpt>
      <trkpt lat="40.7697656191885471343994140625" lon="-73.97467042319476604461669921875">
        <ele>19.6000003814697265625</ele>
        <time>2025-09-26T23:02:40.000Z</time>
        <extensions>
          <ns3:TrackPointExtension>
            <ns3:hr>152</ns3:hr>
            <ns3:cad>86</ns3:cad>
          </ns3:TrackPointExtension>
        </extensions>
      </trkpt>
      <trkpt lat="40.769877769052982330322265625" lon="-73.97444662638008594512939453125">
        <ele>22</ele>
        <time>2025-09-26T23:02:48.000Z</time>
        <extensions>
          <ns3:TrackPointExtension>
            <ns3:hr>152</ns3:hr>
            <ns3:cad>83</ns3:cad>
          </ns3:TrackPointExtension>
        </extensions>
      </trkpt>
      <trkpt lat="40.76990249566733837127685546875" lon="-73.97437772713601589202880859375">
        <ele>22.200000762939453125</ele>
        <time>2025-09-26T23:02:50.000Z</time>
        <extensions>
          <ns3:TrackPointExtension>
            <ns3:hr>154</ns3:hr>
            <ns3:cad>83</ns3:cad>
          </ns3:TrackPointExtension>
        </extensions>
      </trkpt>
      <trkpt lat="40.76991624198853969573974609375" lon="-73.97434822283685207366943359375">
        <ele>22.200000762939453125</ele>
        <time>2025-09-26T23:02:51.000Z</time>
        <extensions>
          <ns3:TrackPointExtension>
            <ns3:hr>158</ns3:hr>
            <ns3:cad>84</ns3:cad>
          </ns3:TrackPointExtension>
        </extensions>
      </trkpt>
      <trkpt lat="40.76996938325464725494384765625" lon="-73.974211849272251129150390625">
        <ele>22.3999996185302734375</ele>
        <time>2025-09-26T23:02:55.000Z</time>
        <extensions>
          <ns3:TrackPointExtension>
            <ns3:hr>155</ns3:hr>
            <ns3:cad>83</ns3:cad>
          </ns3:TrackPointExtension>
        </extensions>
      </trkpt>
      <trkpt lat="40.76999134384095668792724609375" lon="-73.974098861217498779296875">
        <ele>22.200000762939453125</ele>
        <time>2025-09-26T23:02:59.000Z</time>
        <extensions>
          <ns3:TrackPointExtension>
            <ns3:hr>152</ns3:hr>
            <ns3:cad>83</ns3:cad>
          </ns3:TrackPointExtension>
        </extensions>
      </trkpt>
      <trkpt lat="40.76999436132609844207763671875" lon="-73.9740693569183349609375">
        <ele>22.200000762939453125</ele>
        <time>2025-09-26T23:03:00.000Z</time>
        <extensions>
          <ns3:TrackPointExtension>
            <ns3:hr>150</ns3:hr>
            <ns3:cad>83</ns3:cad>
          </ns3:TrackPointExtension>
        </extensions>
      </trkpt>
      <trkpt lat="40.7700174115598201751708984375" lon="-73.97386207245290279388427734375">
        <ele>22</ele>
        <time>2025-09-26T23:03:07.000Z</time>
        <extensions>
          <ns3:TrackPointExtension>
            <ns3:hr>147</ns3:hr>
            <ns3:cad>85</ns3:cad>
          </ns3:TrackPointExtension>
        </extensions>
      </trkpt>
      <trkpt lat="40.77002294361591339111328125" lon="-73.97361111827194690704345703125">
        <ele>22</ele>
        <time>2025-09-26T23:03:15.000Z</time>
        <extensions>
          <ns3:TrackPointExtension>
            <ns3:hr>146</ns3:hr>
            <ns3:cad>84</ns3:cad>
          </ns3:TrackPointExtension>
        </extensions>
      </trkpt>
      <trkpt lat="40.76999746263027191162109375" lon="-73.97335899062454700469970703125">
        <ele>22</ele>
        <time>2025-09-26T23:03:24.000Z</time>
        <extensions>
          <ns3:TrackPointExtension>
            <ns3:hr>145</ns3:hr>
            <ns3:cad>85</ns3:cad>
          </ns3:TrackPointExtension>
        </extensions>
      </trkpt>
      <trkpt lat="40.76992244459688663482666015625" lon="-73.97314340807497501373291015625">
        <ele>22</ele>
        <time>2025-09-26T23:03:33.000Z</time>
        <extensions>
          <ns3:TrackPointExtension>
            <ns3:hr>145</ns3:hr>
            <ns3:cad>85</ns3:cad>
          </ns3:TrackPointExtension>
        </extensions>
      </trkpt>
      <trkpt lat="40.76984323561191558837890625" lon="-73.97292916662991046905517578125">
        <ele>22</ele>
        <time>2025-09-26T23:03:41.000Z</time>
        <extensions>
          <ns3:TrackPointExtension>
            <ns3:hr>145</ns3:hr>
            <ns3:cad>87</ns3:cad>
          </ns3:TrackPointExtension>
        </extensions>
      </trkpt>
      <trkpt lat="40.76979537494480609893798828125" lon="-73.9728248119354248046875">
        <ele>22</ele>
        <time>2025-09-26T23:03:45.000Z</time>
        <extensions>
          <ns3:TrackPointExtension>
            <ns3:hr>142</ns3:hr>
            <ns3:cad>85</ns3:cad>
          </ns3:TrackPointExtension>
        </extensions>
      </trkpt>
      <trkpt lat="40.7697391323745250701904296875" lon="-73.97257997654378414154052734375">
        <ele>22</ele>
        <time>2025-09-26T23:03:53.000Z</time>
        <extensions>
          <ns3:TrackPointExtension>
            <ns3:hr>142</ns3:hr>
            <ns3:cad>84</ns3:cad>
          </ns3:TrackPointExtension>
        </extensions>
      </trkpt>
      <trkpt lat="40.7697441615164279937744140625" lon="-73.9723391644656658172607421875">
        <ele>22</ele>
        <time>2025-09-26T23:04:01.000Z</time>
        <extensions>
          <ns3:TrackPointExtension>
            <ns3:hr>140</ns3:hr>
            <ns3:cad>84</ns3:cad>
          </ns3:TrackPointExtension>
        </extensions>
      </trkpt>
      <trkpt lat="40.76977106742560863494873046875" lon="-73.97208661772310733795166015625">
        <ele>21.6000003814697265625</ele>
        <time>2025-09-26T23:04:11.000Z</time>
        <extensions>
          <ns3:TrackPointExtension>
            <ns3:hr>139</ns3:hr>
            <ns3:cad>85</ns3:cad>
          </ns3:TrackPointExtension>
        </extensions>
      </trkpt>
      <trkpt lat="40.76977727003395557403564453125" lon="-73.97206214256584644317626953125">
        <ele>21.3999996185302734375</ele>
        <time>2025-09-26T23:04:12.000Z</time>
        <extensions>
          <ns3:TrackPointExtension>
            <ns3:hr>136</ns3:hr>
            <ns3:cad>85</ns3:cad>
          </ns3:TrackPointExtension>
        </extensions>
      </trkpt>
      <trkpt lat="40.7698584906756877899169921875" lon="-73.97182099521160125732421875">
        <ele>21</ele>
        <time>2025-09-26T23:04:23.000Z</time>
        <extensions>
          <ns3:TrackPointExtension>
            <ns3:hr>137</ns3:hr>
            <ns3:cad>85</ns3:cad>
          </ns3:TrackPointExtension>
        </extensions>
      </trkpt>
      <trkpt lat="40.76996686868369579315185546875" lon="-73.97160918451845645904541015625">
        <ele>21</ele>
        <time>2025-09-26T23:04:34.000Z</time>
        <extensions>
          <ns3:TrackPointExtension>
            <ns3:hr>139</ns3:hr>
            <ns3:cad>84</ns3:cad>
          </ns3:TrackPointExtension>
        </extensions>
      </trkpt>
      <trkpt lat="40.7701216824352741241455078125" lon="-73.971457220613956451416015625">
        <ele>21</ele>
        <time>2025-09-26T23:04:44.000Z</time>
        <extensions>
          <ns3:TrackPointExtension>
            <ns3:hr>139</ns3:hr>
            <ns3:cad>83</ns3:cad>
          </ns3:TrackPointExtension>
        </extensions>
      </trkpt>
      <trkpt lat="40.7702730596065521240234375" lon="-73.9713232778012752532958984375">
        <ele>21.6000003814697265625</ele>
        <time>2025-09-26T23:04:53.000Z</time>
        <extensions>
          <ns3:TrackPointExtension>
            <ns3:hr>142</ns3:hr>
            <ns3:cad>86</ns3:cad>
          </ns3:TrackPointExtension>
        </extensions>
      </trkpt>
      <trkpt lat="40.77033734880387783050537109375" lon="-73.971284218132495880126953125">
        <ele>22</ele>
        <time>2025-09-26T23:04:57.000Z</time>
        <extensions>
          <ns3:TrackPointExtension>
            <ns3:hr>145</ns3:hr>
            <ns3:cad>84</ns3:cad>
          </ns3:TrackPointExtension>
        </extensions>
      </trkpt>
      <trkpt lat="40.770516805350780487060546875" lon="-73.9711895026266574859619140625">
        <ele>22.6000003814697265625</ele>
        <time>2025-09-26T23:05:08.000Z</time>
        <extensions>
          <ns3:TrackPointExtension>
            <ns3:hr>148</ns3:hr>
            <ns3:cad>85</ns3:cad>
          </ns3:TrackPointExtension>
        </extensions>
      </trkpt>
      <trkpt lat="40.77068813145160675048828125" lon="-73.97105782292783260345458984375">
        <ele>23</ele>
        <time>2025-09-26T23:05:18.000Z</time>
        <extensions>
          <ns3:TrackPointExtension>
            <ns3:hr>148</ns3:hr>
            <ns3:cad>84</ns3:cad>
          </ns3:TrackPointExtension>
        </extensions>
      </trkpt>
      <trkpt lat="40.7707198150455951690673828125" lon="-73.9710272289812564849853515625">
        <ele>23</ele>
        <time>2025-09-26T23:05:20.000Z</time>
        <extensions>
          <ns3:TrackPointExtension>
            <ns3:hr>147</ns3:hr>
            <ns3:cad>84</ns3:cad>
          </ns3:TrackPointExtension>
        </extensions>
      </trkpt>
      <trkpt lat="40.77087496407330036163330078125" lon="-73.970895297825336456298828125">
        <ele>23</ele>
        <time>2025-09-26T23:05:28.000Z</time>
        <extensions>
          <ns3:TrackPointExtension>
            <ns3:hr>145</ns3:hr>
            <ns3:cad>84</ns3:cad>
          </ns3:TrackPointExtension>
        </extensions>
      </trkpt>
      <trkpt lat="40.77101913280785083770751953125" lon="-73.9707425795495510101318359375">
        <ele>22.799999237060546875</ele>
        <time>2025-09-26T23:05:34.000Z</time>
        <extensions>
          <ns3:TrackPointExtension>
            <ns3:hr>146</ns3:hr>
            <ns3:cad>83</ns3:cad>
          </ns3:TrackPointExtension>
        </extensions>
      </trkpt>
      <trkpt lat="40.77108702622354030609130859375" lon="-73.970640487968921661376953125">
        <ele>22.799999237060546875</ele>
        <time>2025-09-26T23:05:38.000Z</time>
        <extensions>
          <ns3:TrackPointExtension>
            <ns3:hr>149</ns3:hr>
            <ns3:cad>90</ns3:cad>
          </ns3:TrackPointExtension>
        </extensions>
      </trkpt>
      <trkpt lat="40.7712163589894771575927734375" lon="-73.970427922904491424560546875">
        <ele>22.799999237060546875</ele>
        <time>2025-09-26T23:05:45.000Z</time>
        <extensions>
          <ns3:TrackPointExtension>
            <ns3:hr>149</ns3:hr>
            <ns3:cad>86</ns3:cad>
          </ns3:TrackPointExtension>
        </extensions>
      </trkpt>
      <trkpt lat="40.77126874588429927825927734375" lon="-73.970341421663761138916015625">
        <ele>23</ele>
        <time>2025-09-26T23:05:48.000Z</time>
        <extensions>
          <ns3:TrackPointExtension>
            <ns3:hr>146</ns3:hr>
            <ns3:cad>86</ns3:cad>
          </ns3:TrackPointExtension>
        </extensions>
      </trkpt>
      <trkpt lat="40.77139011584222316741943359375" lon="-73.97016548551619052886962890625">
        <ele>23.6000003814697265625</ele>
        <time>2025-09-26T23:05:56.000Z</time>
        <extensions>
          <ns3:TrackPointExtension>
            <ns3:hr>144</ns3:hr>
            <ns3:cad>87</ns3:cad>
          </ns3:TrackPointExtension>
        </extensions>
      </trkpt>
      <trkpt lat="40.7714919559657573699951171875" lon="-73.96995107643306255340576171875">
        <ele>23.799999237060546875</ele>
        <time>2025-09-26T23:06:05.000Z</time>
        <extensions>
          <ns3:TrackPointExtension>
            <ns3:hr>145</ns3:hr>
            <ns3:cad>84</ns3:cad>
          </ns3:TrackPointExtension>
        </extensions>
      </trkpt>
      <trkpt lat="40.77153277583420276641845703125" lon="-73.96982752718031406402587890625">
        <ele>24</ele>
        <time>2025-09-26T23:06:11.000Z</time>
        <extensions>
          <ns3:TrackPointExtension>
            <ns3:hr>142</ns3:hr>
            <ns3:cad>86</ns3:cad>
          </ns3:TrackPointExtension>
        </extensions>
      </trkpt>
      <trkpt lat="40.77157728374004364013671875" lon="-73.96972778253257274627685546875">
        <ele>24</ele>
        <time>2025-09-26T23:06:15.000Z</time>
        <extensions>
          <ns3:TrackPointExtension>
            <ns3:hr>146</ns3:hr>
            <ns3:cad>86</ns3:cad>
          </ns3:TrackPointExtension>
        </extensions>
      </trkpt>
      <trkpt lat="40.771612823009490966796875" lon="-73.96967380307614803314208984375">
        <ele>24</ele>
        <time>2025-09-26T23:06:18.000Z</time>
        <extensions>
          <ns3:TrackPointExtension>
            <ns3:hr>150</ns3:hr>
            <ns3:cad>87</ns3:cad>
          </ns3:TrackPointExtension>
        </extensions>
      </trkpt>
      <trkpt lat="40.771720111370086669921875" lon="-73.96956332959234714508056640625">
        <ele>24</ele>
        <time>2025-09-26T23:06:25.000Z</time>
        <extensions>
          <ns3:TrackPointExtension>
            <ns3:hr>152</ns3:hr>
            <ns3:cad>85</ns3:cad>
          </ns3:TrackPointExtension>
        </extensions>
      </trkpt>
      <trkpt lat="40.77178247272968292236328125" lon="-73.9695017226040363311767578125">
        <ele>24</ele>
        <time>2025-09-26T23:06:29.000Z</time>
        <extensions>
          <ns3:TrackPointExtension>
            <ns3:hr>155</ns3:hr>
            <ns3:cad>86</ns3:cad>
          </ns3:TrackPointExtension>
        </extensions>
      </trkpt>
      <trkpt lat="40.77194382436573505401611328125" lon="-73.9693609066307544708251953125">
        <ele>24</ele>
        <time>2025-09-26T23:06:37.000Z</time>
        <extensions>
          <ns3:TrackPointExtension>
            <ns3:hr>156</ns3:hr>
            <ns3:cad>85</ns3:cad>
          </ns3:TrackPointExtension>
        </extensions>
      </trkpt>
      <trkpt lat="40.7721145637333393096923828125" lon="-73.96924867294728755950927734375">
        <ele>24</ele>
        <time>2025-09-26T23:06:45.000Z</time>
        <extensions>
          <ns3:TrackPointExtension>
            <ns3:hr>158</ns3:hr>
            <ns3:cad>86</ns3:cad>
          </ns3:TrackPointExtension>
        </extensions>
      </trkpt>
      <trkpt lat="40.7722171582281589508056640625" lon="-73.9691939391195774078369140625">
        <ele>24</ele>
        <time>2025-09-26T23:06:50.000Z</time>
        <extensions>
          <ns3:TrackPointExtension>
            <ns3:hr>157</ns3:hr>
            <ns3:cad>88</ns3:cad>
          </ns3:TrackPointExtension>
        </extensions>
      </trkpt>
      <trkpt lat="40.77241287566721439361572265625" lon="-73.96913065575063228607177734375">
        <ele>23.799999237060546875</ele>
        <time>2025-09-26T23:07:00.000Z</time>
        <extensions>
          <ns3:TrackPointExtension>
            <ns3:hr>154</ns3:hr>
            <ns3:cad>82</ns3:cad>
          </ns3:TrackPointExtension>
        </extensions>
      </trkpt>
      <trkpt lat="40.77260632999241352081298828125" lon="-73.96908245980739593505859375">
        <ele>23.200000762939453125</ele>
        <time>2025-09-26T23:07:08.000Z</time>
        <extensions>
          <ns3:TrackPointExtension>
            <ns3:hr>154</ns3:hr>
            <ns3:cad>82</ns3:cad>
          </ns3:TrackPointExtension>
        </extensions>
      </trkpt>
      <trkpt lat="40.77273608185350894927978515625" lon="-73.969050608575344085693359375">
        <ele>22.6000003814697265625</ele>
        <time>2025-09-26T23:07:12.000Z</time>
        <extensions>
          <ns3:TrackPointExtension>
            <ns3:hr>151</ns3:hr>
            <ns3:cad>83</ns3:cad>
          </ns3:TrackPointExtension>
        </extensions>
      </trkpt>
      <trkpt lat="40.77292702160775661468505859375" lon="-73.96902454085648059844970703125">
        <ele>21.3999996185302734375</ele>
        <time>2025-09-26T23:07:19.000Z</time>
        <extensions>
          <ns3:TrackPointExtension>
            <ns3:hr>152</ns3:hr>
            <ns3:cad>83</ns3:cad>
          </ns3:TrackPointExtension>
        </extensions>
      </trkpt>
      <trkpt lat="40.77310287393629550933837890625" lon="-73.969053961336612701416015625">
        <ele>20.3999996185302734375</ele>
        <time>2025-09-26T23:07:26.000Z</time>
        <extensions>
          <ns3:TrackPointExtension>
            <ns3:hr>155</ns3:hr>
            <ns3:cad>85</ns3:cad>
          </ns3:TrackPointExtension>
        </extensions>
      </trkpt>
      <trkpt lat="40.77329750172793865203857421875" lon="-73.96913501434028148651123046875">
        <ele>19.3999996185302734375</ele>
        <time>2025-09-26T23:07:34.000Z</time>
        <extensions>
          <ns3:TrackPointExtension>
            <ns3:hr>153</ns3:hr>
            <ns3:cad>84</ns3:cad>
          </ns3:TrackPointExtension>
        </extensions>
      </trkpt>
      <trkpt lat="40.773489363491535186767578125" lon="-73.9692076854407787322998046875">
        <ele>18</ele>
        <time>2025-09-26T23:07:42.000Z</time>
        <extensions>
          <ns3:TrackPointExtension>
            <ns3:hr>153</ns3:hr>
            <ns3:cad>82</ns3:cad>
          </ns3:TrackPointExtension>
        </extensions>
      </trkpt>
      <trkpt lat="40.77366672456264495849609375" lon="-73.96925454027950763702392578125">
        <ele>17.3999996185302734375</ele>
        <time>2025-09-26T23:07:50.000Z</time>
        <extensions>
          <ns3:TrackPointExtension>
            <ns3:hr>153</ns3:hr>
            <ns3:cad>81</ns3:cad>
          </ns3:TrackPointExtension>
        </extensions>
      </trkpt>
      <trkpt lat="40.77373084612190723419189453125" lon="-73.969250433146953582763671875">
        <ele>17.200000762939453125</ele>
        <time>2025-09-26T23:07:53.000Z</time>
        <extensions>
          <ns3:TrackPointExtension>
            <ns3:hr>150</ns3:hr>
            <ns3:cad>82</ns3:cad>
          </ns3:TrackPointExtension>
        </extensions>
      </trkpt>
      <trkpt lat="40.77379773370921611785888671875" lon="-73.96923425607383251190185546875">
        <ele>16.799999237060546875</ele>
        <time>2025-09-26T23:07:56.000Z</time>
        <extensions>
          <ns3:TrackPointExtension>
            <ns3:hr>147</ns3:hr>
            <ns3:cad>82</ns3:cad>
          </ns3:TrackPointExtension>
        </extensions>
      </trkpt>
      <trkpt lat="40.77398079447448253631591796875" lon="-73.9692293107509613037109375">
        <ele>16.200000762939453125</ele>
        <time>2025-09-26T23:08:07.000Z</time>
        <extensions>
          <ns3:TrackPointExtension>
            <ns3:hr>147</ns3:hr>
            <ns3:cad>83</ns3:cad>
          </ns3:TrackPointExtension>
        </extensions>
      </trkpt>
      <trkpt lat="40.7741607539355754852294921875" lon="-73.96919452585279941558837890625">
        <ele>15.80000019073486328125</ele>
        <time>2025-09-26T23:08:16.000Z</time>
        <extensions>
          <ns3:TrackPointExtension>
            <ns3:hr>147</ns3:hr>
            <ns3:cad>83</ns3:cad>
          </ns3:TrackPointExtension>
        </extensions>
      </trkpt>
      <trkpt lat="40.77434808947145938873291015625" lon="-73.9690983854234218597412109375">
        <ele>15</ele>
        <time>2025-09-26T23:08:24.000Z</time>
        <extensions>
          <ns3:TrackPointExtension>
            <ns3:hr>145</ns3:hr>
            <ns3:cad>84</ns3:cad>
          </ns3:TrackPointExtension>
        </extensions>
      </trkpt>
      <trkpt lat="40.7745000533759593963623046875" lon="-73.968962766230106353759765625">
        <ele>15</ele>
        <time>2025-09-26T23:08:32.000Z</time>
        <extensions>
          <ns3:TrackPointExtension>
            <ns3:hr>145</ns3:hr>
            <ns3:cad>84</ns3:cad>
          </ns3:TrackPointExtension>
        </extensions>
      </trkpt>
      <trkpt lat="40.774533413350582122802734375" lon="-73.96893083117902278900146484375">
        <ele>15</ele>
        <time>2025-09-26T23:08:34.000Z</time>
        <extensions>
          <ns3:TrackPointExtension>
            <ns3:hr>148</ns3:hr>
            <ns3:cad>85</ns3:cad>
          </ns3:TrackPointExtension>
        </extensions>
      </trkpt>
      <trkpt lat="40.7746878080070018768310546875" lon="-73.968793116509914398193359375">
        <ele>15.3999996185302734375</ele>
        <time>2025-09-26T23:08:43.000Z</time>
        <extensions>
          <ns3:TrackPointExtension>
            <ns3:hr>149</ns3:hr>
            <ns3:cad>83</ns3:cad>
          </ns3:TrackPointExtension>
        </extensions>
      </trkpt>
      <trkpt lat="40.7748386822640895843505859375" lon="-73.96862505935132503509521484375">
        <ele>15.80000019073486328125</ele>
        <time>2025-09-26T23:08:51.000Z</time>
        <extensions>
          <ns3:TrackPointExtension>
            <ns3:hr>151</ns3:hr>
            <ns3:cad>81</ns3:cad>
          </ns3:TrackPointExtension>
        </extensions>
      </trkpt>
      <trkpt lat="40.774949155747890472412109375" lon="-73.96843395195901393890380859375">
        <ele>16.200000762939453125</ele>
        <time>2025-09-26T23:09:00.000Z</time>
        <extensions>
          <ns3:TrackPointExtension>
            <ns3:hr>152</ns3:hr>
            <ns3:cad>85</ns3:cad>
          </ns3:TrackPointExtension>
        </extensions>
      </trkpt>
      <trkpt lat="40.77504076994955539703369140625" lon="-73.96824938245117664337158203125">
        <ele>16.6000003814697265625</ele>
        <time>2025-09-26T23:09:08.000Z</time>
        <extensions>
          <ns3:TrackPointExtension>
            <ns3:hr>155</ns3:hr>
            <ns3:cad>85</ns3:cad>
          </ns3:TrackPointExtension>
        </extensions>
      </trkpt>
      <trkpt lat="40.77514822594821453094482421875" lon="-73.96804922260344028472900390625">
        <ele>17</ele>
        <time>2025-09-26T23:09:16.000Z</time>
        <extensions>
          <ns3:TrackPointExtension>
            <ns3:hr>155</ns3:hr>
            <ns3:cad>84</ns3:cad>
          </ns3:TrackPointExtension>
        </extensions>
      </trkpt>
      <trkpt lat="40.77522031031548976898193359375" lon="-73.967884518206119537353515625">
        <ele>17.3999996185302734375</ele>
        <time>2025-09-26T23:09:23.000Z</time>
        <extensions>
          <ns3:TrackPointExtension>
            <ns3:hr>158</ns3:hr>
            <ns3:cad>83</ns3:cad>
          </ns3:TrackPointExtension>
        </extensions>
      </trkpt>
      <trkpt lat="40.7752403430640697479248046875" lon="-73.96783984266221523284912109375">
        <ele>17.6000003814697265625</ele>
        <time>2025-09-26T23:09:25.000Z</time>
        <extensions>
          <ns3:TrackPointExtension>
            <ns3:hr>158</ns3:hr>
            <ns3:cad>83</ns3:cad>
          </ns3:TrackPointExtension>
        </extensions>
      </trkpt>
      <trkpt lat="40.77527781017124652862548828125" lon="-73.96776742301881313323974609375">
        <ele>17.799999237060546875</ele>
        <time>2025-09-26T23:09:29.000Z</time>
        <extensions>
          <ns3:TrackPointExtension>
            <ns3:hr>162</ns3:hr>
            <ns3:cad>83</ns3:cad>
          </ns3:TrackPointExtension>
        </extensions>
      </trkpt>
      <trkpt lat="40.77529541216790676116943359375" lon="-73.96773456595838069915771484375">
        <ele>18</ele>
        <time>2025-09-26T23:09:31.000Z</time>
        <extensions>
          <ns3:TrackPointExtension>
            <ns3:hr>159</ns3:hr>
            <ns3:cad>82</ns3:cad>
          </ns3:TrackPointExtension>
        </extensions>
      </trkpt>
      <trkpt lat="40.77536464668810367584228515625" lon="-73.96762593649327754974365234375">
        <ele>18.6000003814697265625</ele>
        <time>2025-09-26T23:09:37.000Z</time>
        <extensions>
          <ns3:TrackPointExtension>
            <ns3:hr>154</ns3:hr>
            <ns3:cad>81</ns3:cad>
          </ns3:TrackPointExtension>
        </extensions>
      </trkpt>
      <trkpt lat="40.77537839300930500030517578125" lon="-73.96760716103017330169677734375">
        <ele>18.6000003814697265625</ele>
        <time>2025-09-26T23:09:38.000Z</time>
        <extensions>
          <ns3:TrackPointExtension>
            <ns3:hr>148</ns3:hr>
            <ns3:cad>82</ns3:cad>
          </ns3:TrackPointExtension>
        </extensions>
      </trkpt>
      <trkpt lat="40.7755301892757415771484375" lon="-73.9674759842455387115478515625">
        <ele>19.799999237060546875</ele>
        <time>2025-09-26T23:09:47.000Z</time>
        <extensions>
          <ns3:TrackPointExtension>
            <ns3:hr>148</ns3:hr>
            <ns3:cad>82</ns3:cad>
          </ns3:TrackPointExtension>
        </extensions>
      </trkpt>
      <trkpt lat="40.77556849457323551177978515625" lon="-73.96745528094470500946044921875">
        <ele>20</ele>
        <time>2025-09-26T23:09:49.000Z</time>
        <extensions>
          <ns3:TrackPointExtension>
            <ns3:hr>151</ns3:hr>
            <ns3:cad>81</ns3:cad>
          </ns3:TrackPointExtension>
        </extensions>
      </trkpt>
      <trkpt lat="40.77574501745402812957763671875" lon="-73.96738772280514240264892578125">
        <ele>21.200000762939453125</ele>
        <time>2025-09-26T23:09:57.000Z</time>
        <extensions>
          <ns3:TrackPointExtension>
            <ns3:hr>153</ns3:hr>
            <ns3:cad>80</ns3:cad>
          </ns3:TrackPointExtension>
        </extensions>
      </trkpt>
      <trkpt lat="40.77591014094650745391845703125" lon="-73.96735846996307373046875">
        <ele>22</ele>
        <time>2025-09-26T23:10:03.000Z</time>
        <extensions>
          <ns3:TrackPointExtension>
            <ns3:hr>156</ns3:hr>
            <ns3:cad>81</ns3:cad>
          </ns3:TrackPointExtension>
        </extensions>
      </trkpt>
      <trkpt lat="40.7761033438146114349365234375" lon="-73.96736341528594493865966796875">
        <ele>23.3999996185302734375</ele>
        <time>2025-09-26T23:10:13.000Z</time>
        <extensions>
          <ns3:TrackPointExtension>
            <ns3:hr>157</ns3:hr>
            <ns3:cad>82</ns3:cad>
          </ns3:TrackPointExtension>
        </extensions>
      </trkpt>
      <trkpt lat="40.77625111676752567291259765625" lon="-73.96737255156040191650390625">
        <ele>24.6000003814697265625</ele>
        <time>2025-09-26T23:10:20.000Z</time>
        <extensions>
          <ns3:TrackPointExtension>
            <ns3:hr>157</ns3:hr>
            <ns3:cad>81</ns3:cad>
          </ns3:TrackPointExtension>
        </extensions>
      </trkpt>
      <trkpt lat="40.7764476723968982696533203125" lon="-73.96733810193836688995361328125">
        <ele>25.799999237060546875</ele>
        <time>2025-09-26T23:10:32.000Z</time>
        <extensions>
          <ns3:TrackPointExtension>
            <ns3:hr>159</ns3:hr>
            <ns3:cad>79</ns3:cad>
          </ns3:TrackPointExtension>
        </extensions>
      </trkpt>
      <trkpt lat="40.77662117779254913330078125" lon="-73.9672617428004741668701171875">
        <ele>27</ele>
        <time>2025-09-26T23:10:42.000Z</time>
        <extensions>
          <ns3:TrackPointExtension>
            <ns3:hr>160</ns3:hr>
            <ns3:cad>80</ns3:cad>
          </ns3:TrackPointExtension>
        </extensions>
      </trkpt>
      <trkpt lat="40.77680901624262332916259765625" lon="-73.9671856351196765899658203125">
        <ele>28.799999237060546875</ele>
        <time>2025-09-26T23:10:53.000Z</time>
        <extensions>
          <ns3:TrackPointExtension>
            <ns3:hr>160</ns3:hr>
            <ns3:cad>79</ns3:cad>
          </ns3:TrackPointExtension>
        </extensions>
      </trkpt>
      <trkpt lat="40.77698595821857452392578125" lon="-73.96710709668695926666259765625">
        <ele>30</ele>
        <time>2025-09-26T23:11:01.000Z</time>
        <extensions>
          <ns3:TrackPointExtension>
            <ns3:hr>162</ns3:hr>
            <ns3:cad>80</ns3:cad>
          </ns3:TrackPointExtension>
        </extensions>
      </trkpt>
      <trkpt lat="40.7770712859928607940673828125" lon="-73.96707742474973201751708984375">
        <ele>30.3999996185302734375</ele>
        <time>2025-09-26T23:11:05.000Z</time>
        <extensions>
          <ns3:TrackPointExtension>
            <ns3:hr>163</ns3:hr>
            <ns3:cad>81</ns3:cad>
          </ns3:TrackPointExtension>
        </extensions>
      </trkpt>
      <trkpt lat="40.777266584336757659912109375" lon="-73.9670223556458950042724609375">
        <ele>31.200000762939453125</ele>
        <time>2025-09-26T23:11:14.000Z</time>
        <extensions>
          <ns3:TrackPointExtension>
            <ns3:hr>163</ns3:hr>
            <ns3:cad>82</ns3:cad>
          </ns3:TrackPointExtension>
        </extensions>
      </trkpt>
      <trkpt lat="40.77744084410369396209716796875" lon="-73.96695286966860294342041015625">
        <ele>31.6000003814697265625</ele>
        <time>2025-09-26T23:11:22.000Z</time>
        <extensions>
          <ns3:TrackPointExtension>
            <ns3:hr>163</ns3:hr>
            <ns3:cad>81</ns3:cad>
          </ns3:TrackPointExtension>
        </extensions>
      </trkpt>
      <trkpt lat="40.7775798998773097991943359375" lon="-73.9669294841587543487548828125">
        <ele>31.200000762939453125</ele>
        <time>2025-09-26T23:11:29.000Z</time>
        <extensions>
          <ns3:TrackPointExtension>
            <ns3:hr>158</ns3:hr>
            <ns3:cad>79</ns3:cad>
          </ns3:TrackPointExtension>
        </extensions>
      </trkpt>
      <trkpt lat="40.77775969170033931732177734375" lon="-73.9668416418135166168212890625">
        <ele>30.200000762939453125</ele>
        <time>2025-09-26T23:11:39.000Z</time>
        <extensions>
          <ns3:TrackPointExtension>
            <ns3:hr>159</ns3:hr>
            <ns3:cad>80</ns3:cad>
          </ns3:TrackPointExtension>
        </extensions>
      </trkpt>
      <trkpt lat="40.777935124933719635009765625" lon="-73.966731168329715728759765625">
        <ele>29</ele>
        <time>2025-09-26T23:11:49.000Z</time>
        <extensions>
          <ns3:TrackPointExtension>
            <ns3:hr>160</ns3:hr>
            <ns3:cad>81</ns3:cad>
          </ns3:TrackPointExtension>
        </extensions>
      </trkpt>
      <trkpt lat="40.778037719428539276123046875" lon="-73.9666656218469142913818359375">
        <ele>29</ele>
        <time>2025-09-26T23:11:54.000Z</time>
        <extensions>
          <ns3:TrackPointExtension>
            <ns3:hr>163</ns3:hr>
            <ns3:cad>81</ns3:cad>
          </ns3:TrackPointExtension>
        </extensions>
      </trkpt>
      <trkpt lat="40.778201334178447723388671875" lon="-73.966548107564449310302734375">
        <ele>28.200000762939453125</ele>
        <time>2025-09-26T23:12:02.000Z</time>
        <extensions>
          <ns3:TrackPointExtension>
            <ns3:hr>162</ns3:hr>
            <ns3:cad>80</ns3:cad>
          </ns3:TrackPointExtension>
        </extensions>
      </trkpt>
      <trkpt lat="40.77835522592067718505859375" lon="-73.96641341038048267364501953125">
        <ele>29.3999996185302734375</ele>
        <time>2025-09-26T23:12:11.000Z</time>
        <extensions>
          <ns3:TrackPointExtension>
            <ns3:hr>161</ns3:hr>
            <ns3:cad>81</ns3:cad>
          </ns3:TrackPointExtension>
        </extensions>
      </trkpt>
      <trkpt lat="40.77851808629930019378662109375" lon="-73.966289944946765899658203125">
        <ele>30.6000003814697265625</ele>
        <time>2025-09-26T23:12:20.000Z</time>
        <extensions>
          <ns3:TrackPointExtension>
            <ns3:hr>160</ns3:hr>
            <ns3:cad>80</ns3:cad>
          </ns3:TrackPointExtension>
        </extensions>
      </trkpt>
      <trkpt lat="40.77862939797341823577880859375" lon="-73.96617628633975982666015625">
        <ele>30.200000762939453125</ele>
        <time>2025-09-26T23:12:26.000Z</time>
        <extensions>
          <ns3:TrackPointExtension>
            <ns3:hr>163</ns3:hr>
            <ns3:cad>82</ns3:cad>
          </ns3:TrackPointExtension>
        </extensions>
      </trkpt>
      <trkpt lat="40.77877633273601531982421875" lon="-73.96601811982691287994384765625">
        <ele>29.3999996185302734375</ele>
        <time>2025-09-26T23:12:35.000Z</time>
        <extensions>
          <ns3:TrackPointExtension>
            <ns3:hr>162</ns3:hr>
            <ns3:cad>82</ns3:cad>
          </ns3:TrackPointExtension>
        </extensions>
      </trkpt>
      <trkpt lat="40.778922848403453826904296875" lon="-73.965840004384517669677734375">
        <ele>27.6000003814697265625</ele>
        <time>2025-09-26T23:12:43.000Z</time>
        <extensions>
          <ns3:TrackPointExtension>
            <ns3:hr>164</ns3:hr>
            <ns3:cad>82</ns3:cad>
          </ns3:TrackPointExtension>
        </extensions>
      </trkpt>
      <trkpt lat="40.7790599763393402099609375" lon="-73.965681083500385284423828125">
        <ele>27.200000762939453125</ele>
        <time>2025-09-26T23:12:50.000Z</time>
        <extensions>
          <ns3:TrackPointExtension>
            <ns3:hr>162</ns3:hr>
            <ns3:cad>80</ns3:cad>
          </ns3:TrackPointExtension>
        </extensions>
      </trkpt>
      <trkpt lat="40.779192745685577392578125" lon="-73.9655246771872043609619140625">
        <ele>28</ele>
        <time>2025-09-26T23:12:58.000Z</time>
        <extensions>
          <ns3:TrackPointExtension>
            <ns3:hr>167</ns3:hr>
            <ns3:cad>86</ns3:cad>
          </ns3:TrackPointExtension>
        </extensions>
      </trkpt>
      <trkpt lat="40.779237337410449981689453125" lon="-73.96546005271375179290771484375">
        <ele>28.3999996185302734375</ele>
        <time>2025-09-26T23:13:01.000Z</time>
        <extensions>
          <ns3:TrackPointExtension>
            <ns3:hr>170</ns3:hr>
            <ns3:cad>85</ns3:cad>
          </ns3:TrackPointExtension>
        </extensions>
      </trkpt>
      <trkpt lat="40.77935703098773956298828125" lon="-73.96534102968871593475341796875">
        <ele>29.200000762939453125</ele>
        <time>2025-09-26T23:13:08.000Z</time>
        <extensions>
          <ns3:TrackPointExtension>
            <ns3:hr>167</ns3:hr>
            <ns3:cad>83</ns3:cad>
          </ns3:TrackPointExtension>
        </extensions>
      </trkpt>
      <trkpt lat="40.7795228250324726104736328125" lon="-73.9651951007544994354248046875">
        <ele>29.799999237060546875</ele>
        <time>2025-09-26T23:13:17.000Z</time>
        <extensions>
          <ns3:TrackPointExtension>
            <ns3:hr>168</ns3:hr>
            <ns3:cad>84</ns3:cad>
          </ns3:TrackPointExtension>
        </extensions>
      </trkpt>
      <trkpt lat="40.77956146560609340667724609375" lon="-73.965164758265018463134765625">
        <ele>29.799999237060546875</ele>
        <time>2025-09-26T23:13:19.000Z</time>
        <extensions>
          <ns3:TrackPointExtension>
            <ns3:hr>165</ns3:hr>
            <ns3:cad>82</ns3:cad>
          </ns3:TrackPointExtension>
        </extensions>
      </trkpt>
      <trkpt lat="40.77971644699573516845703125" lon="-73.96504179574549198150634765625">
        <ele>30.3999996185302734375</ele>
        <time>2025-09-26T23:13:27.000Z</time>
        <extensions>
          <ns3:TrackPointExtension>
            <ns3:hr>164</ns3:hr>
            <ns3:cad>82</ns3:cad>
          </ns3:TrackPointExtension>
        </extensions>
      </trkpt>
      <trkpt lat="40.77988048084080219268798828125" lon="-73.96493844687938690185546875">
        <ele>31</ele>
        <time>2025-09-26T23:13:37.000Z</time>
        <extensions>
          <ns3:TrackPointExtension>
            <ns3:hr>166</ns3:hr>
            <ns3:cad>80</ns3:cad>
          </ns3:TrackPointExtension>
        </extensions>
      </trkpt>
      <trkpt lat="40.7800374738872051239013671875" lon="-73.9648519456386566162109375">
        <ele>31.6000003814697265625</ele>
        <time>2025-09-26T23:13:45.000Z</time>
        <extensions>
          <ns3:TrackPointExtension>
            <ns3:hr>162</ns3:hr>
            <ns3:cad>81</ns3:cad>
          </ns3:TrackPointExtension>
        </extensions>
      </trkpt>
      <trkpt lat="40.78013956546783447265625" lon="-73.9647956192493438720703125">
        <ele>32</ele>
        <time>2025-09-26T23:13:50.000Z</time>
        <extensions>
          <ns3:TrackPointExtension>
            <ns3:hr>159</ns3:hr>
            <ns3:cad>80</ns3:cad>
          </ns3:TrackPointExtension>
        </extensions>
      </trkpt>
      <trkpt lat="40.78029857017099857330322265625" lon="-73.96468070335686206817626953125">
        <ele>32.59999847412109375</ele>
        <time>2025-09-26T23:13:58.000Z</time>
        <extensions>
          <ns3:TrackPointExtension>
            <ns3:hr>161</ns3:hr>
            <ns3:cad>82</ns3:cad>
          </ns3:TrackPointExtension>
        </extensions>
      </trkpt>
      <trkpt lat="40.78033628873527050018310546875" lon="-73.9646606706082820892333984375">
        <ele>32.59999847412109375</ele>
        <time>2025-09-26T23:14:00.000Z</time>
        <extensions>
          <ns3:TrackPointExtension>
            <ns3:hr>164</ns3:hr>
            <ns3:cad>83</ns3:cad>
          </ns3:TrackPointExtension>
        </extensions>
      </trkpt>
      <trkpt lat="40.7805075310170650482177734375" lon="-73.96457576192915439605712890625">
        <ele>33</ele>
        <time>2025-09-26T23:14:09.000Z</time>
        <extensions>
          <ns3:TrackPointExtension>
            <ns3:hr>163</ns3:hr>
            <ns3:cad>81</ns3:cad>
          </ns3:TrackPointExtension>
        </extensions>
      </trkpt>
      <trkpt lat="40.78060316853225231170654296875" lon="-73.96452161483466625213623046875">
        <ele>33</ele>
        <time>2025-09-26T23:14:14.000Z</time>
        <extensions>
          <ns3:TrackPointExtension>
            <ns3:hr>159</ns3:hr>
            <ns3:cad>80</ns3:cad>
          </ns3:TrackPointExtension>
        </extensions>
      </trkpt>
      <trkpt lat="40.78072370029985904693603515625" lon="-73.96444986574351787567138671875">
        <ele>33</ele>
        <time>2025-09-26T23:14:21.000Z</time>
        <extensions>
          <ns3:TrackPointExtension>
            <ns3:hr>164</ns3:hr>
            <ns3:cad>82</ns3:cad>
          </ns3:TrackPointExtension>
        </extensions>
      </trkpt>
      <trkpt lat="40.78080701641738414764404296875" lon="-73.96437761373817920684814453125">
        <ele>33</ele>
        <time>2025-09-26T23:14:26.000Z</time>
        <extensions>
          <ns3:TrackPointExtension>
            <ns3:hr>160</ns3:hr>
            <ns3:cad>82</ns3:cad>
          </ns3:TrackPointExtension>
        </extensions>
      </trkpt>
      <trkpt lat="40.78090290538966655731201171875" lon="-73.96429882384836673736572265625">
        <ele>33</ele>
        <time>2025-09-26T23:14:31.000Z</time>
        <extensions>
          <ns3:TrackPointExtension>
            <ns3:hr>157</ns3:hr>
            <ns3:cad>82</ns3:cad>
          </ns3:TrackPointExtension>
        </extensions>
      </trkpt>
      <trkpt lat="40.781059563159942626953125" lon="-73.9641322754323482513427734375">
        <ele>33</ele>
        <time>2025-09-26T23:14:40.000Z</time>
        <extensions>
          <ns3:TrackPointExtension>
            <ns3:hr>157</ns3:hr>
            <ns3:cad>81</ns3:cad>
          </ns3:TrackPointExtension>
        </extensions>
      </trkpt>
      <trkpt lat="40.78116492368280887603759765625" lon="-73.96399271674454212188720703125">
        <ele>32.40000152587890625</ele>
        <time>2025-09-26T23:14:47.000Z</time>
        <extensions>
          <ns3:TrackPointExtension>
            <ns3:hr>153</ns3:hr>
            <ns3:cad>82</ns3:cad>
          </ns3:TrackPointExtension>
        </extensions>
      </trkpt>
      <trkpt lat="40.7812756486237049102783203125" lon="-73.9637906290590763092041015625">
        <ele>31.3999996185302734375</ele>
        <time>2025-09-26T23:14:56.000Z</time>
        <extensions>
          <ns3:TrackPointExtension>
            <ns3:hr>155</ns3:hr>
            <ns3:cad>81</ns3:cad>
          </ns3:TrackPointExtension>
        </extensions>
      </trkpt>
      <trkpt lat="40.78140011988580226898193359375" lon="-73.96358636207878589630126953125">
        <ele>30</ele>
        <time>2025-09-26T23:15:05.000Z</time>
        <extensions>
          <ns3:TrackPointExtension>
            <ns3:hr>156</ns3:hr>
            <ns3:cad>83</ns3:cad>
          </ns3:TrackPointExtension>
        </extensions>
      </trkpt>
      <trkpt lat="40.7814982719719409942626953125" lon="-73.96336642093956470489501953125">
        <ele>28.3999996185302734375</ele>
        <time>2025-09-26T23:15:14.000Z</time>
        <extensions>
          <ns3:TrackPointExtension>
            <ns3:hr>158</ns3:hr>
            <ns3:cad>81</ns3:cad>
          </ns3:TrackPointExtension>
        </extensions>
      </trkpt>
      <trkpt lat="40.78155434690415859222412109375" lon="-73.96320196799933910369873046875">
        <ele>28</ele>
        <time>2025-09-26T23:15:20.000Z</time>
        <extensions>
          <ns3:TrackPointExtension>
            <ns3:hr>159</ns3:hr>
            <ns3:cad>82</ns3:cad>
          </ns3:TrackPointExtension>
        </extensions>
      </trkpt>
      <trkpt lat="40.78160296194255352020263671875" lon="-73.96306031383574008941650390625">
        <ele>28.6000003814697265625</ele>
        <time>2025-09-26T23:15:26.000Z</time>
        <extensions>
          <ns3:TrackPointExtension>
            <ns3:hr>154</ns3:hr>
            <ns3:cad>80</ns3:cad>
          </ns3:TrackPointExtension>
        </extensions>
      </trkpt>
      <trkpt lat="40.78162928111851215362548828125" lon="-73.962955288589000701904296875">
        <ele>29.3999996185302734375</ele>
        <time>2025-09-26T23:15:30.000Z</time>
        <extensions>
          <ns3:TrackPointExtension>
            <ns3:hr>150</ns3:hr>
            <ns3:cad>81</ns3:cad>
          </ns3:TrackPointExtension>
        </extensions>
      </trkpt>
      <trkpt lat="40.78166046179831027984619140625" lon="-73.96283031441271305084228515625">
        <ele>30.3999996185302734375</ele>
        <time>2025-09-26T23:15:35.000Z</time>
        <extensions>
          <ns3:TrackPointExtension>
            <ns3:hr>155</ns3:hr>
            <ns3:cad>80</ns3:cad>
          </ns3:TrackPointExtension>
        </extensions>
      </trkpt>
      <trkpt lat="40.78170421533286571502685546875" lon="-73.96261573769152164459228515625">
        <ele>31.799999237060546875</ele>
        <time>2025-09-26T23:15:43.000Z</time>
        <extensions>
          <ns3:TrackPointExtension>
            <ns3:hr>152</ns3:hr>
            <ns3:cad>80</ns3:cad>
          </ns3:TrackPointExtension>
        </extensions>
      </trkpt>
      <trkpt lat="40.78168963082134723663330078125" lon="-73.96235070191323757171630859375">
        <ele>32.59999847412109375</ele>
        <time>2025-09-26T23:15:51.000Z</time>
        <extensions>
          <ns3:TrackPointExtension>
            <ns3:hr>153</ns3:hr>
            <ns3:cad>81</ns3:cad>
          </ns3:TrackPointExtension>
        </extensions>
      </trkpt>
      <trkpt lat="40.7816870324313640594482421875" lon="-73.96224894560873508453369140625">
        <ele>32.799999237060546875</ele>
        <time>2025-09-26T23:15:55.000Z</time>
        <extensions>
          <ns3:TrackPointExtension>
            <ns3:hr>150</ns3:hr>
            <ns3:cad>81</ns3:cad>
          </ns3:TrackPointExtension>
        </extensions>
      </trkpt>
      <trkpt lat="40.78168175183236598968505859375" lon="-73.9622046053409576416015625">
        <ele>33</ele>
        <time>2025-09-26T23:15:57.000Z</time>
        <extensions>
          <ns3:TrackPointExtension>
            <ns3:hr>153</ns3:hr>
            <ns3:cad>81</ns3:cad>
          </ns3:TrackPointExtension>
        </extensions>
      </trkpt>
      <trkpt lat="40.7816709391772747039794921875" lon="-73.9619952253997325897216796875">
        <ele>33.40000152587890625</ele>
        <time>2025-09-26T23:16:04.000Z</time>
        <extensions>
          <ns3:TrackPointExtension>
            <ns3:hr>150</ns3:hr>
            <ns3:cad>82</ns3:cad>
          </ns3:TrackPointExtension>
        </extensions>
      </trkpt>
      <trkpt lat="40.78165727667510509490966796875" lon="-73.96176631562411785125732421875">
        <ele>33.40000152587890625</ele>
        <time>2025-09-26T23:16:11.000Z</time>
        <extensions>
          <ns3:TrackPointExtension>
            <ns3:hr>147</ns3:hr>
            <ns3:cad>82</ns3:cad>
          </ns3:TrackPointExtension>
        </extensions>
      </trkpt>
      <trkpt lat="40.78165543265640735626220703125" lon="-73.96152156405150890350341796875">
        <ele>33.799999237060546875</ele>
        <time>2025-09-26T23:16:18.000Z</time>
        <extensions>
          <ns3:TrackPointExtension>
            <ns3:hr>149</ns3:hr>
            <ns3:cad>82</ns3:cad>
          </ns3:TrackPointExtension>
        </extensions>
      </trkpt>
      <trkpt lat="40.78165945596992969512939453125" lon="-73.961269855499267578125">
        <ele>33.40000152587890625</ele>
        <time>2025-09-26T23:16:26.000Z</time>
        <extensions>
          <ns3:TrackPointExtension>
            <ns3:hr>148</ns3:hr>
            <ns3:cad>82</ns3:cad>
          </ns3:TrackPointExtension>
        </extensions>
      </trkpt>
      <trkpt lat="40.78170035965740680694580078125" lon="-73.961023427546024322509765625">
        <ele>32.59999847412109375</ele>
        <time>2025-09-26T23:16:35.000Z</time>
        <extensions>
          <ns3:TrackPointExtension>
            <ns3:hr>149</ns3:hr>
            <ns3:cad>82</ns3:cad>
          </ns3:TrackPointExtension>
        </extensions>
      </trkpt>
      <trkpt lat="40.78175065107643604278564453125" lon="-73.9608807675540447235107421875">
        <ele>32</ele>
        <time>2025-09-26T23:16:42.000Z</time>
        <extensions>
          <ns3:TrackPointExtension>
            <ns3:hr>153</ns3:hr>
            <ns3:cad>82</ns3:cad>
          </ns3:TrackPointExtension>
        </extensions>
      </trkpt>
      <trkpt lat="40.781807564198970794677734375" lon="-73.96077523939311504364013671875">
        <ele>31.6000003814697265625</ele>
        <time>2025-09-26T23:16:48.000Z</time>
        <extensions>
          <ns3:TrackPointExtension>
            <ns3:hr>150</ns3:hr>
            <ns3:cad>83</ns3:cad>
          </ns3:TrackPointExtension>
        </extensions>
      </trkpt>
      <trkpt lat="40.7818627171218395233154296875" lon="-73.96073274314403533935546875">
        <ele>31.799999237060546875</ele>
        <time>2025-09-26T23:16:52.000Z</time>
        <extensions>
          <ns3:TrackPointExtension>
            <ns3:hr>153</ns3:hr>
            <ns3:cad>82</ns3:cad>
          </ns3:TrackPointExtension>
        </extensions>
      </trkpt>
      <trkpt lat="40.7819455303251743316650390625" lon="-73.9606407098472118377685546875">
        <ele>31.6000003814697265625</ele>
        <time>2025-09-26T23:16:59.000Z</time>
        <extensions>
          <ns3:TrackPointExtension>
            <ns3:hr>156</ns3:hr>
            <ns3:cad>86</ns3:cad>
          </ns3:TrackPointExtension>
        </extensions>
      </trkpt>
      <trkpt lat="40.78202641569077968597412109375" lon="-73.96057424135506153106689453125">
        <ele>31.799999237060546875</ele>
        <time>2025-09-26T23:17:04.000Z</time>
        <extensions>
          <ns3:TrackPointExtension>
            <ns3:hr>160</ns3:hr>
            <ns3:cad>84</ns3:cad>
          </ns3:TrackPointExtension>
        </extensions>
      </trkpt>
      <trkpt lat="40.78220092691481113433837890625" lon="-73.96047952584922313690185546875">
        <ele>32.59999847412109375</ele>
        <time>2025-09-26T23:17:14.000Z</time>
        <extensions>
          <ns3:TrackPointExtension>
            <ns3:hr>160</ns3:hr>
            <ns3:cad>83</ns3:cad>
          </ns3:TrackPointExtension>
        </extensions>
      </trkpt>
      <trkpt lat="40.78223680146038532257080078125" lon="-73.9604559727013111114501953125">
        <ele>32.59999847412109375</ele>
        <time>2025-09-26T23:17:16.000Z</time>
        <extensions>
          <ns3:TrackPointExtension>
            <ns3:hr>155</ns3:hr>
            <ns3:cad>82</ns3:cad>
          </ns3:TrackPointExtension>
        </extensions>
      </trkpt>
      <trkpt lat="40.782252810895442962646484375" lon="-73.9604442380368709564208984375">
        <ele>32.799999237060546875</ele>
        <time>2025-09-26T23:17:17.000Z</time>
        <extensions>
          <ns3:TrackPointExtension>
            <ns3:hr>155</ns3:hr>
            <ns3:cad>81</ns3:cad>
          </ns3:TrackPointExtension>
        </extensions>
      </trkpt>
      <trkpt lat="40.7824078761041164398193359375" lon="-73.9603460021317005157470703125">
        <ele>33.40000152587890625</ele>
        <time>2025-09-26T23:17:25.000Z</time>
        <extensions>
          <ns3:TrackPointExtension>
            <ns3:hr>162</ns3:hr>
            <ns3:cad>81</ns3:cad>
          </ns3:TrackPointExtension>
        </extensions>
      </trkpt>
      <trkpt lat="40.78242950141429901123046875" lon="-73.96033418364822864532470703125">
        <ele>33.200000762939453125</ele>
        <time>2025-09-26T23:17:26.000Z</time>
        <extensions>
          <ns3:TrackPointExtension>
            <ns3:hr>162</ns3:hr>
            <ns3:cad>81</ns3:cad>
          </ns3:TrackPointExtension>
        </extensions>
      </trkpt>
      <trkpt lat="40.78250803984701633453369140625" lon="-73.960279114544391632080078125">
        <ele>33</ele>
        <time>2025-09-26T23:17:30.000Z</time>
        <extensions>
          <ns3:TrackPointExtension>
            <ns3:hr>158</ns3:hr>
            <ns3:cad>83</ns3:cad>
          </ns3:TrackPointExtension>
        </extensions>
      </trkpt>
      <trkpt lat="40.78266947530210018157958984375" lon="-73.96016352809965610504150390625">
        <ele>33</ele>
        <time>2025-09-26T23:17:38.000Z</time>
        <extensions>
          <ns3:TrackPointExtension>
            <ns3:hr>155</ns3:hr>
            <ns3:cad>84</ns3:cad>
          </ns3:TrackPointExtension>
        </extensions>
      </trkpt>
      <trkpt lat="40.78272278420627117156982421875" lon="-73.96011583507061004638671875">
        <ele>33</ele>
        <time>2025-09-26T23:17:41.000Z</time>
        <extensions>
          <ns3:TrackPointExtension>
            <ns3:hr>159</ns3:hr>
            <ns3:cad>84</ns3:cad>
          </ns3:TrackPointExtension>
        </extensions>
      </trkpt>
      <trkpt lat="40.78273803927004337310791015625" lon="-73.9600982330739498138427734375">
        <ele>33</ele>
        <time>2025-09-26T23:17:42.000Z</time>
        <extensions>
          <ns3:TrackPointExtension>
            <ns3:hr>159</ns3:hr>
            <ns3:cad>84</ns3:cad>
          </ns3:TrackPointExtension>
        </extensions>
      </trkpt>
      <trkpt lat="40.782899223268032073974609375" lon="-73.95995750091969966888427734375">
        <ele>33</ele>
        <time>2025-09-26T23:17:52.000Z</time>
        <extensions>
          <ns3:TrackPointExtension>
            <ns3:hr>158</ns3:hr>
            <ns3:cad>82</ns3:cad>
          </ns3:TrackPointExtension>
        </extensions>
      </trkpt>
      <trkpt lat="40.7830170728266239166259765625" lon="-73.95988273434340953826904296875">
        <ele>33.200000762939453125</ele>
        <time>2025-09-26T23:17:58.000Z</time>
        <extensions>
          <ns3:TrackPointExtension>
            <ns3:hr>155</ns3:hr>
            <ns3:cad>83</ns3:cad>
          </ns3:TrackPointExtension>
        </extensions>
      </trkpt>
      <trkpt lat="40.7831833697855472564697265625" lon="-73.95977008156478404998779296875">
        <ele>33.799999237060546875</ele>
        <time>2025-09-26T23:18:07.000Z</time>
        <extensions>
          <ns3:TrackPointExtension>
            <ns3:hr>153</ns3:hr>
            <ns3:cad>84</ns3:cad>
          </ns3:TrackPointExtension>
        </extensions>
      </trkpt>
      <trkpt lat="40.783320330083370208740234375" lon="-73.95968073047697544097900390625">
        <ele>34.40000152587890625</ele>
        <time>2025-09-26T23:18:15.000Z</time>
        <extensions>
          <ns3:TrackPointExtension>
            <ns3:hr>156</ns3:hr>
            <ns3:cad>83</ns3:cad>
          </ns3:TrackPointExtension>
        </extensions>
      </trkpt>
      <trkpt lat="40.783376991748809814453125" lon="-73.9596325345337390899658203125">
        <ele>34.40000152587890625</ele>
        <time>2025-09-26T23:18:18.000Z</time>
        <extensions>
          <ns3:TrackPointExtension>
            <ns3:hr>153</ns3:hr>
            <ns3:cad>84</ns3:cad>
          </ns3:TrackPointExtension>
        </extensions>
      </trkpt>
      <trkpt lat="40.7835330627858638763427734375" lon="-73.95950940437614917755126953125">
        <ele>34.40000152587890625</ele>
        <time>2025-09-26T23:18:26.000Z</time>
        <extensions>
          <ns3:TrackPointExtension>
            <ns3:hr>153</ns3:hr>
            <ns3:cad>82</ns3:cad>
          </ns3:TrackPointExtension>
        </extensions>
      </trkpt>
      <trkpt lat="40.7837017066776752471923828125" lon="-73.95937730558216571807861328125">
        <ele>34.799999237060546875</ele>
        <time>2025-09-26T23:18:36.000Z</time>
        <extensions>
          <ns3:TrackPointExtension>
            <ns3:hr>159</ns3:hr>
            <ns3:cad>82</ns3:cad>
          </ns3:TrackPointExtension>
        </extensions>
      </trkpt>
      <trkpt lat="40.7838235795497894287109375" lon="-73.95928493700921535491943359375">
        <ele>35.200000762939453125</ele>
        <time>2025-09-26T23:18:43.000Z</time>
        <extensions>
          <ns3:TrackPointExtension>
            <ns3:hr>156</ns3:hr>
            <ns3:cad>82</ns3:cad>
          </ns3:TrackPointExtension>
        </extensions>
      </trkpt>
      <trkpt lat="40.7839169539511203765869140625" lon="-73.95920463837683200836181640625">
        <ele>35.59999847412109375</ele>
        <time>2025-09-26T23:18:49.000Z</time>
        <extensions>
          <ns3:TrackPointExtension>
            <ns3:hr>153</ns3:hr>
            <ns3:cad>81</ns3:cad>
          </ns3:TrackPointExtension>
        </extensions>
      </trkpt>
      <trkpt lat="40.78393463976681232452392578125" lon="-73.959188796579837799072265625">
        <ele>35.59999847412109375</ele>
        <time>2025-09-26T23:18:50.000Z</time>
        <extensions>
          <ns3:TrackPointExtension>
            <ns3:hr>149</ns3:hr>
            <ns3:cad>81</ns3:cad>
          </ns3:TrackPointExtension>
        </extensions>
      </trkpt>
      <trkpt lat="40.7839675806462764739990234375" lon="-73.959157951176166534423828125">
        <ele>35.799999237060546875</ele>
        <time>2025-09-26T23:18:52.000Z</time>
        <extensions>
          <ns3:TrackPointExtension>
            <ns3:hr>145</ns3:hr>
            <ns3:cad>82</ns3:cad>
          </ns3:TrackPointExtension>
        </extensions>
      </trkpt>
      <trkpt lat="40.78401711769402027130126953125" lon="-73.959119059145450592041015625">
        <ele>35.799999237060546875</ele>
        <time>2025-09-26T23:18:55.000Z</time>
        <extensions>
          <ns3:TrackPointExtension>
            <ns3:hr>142</ns3:hr>
            <ns3:cad>84</ns3:cad>
          </ns3:TrackPointExtension>
        </extensions>
      </trkpt>
      <trkpt lat="40.78417620621621608734130859375" lon="-73.95900246687233448028564453125">
        <ele>35.40000152587890625</ele>
        <time>2025-09-26T23:19:03.000Z</time>
        <extensions>
          <ns3:TrackPointExtension>
            <ns3:hr>142</ns3:hr>
            <ns3:cad>84</ns3:cad>
          </ns3:TrackPointExtension>
        </extensions>
      </trkpt>
      <trkpt lat="40.7842840813100337982177734375" lon="-73.95892283879220485687255859375">
        <ele>35.200000762939453125</ele>
        <time>2025-09-26T23:19:09.000Z</time>
        <extensions>
          <ns3:TrackPointExtension>
            <ns3:hr>147</ns3:hr>
            <ns3:cad>85</ns3:cad>
          </ns3:TrackPointExtension>
        </extensions>
      </trkpt>
      <trkpt lat="40.78436982817947864532470703125" lon="-73.95887053571641445159912109375">
        <ele>35</ele>
        <time>2025-09-26T23:19:13.000Z</time>
        <extensions>
          <ns3:TrackPointExtension>
            <ns3:hr>150</ns3:hr>
            <ns3:cad>86</ns3:cad>
          </ns3:TrackPointExtension>
        </extensions>
      </trkpt>
      <trkpt lat="40.78448935411870479583740234375" lon="-73.95879895426332950592041015625">
        <ele>34.799999237060546875</ele>
        <time>2025-09-26T23:19:19.000Z</time>
        <extensions>
          <ns3:TrackPointExtension>
            <ns3:hr>153</ns3:hr>
            <ns3:cad>83</ns3:cad>
          </ns3:TrackPointExtension>
        </extensions>
      </trkpt>
      <trkpt lat="40.78465498052537441253662109375" lon="-73.95868680439889430999755859375">
        <ele>34.59999847412109375</ele>
        <time>2025-09-26T23:19:28.000Z</time>
        <extensions>
          <ns3:TrackPointExtension>
            <ns3:hr>154</ns3:hr>
            <ns3:cad>84</ns3:cad>
          </ns3:TrackPointExtension>
        </extensions>
      </trkpt>
      <trkpt lat="40.78474550507962703704833984375" lon="-73.9586250297725200653076171875">
        <ele>34.59999847412109375</ele>
        <time>2025-09-26T23:19:33.000Z</time>
        <extensions>
          <ns3:TrackPointExtension>
            <ns3:hr>157</ns3:hr>
            <ns3:cad>81</ns3:cad>
          </ns3:TrackPointExtension>
        </extensions>
      </trkpt>
      <trkpt lat="40.784908197820186614990234375" lon="-73.95851430483162403106689453125">
        <ele>34.59999847412109375</ele>
        <time>2025-09-26T23:19:42.000Z</time>
        <extensions>
          <ns3:TrackPointExtension>
            <ns3:hr>159</ns3:hr>
            <ns3:cad>81</ns3:cad>
          </ns3:TrackPointExtension>
        </extensions>
      </trkpt>
      <trkpt lat="40.78503736294806003570556640625" lon="-73.95842067897319793701171875">
        <ele>34.40000152587890625</ele>
        <time>2025-09-26T23:19:49.000Z</time>
        <extensions>
          <ns3:TrackPointExtension>
            <ns3:hr>156</ns3:hr>
            <ns3:cad>83</ns3:cad>
          </ns3:TrackPointExtension>
        </extensions>
      </trkpt>
      <trkpt lat="40.78512051142752170562744140625" lon="-73.95837214775383472442626953125">
        <ele>34.200000762939453125</ele>
        <time>2025-09-26T23:19:53.000Z</time>
        <extensions>
          <ns3:TrackPointExtension>
            <ns3:hr>159</ns3:hr>
            <ns3:cad>85</ns3:cad>
          </ns3:TrackPointExtension>
        </extensions>
      </trkpt>
      <trkpt lat="40.78517918474972248077392578125" lon="-73.9583194255828857421875">
        <ele>34.200000762939453125</ele>
        <time>2025-09-26T23:19:56.000Z</time>
        <extensions>
          <ns3:TrackPointExtension>
            <ns3:hr>162</ns3:hr>
            <ns3:cad>86</ns3:cad>
          </ns3:TrackPointExtension>
        </extensions>
      </trkpt>
      <trkpt lat="40.7852424681186676025390625" lon="-73.9582602493464946746826171875">
        <ele>34.200000762939453125</ele>
        <time>2025-09-26T23:20:00.000Z</time>
        <extensions>
          <ns3:TrackPointExtension>
            <ns3:hr>164</ns3:hr>
            <ns3:cad>82</ns3:cad>
          </ns3:TrackPointExtension>
        </extensions>
      </trkpt>
      <trkpt lat="40.78536090441048145294189453125" lon="-73.9581358619034290313720703125">
        <ele>34.200000762939453125</ele>
        <time>2025-09-26T23:20:08.000Z</time>
        <extensions>
          <ns3:TrackPointExtension>
            <ns3:hr>161</ns3:hr>
            <ns3:cad>82</ns3:cad>
          </ns3:TrackPointExtension>
        </extensions>
      </trkpt>
      <trkpt lat="40.78537783585488796234130859375" lon="-73.958123289048671722412109375">
        <ele>34.200000762939453125</ele>
        <time>2025-09-26T23:20:09.000Z</time>
        <extensions>
          <ns3:TrackPointExtension>
            <ns3:hr>157</ns3:hr>
            <ns3:cad>82</ns3:cad>
          </ns3:TrackPointExtension>
        </extensions>
      </trkpt>
      <trkpt lat="40.78539795242249965667724609375" lon="-73.9581019990146160125732421875">
        <ele>34.200000762939453125</ele>
        <time>2025-09-26T23:20:10.000Z</time>
        <extensions>
          <ns3:TrackPointExtension>
            <ns3:hr>153</ns3:hr>
            <ns3:cad>82</ns3:cad>
          </ns3:TrackPointExtension>
        </extensions>
      </trkpt>
      <trkpt lat="40.78541689552366733551025390625" lon="-73.95808900706470012664794921875">
        <ele>34.200000762939453125</ele>
        <time>2025-09-26T23:20:11.000Z</time>
        <extensions>
          <ns3:TrackPointExtension>
            <ns3:hr>149</ns3:hr>
            <ns3:cad>81</ns3:cad>
          </ns3:TrackPointExtension>
        </extensions>
      </trkpt>
      <trkpt lat="40.78544975258409976959228515625" lon="-73.95806729793548583984375">
        <ele>34.200000762939453125</ele>
        <time>2025-09-26T23:20:13.000Z</time>
        <extensions>
          <ns3:TrackPointExtension>
            <ns3:hr>145</ns3:hr>
            <ns3:cad>81</ns3:cad>
          </ns3:TrackPointExtension>
        </extensions>
      </trkpt>
      <trkpt lat="40.7855420373380184173583984375" lon="-73.95800770260393619537353515625">
        <ele>34.200000762939453125</ele>
        <time>2025-09-26T23:20:18.000Z</time>
        <extensions>
          <ns3:TrackPointExtension>
            <ns3:hr>142</ns3:hr>
            <ns3:cad>81</ns3:cad>
          </ns3:TrackPointExtension>
        </extensions>
      </trkpt>
      <trkpt lat="40.78570791520178318023681640625" lon="-73.95788884721696376800537109375">
        <ele>34</ele>
        <time>2025-09-26T23:20:26.000Z</time>
        <extensions>
          <ns3:TrackPointExtension>
            <ns3:hr>141</ns3:hr>
            <ns3:cad>81</ns3:cad>
          </ns3:TrackPointExtension>
        </extensions>
      </trkpt>
      <trkpt lat="40.78574647195637226104736328125" lon="-73.95786789245903491973876953125">
        <ele>34</ele>
        <time>2025-09-26T23:20:28.000Z</time>
        <extensions>
          <ns3:TrackPointExtension>
            <ns3:hr>145</ns3:hr>
            <ns3:cad>82</ns3:cad>
          </ns3:TrackPointExtension>
        </extensions>
      </trkpt>
      <trkpt lat="40.78580774366855621337890625" lon="-73.95783402957022190093994140625">
        <ele>34.200000762939453125</ele>
        <time>2025-09-26T23:20:31.000Z</time>
        <extensions>
          <ns3:TrackPointExtension>
            <ns3:hr>142</ns3:hr>
            <ns3:cad>81</ns3:cad>
          </ns3:TrackPointExtension>
        </extensions>
      </trkpt>
      <trkpt lat="40.7859014533460140228271484375" lon="-73.95777015946805477142333984375">
        <ele>34.40000152587890625</ele>
        <time>2025-09-26T23:20:36.000Z</time>
        <extensions>
          <ns3:TrackPointExtension>
            <ns3:hr>146</ns3:hr>
            <ns3:cad>83</ns3:cad>
          </ns3:TrackPointExtension>
        </extensions>
      </trkpt>
      <trkpt lat="40.78605492599308490753173828125" lon="-73.95765633322298526763916015625">
        <ele>34.200000762939453125</ele>
        <time>2025-09-26T23:20:45.000Z</time>
        <extensions>
          <ns3:TrackPointExtension>
            <ns3:hr>146</ns3:hr>
            <ns3:cad>83</ns3:cad>
          </ns3:TrackPointExtension>
        </extensions>
      </trkpt>
      <trkpt lat="40.78616556711494922637939453125" lon="-73.95755700767040252685546875">
        <ele>33.40000152587890625</ele>
        <time>2025-09-26T23:20:51.000Z</time>
        <extensions>
          <ns3:TrackPointExtension>
            <ns3:hr>151</ns3:hr>
            <ns3:cad>83</ns3:cad>
          </ns3:TrackPointExtension>
        </extensions>
      </trkpt>
      <trkpt lat="40.78633639030158519744873046875" lon="-73.95743605680763721466064453125">
        <ele>32.59999847412109375</ele>
        <time>2025-09-26T23:21:00.000Z</time>
        <extensions>
          <ns3:TrackPointExtension>
            <ns3:hr>154</ns3:hr>
            <ns3:cad>84</ns3:cad>
          </ns3:TrackPointExtension>
        </extensions>
      </trkpt>
      <trkpt lat="40.7865113206207752227783203125" lon="-73.95732692442834377288818359375">
        <ele>31.3999996185302734375</ele>
        <time>2025-09-26T23:21:09.000Z</time>
        <extensions>
          <ns3:TrackPointExtension>
            <ns3:hr>154</ns3:hr>
            <ns3:cad>83</ns3:cad>
          </ns3:TrackPointExtension>
        </extensions>
      </trkpt>
      <trkpt lat="40.786533616483211517333984375" lon="-73.95731099881231784820556640625">
        <ele>31.200000762939453125</ele>
        <time>2025-09-26T23:21:10.000Z</time>
        <extensions>
          <ns3:TrackPointExtension>
            <ns3:hr>150</ns3:hr>
            <ns3:cad>83</ns3:cad>
          </ns3:TrackPointExtension>
        </extensions>
      </trkpt>
      <trkpt lat="40.786557756364345550537109375" lon="-73.95730060525238513946533203125">
        <ele>31.200000762939453125</ele>
        <time>2025-09-26T23:21:11.000Z</time>
        <extensions>
          <ns3:TrackPointExtension>
            <ns3:hr>150</ns3:hr>
            <ns3:cad>83</ns3:cad>
          </ns3:TrackPointExtension>
        </extensions>
      </trkpt>
      <trkpt lat="40.7867248915135860443115234375" lon="-73.9571970887482166290283203125">
        <ele>30.6000003814697265625</ele>
        <time>2025-09-26T23:21:18.000Z</time>
        <extensions>
          <ns3:TrackPointExtension>
            <ns3:hr>151</ns3:hr>
            <ns3:cad>79</ns3:cad>
          </ns3:TrackPointExtension>
        </extensions>
      </trkpt>
      <trkpt lat="40.78691951930522918701171875" lon="-73.95713648758828639984130859375">
        <ele>30.6000003814697265625</ele>
        <time>2025-09-26T23:21:25.000Z</time>
        <extensions>
          <ns3:TrackPointExtension>
            <ns3:hr>152</ns3:hr>
            <ns3:cad>81</ns3:cad>
          </ns3:TrackPointExtension>
        </extensions>
      </trkpt>
      <trkpt lat="40.7869924418628215789794921875" lon="-73.95712114870548248291015625">
        <ele>30.3999996185302734375</ele>
        <time>2025-09-26T23:21:28.000Z</time>
        <extensions>
          <ns3:TrackPointExtension>
            <ns3:hr>155</ns3:hr>
            <ns3:cad>83</ns3:cad>
          </ns3:TrackPointExtension>
        </extensions>
      </trkpt>
      <trkpt lat="40.7870199345052242279052734375" lon="-73.9571149460971355438232421875">
        <ele>30.3999996185302734375</ele>
        <time>2025-09-26T23:21:29.000Z</time>
        <extensions>
          <ns3:TrackPointExtension>
            <ns3:hr>158</ns3:hr>
            <ns3:cad>85</ns3:cad>
          </ns3:TrackPointExtension>
        </extensions>
      </trkpt>
      <trkpt lat="40.7871064357459545135498046875" lon="-73.95709072239696979522705078125">
        <ele>30.200000762939453125</ele>
        <time>2025-09-26T23:21:32.000Z</time>
        <extensions>
          <ns3:TrackPointExtension>
            <ns3:hr>152</ns3:hr>
            <ns3:cad>86</ns3:cad>
          </ns3:TrackPointExtension>
        </extensions>
      </trkpt>
      <trkpt lat="40.7871361076831817626953125" lon="-73.95708200521767139434814453125">
        <ele>30.200000762939453125</ele>
        <time>2025-09-26T23:21:33.000Z</time>
        <extensions>
          <ns3:TrackPointExtension>
            <ns3:hr>152</ns3:hr>
            <ns3:cad>85</ns3:cad>
          </ns3:TrackPointExtension>
        </extensions>
      </trkpt>
      <trkpt lat="40.787213556468486785888671875" lon="-73.95706255920231342315673828125">
        <ele>30.3999996185302734375</ele>
        <time>2025-09-26T23:21:36.000Z</time>
        <extensions>
          <ns3:TrackPointExtension>
            <ns3:hr>155</ns3:hr>
            <ns3:cad>85</ns3:cad>
          </ns3:TrackPointExtension>
        </extensions>
      </trkpt>
      <trkpt lat="40.787391923367977142333984375" lon="-73.95711704157292842864990234375">
        <ele>30.6000003814697265625</ele>
        <time>2025-09-26T23:21:45.000Z</time>
        <extensions>
          <ns3:TrackPointExtension>
            <ns3:hr>155</ns3:hr>
            <ns3:cad>82</ns3:cad>
          </ns3:TrackPointExtension>
        </extensions>
      </trkpt>
      <trkpt lat="40.7875825278460979461669921875" lon="-73.957138247787952423095703125">
        <ele>30</ele>
        <time>2025-09-26T23:21:54.000Z</time>
        <extensions>
          <ns3:TrackPointExtension>
            <ns3:hr>156</ns3:hr>
            <ns3:cad>81</ns3:cad>
          </ns3:TrackPointExtension>
        </extensions>
      </trkpt>
      <trkpt lat="40.78767648898065090179443359375" lon="-73.9571397565305233001708984375">
        <ele>29.799999237060546875</ele>
        <time>2025-09-26T23:21:59.000Z</time>
        <extensions>
          <ns3:TrackPointExtension>
            <ns3:hr>159</ns3:hr>
            <ns3:cad>83</ns3:cad>
          </ns3:TrackPointExtension>
        </extensions>
      </trkpt>
      <trkpt lat="40.7878584600985050201416015625" lon="-73.95710379816591739654541015625">
        <ele>29.6000003814697265625</ele>
        <time>2025-09-26T23:22:08.000Z</time>
        <extensions>
          <ns3:TrackPointExtension>
            <ns3:hr>161</ns3:hr>
            <ns3:cad>79</ns3:cad>
          </ns3:TrackPointExtension>
        </extensions>
      </trkpt>
      <trkpt lat="40.78801788389682769775390625" lon="-73.95704336464405059814453125">
        <ele>29.200000762939453125</ele>
        <time>2025-09-26T23:22:15.000Z</time>
        <extensions>
          <ns3:TrackPointExtension>
            <ns3:hr>158</ns3:hr>
            <ns3:cad>79</ns3:cad>
          </ns3:TrackPointExtension>
        </extensions>
      </trkpt>
      <trkpt lat="40.78819633461534976959228515625" lon="-73.956969939172267913818359375">
        <ele>28.3999996185302734375</ele>
        <time>2025-09-26T23:22:23.000Z</time>
        <extensions>
          <ns3:TrackPointExtension>
            <ns3:hr>159</ns3:hr>
            <ns3:cad>82</ns3:cad>
          </ns3:TrackPointExtension>
        </extensions>
      </trkpt>
      <trkpt lat="40.78830362297594547271728515625" lon="-73.956950493156909942626953125">
        <ele>28.200000762939453125</ele>
        <time>2025-09-26T23:22:28.000Z</time>
        <extensions>
          <ns3:TrackPointExtension>
            <ns3:hr>156</ns3:hr>
            <ns3:cad>82</ns3:cad>
          </ns3:TrackPointExtension>
        </extensions>
      </trkpt>
      <trkpt lat="40.78845215030014514923095703125" lon="-73.9569456316530704498291015625">
        <ele>28.200000762939453125</ele>
        <time>2025-09-26T23:22:35.000Z</time>
        <extensions>
          <ns3:TrackPointExtension>
            <ns3:hr>162</ns3:hr>
            <ns3:cad>86</ns3:cad>
          </ns3:TrackPointExtension>
        </extensions>
      </trkpt>
      <trkpt lat="40.7885254919528961181640625" lon="-73.95695057697594165802001953125">
        <ele>28</ele>
        <time>2025-09-26T23:22:38.000Z</time>
        <extensions>
          <ns3:TrackPointExtension>
            <ns3:hr>159</ns3:hr>
            <ns3:cad>84</ns3:cad>
          </ns3:TrackPointExtension>
        </extensions>
      </trkpt>
      <trkpt lat="40.78862674534320831298828125" lon="-73.95696214400231838226318359375">
        <ele>27.3999996185302734375</ele>
        <time>2025-09-26T23:22:42.000Z</time>
        <extensions>
          <ns3:TrackPointExtension>
            <ns3:hr>156</ns3:hr>
            <ns3:cad>84</ns3:cad>
          </ns3:TrackPointExtension>
        </extensions>
      </trkpt>
      <trkpt lat="40.78868080861866474151611328125" lon="-73.95697538740932941436767578125">
        <ele>27</ele>
        <time>2025-09-26T23:22:44.000Z</time>
        <extensions>
          <ns3:TrackPointExtension>
            <ns3:hr>159</ns3:hr>
            <ns3:cad>83</ns3:cad>
          </ns3:TrackPointExtension>
        </extensions>
      </trkpt>
      <trkpt lat="40.78880301676690578460693359375" lon="-73.957013525068759918212890625">
        <ele>26.799999237060546875</ele>
        <time>2025-09-26T23:22:49.000Z</time>
        <extensions>
          <ns3:TrackPointExtension>
            <ns3:hr>156</ns3:hr>
            <ns3:cad>86</ns3:cad>
          </ns3:TrackPointExtension>
        </extensions>
      </trkpt>
      <trkpt lat="40.78889287076890468597412109375" lon="-73.95704227499663829803466796875">
        <ele>26.3999996185302734375</ele>
        <time>2025-09-26T23:22:53.000Z</time>
        <extensions>
          <ns3:TrackPointExtension>
            <ns3:hr>160</ns3:hr>
            <ns3:cad>85</ns3:cad>
          </ns3:TrackPointExtension>
        </extensions>
      </trkpt>
      <trkpt lat="40.78901340253651142120361328125" lon="-73.957140259444713592529296875">
        <ele>26</ele>
        <time>2025-09-26T23:22:59.000Z</time>
        <extensions>
          <ns3:TrackPointExtension>
            <ns3:hr>154</ns3:hr>
            <ns3:cad>83</ns3:cad>
          </ns3:TrackPointExtension>
        </extensions>
      </trkpt>
      <trkpt lat="40.78916192986071109771728515625" lon="-73.9572795666754245758056640625">
        <ele>25.799999237060546875</ele>
        <time>2025-09-26T23:23:07.000Z</time>
        <extensions>
          <ns3:TrackPointExtension>
            <ns3:hr>155</ns3:hr>
            <ns3:cad>82</ns3:cad>
          </ns3:TrackPointExtension>
        </extensions>
      </trkpt>
      <trkpt lat="40.78925781883299350738525390625" lon="-73.95735844038426876068115234375">
        <ele>25.3999996185302734375</ele>
        <time>2025-09-26T23:23:12.000Z</time>
        <extensions>
          <ns3:TrackPointExtension>
            <ns3:hr>150</ns3:hr>
            <ns3:cad>84</ns3:cad>
          </ns3:TrackPointExtension>
        </extensions>
      </trkpt>
      <trkpt lat="40.78927877359092235565185546875" lon="-73.9573739469051361083984375">
        <ele>25.200000762939453125</ele>
        <time>2025-09-26T23:23:13.000Z</time>
        <extensions>
          <ns3:TrackPointExtension>
            <ns3:hr>154</ns3:hr>
            <ns3:cad>84</ns3:cad>
          </ns3:TrackPointExtension>
        </extensions>
      </trkpt>
      <trkpt lat="40.78929721377789974212646484375" lon="-73.9573902077972888946533203125">
        <ele>25</ele>
        <time>2025-09-26T23:23:14.000Z</time>
        <extensions>
          <ns3:TrackPointExtension>
            <ns3:hr>159</ns3:hr>
            <ns3:cad>84</ns3:cad>
          </ns3:TrackPointExtension>
        </extensions>
      </trkpt>
      <trkpt lat="40.7894714735448360443115234375" lon="-73.9574284292757511138916015625">
        <ele>24.799999237060546875</ele>
        <time>2025-09-26T23:23:22.000Z</time>
        <extensions>
          <ns3:TrackPointExtension>
            <ns3:hr>153</ns3:hr>
            <ns3:cad>83</ns3:cad>
          </ns3:TrackPointExtension>
        </extensions>
      </trkpt>
      <trkpt lat="40.78949469141662120819091796875" lon="-73.95742935128509998321533203125">
        <ele>24.799999237060546875</ele>
        <time>2025-09-26T23:23:23.000Z</time>
        <extensions>
          <ns3:TrackPointExtension>
            <ns3:hr>147</ns3:hr>
            <ns3:cad>83</ns3:cad>
          </ns3:TrackPointExtension>
        </extensions>
      </trkpt>
      <trkpt lat="40.7895177416503429412841796875" lon="-73.95742834545671939849853515625">
        <ele>24.799999237060546875</ele>
        <time>2025-09-26T23:23:24.000Z</time>
        <extensions>
          <ns3:TrackPointExtension>
            <ns3:hr>147</ns3:hr>
            <ns3:cad>83</ns3:cad>
          </ns3:TrackPointExtension>
        </extensions>
      </trkpt>
      <trkpt lat="40.78963659703731536865234375" lon="-73.957430608570575714111328125">
        <ele>24.799999237060546875</ele>
        <time>2025-09-26T23:23:29.000Z</time>
        <extensions>
          <ns3:TrackPointExtension>
            <ns3:hr>143</ns3:hr>
            <ns3:cad>83</ns3:cad>
          </ns3:TrackPointExtension>
        </extensions>
      </trkpt>
      <trkpt lat="40.78971060924232006072998046875" lon="-73.9574237354099750518798828125">
        <ele>24.799999237060546875</ele>
        <time>2025-09-26T23:23:32.000Z</time>
        <extensions>
          <ns3:TrackPointExtension>
            <ns3:hr>139</ns3:hr>
            <ns3:cad>83</ns3:cad>
          </ns3:TrackPointExtension>
        </extensions>
      </trkpt>
      <trkpt lat="40.7899033091962337493896484375" lon="-73.95735994912683963775634765625">
        <ele>24.6000003814697265625</ele>
        <time>2025-09-26T23:23:41.000Z</time>
        <extensions>
          <ns3:TrackPointExtension>
            <ns3:hr>140</ns3:hr>
            <ns3:cad>81</ns3:cad>
          </ns3:TrackPointExtension>
        </extensions>
      </trkpt>
      <trkpt lat="40.78994094394147396087646484375" lon="-73.957338072359561920166015625">
        <ele>24.6000003814697265625</ele>
        <time>2025-09-26T23:23:43.000Z</time>
        <extensions>
          <ns3:TrackPointExtension>
            <ns3:hr>145</ns3:hr>
            <ns3:cad>81</ns3:cad>
          </ns3:TrackPointExtension>
        </extensions>
      </trkpt>
      <trkpt lat="40.789959467947483062744140625" lon="-73.9573283493518829345703125">
        <ele>24.3999996185302734375</ele>
        <time>2025-09-26T23:23:44.000Z</time>
        <extensions>
          <ns3:TrackPointExtension>
            <ns3:hr>145</ns3:hr>
            <ns3:cad>81</ns3:cad>
          </ns3:TrackPointExtension>
        </extensions>
      </trkpt>
      <trkpt lat="40.7900893874466419219970703125" lon="-73.95725148729979991912841796875">
        <ele>24.200000762939453125</ele>
        <time>2025-09-26T23:23:51.000Z</time>
        <extensions>
          <ns3:TrackPointExtension>
            <ns3:hr>149</ns3:hr>
            <ns3:cad>82</ns3:cad>
          </ns3:TrackPointExtension>
        </extensions>
      </trkpt>
      <trkpt lat="40.79026213847100734710693359375" lon="-73.95715392194688320159912109375">
        <ele>23.799999237060546875</ele>
        <time>2025-09-26T23:24:00.000Z</time>
        <extensions>
          <ns3:TrackPointExtension>
            <ns3:hr>149</ns3:hr>
            <ns3:cad>83</ns3:cad>
          </ns3:TrackPointExtension>
        </extensions>
      </trkpt>
      <trkpt lat="40.79033799469470977783203125" lon="-73.9571052230894565582275390625">
        <ele>23.6000003814697265625</ele>
        <time>2025-09-26T23:24:04.000Z</time>
        <extensions>
          <ns3:TrackPointExtension>
            <ns3:hr>153</ns3:hr>
            <ns3:cad>83</ns3:cad>
          </ns3:TrackPointExtension>
        </extensions>
      </trkpt>
      <trkpt lat="40.790489204227924346923828125" lon="-73.95699449814856052398681640625">
        <ele>23.200000762939453125</ele>
        <time>2025-09-26T23:24:12.000Z</time>
        <extensions>
          <ns3:TrackPointExtension>
            <ns3:hr>150</ns3:hr>
            <ns3:cad>85</ns3:cad>
          </ns3:TrackPointExtension>
        </extensions>
      </trkpt>
      <trkpt lat="40.79057645983994007110595703125" lon="-73.95693900994956493377685546875">
        <ele>23</ele>
        <time>2025-09-26T23:24:18.000Z</time>
        <extensions>
          <ns3:TrackPointExtension>
            <ns3:hr>154</ns3:hr>
            <ns3:cad>83</ns3:cad>
          </ns3:TrackPointExtension>
        </extensions>
      </trkpt>
      <trkpt lat="40.79070872627198696136474609375" lon="-73.95684546791017055511474609375">
        <ele>23</ele>
        <time>2025-09-26T23:24:25.000Z</time>
        <extensions>
          <ns3:TrackPointExtension>
            <ns3:hr>159</ns3:hr>
            <ns3:cad>84</ns3:cad>
          </ns3:TrackPointExtension>
        </extensions>
      </trkpt>
      <trkpt lat="40.7907495461404323577880859375" lon="-73.95681210793554782867431640625">
        <ele>23.200000762939453125</ele>
        <time>2025-09-26T23:24:27.000Z</time>
        <extensions>
          <ns3:TrackPointExtension>
            <ns3:hr>162</ns3:hr>
            <ns3:cad>85</ns3:cad>
          </ns3:TrackPointExtension>
        </extensions>
      </trkpt>
      <trkpt lat="40.79087938182055950164794921875" lon="-73.9566733874380588531494140625">
        <ele>23.6000003814697265625</ele>
        <time>2025-09-26T23:24:34.000Z</time>
        <extensions>
          <ns3:TrackPointExtension>
            <ns3:hr>159</ns3:hr>
            <ns3:cad>84</ns3:cad>
          </ns3:TrackPointExtension>
        </extensions>
      </trkpt>
      <trkpt lat="40.79098532907664775848388671875" lon="-73.95655595697462558746337890625">
        <ele>24.200000762939453125</ele>
        <time>2025-09-26T23:24:40.000Z</time>
        <extensions>
          <ns3:TrackPointExtension>
            <ns3:hr>162</ns3:hr>
            <ns3:cad>84</ns3:cad>
          </ns3:TrackPointExtension>
        </extensions>
      </trkpt>
      <trkpt lat="40.791037715971469879150390625" lon="-73.956491835415363311767578125">
        <ele>24.3999996185302734375</ele>
        <time>2025-09-26T23:24:43.000Z</time>
        <extensions>
          <ns3:TrackPointExtension>
            <ns3:hr>165</ns3:hr>
            <ns3:cad>83</ns3:cad>
          </ns3:TrackPointExtension>
        </extensions>
      </trkpt>
      <trkpt lat="40.79118917696177959442138671875" lon="-73.9563438110053539276123046875">
        <ele>24.3999996185302734375</ele>
        <time>2025-09-26T23:24:51.000Z</time>
        <extensions>
          <ns3:TrackPointExtension>
            <ns3:hr>164</ns3:hr>
            <ns3:cad>81</ns3:cad>
          </ns3:TrackPointExtension>
        </extensions>
      </trkpt>
      <trkpt lat="40.79128674231469631195068359375" lon="-73.9562501013278961181640625">
        <ele>24</ele>
        <time>2025-09-26T23:24:56.000Z</time>
        <extensions>
          <ns3:TrackPointExtension>
            <ns3:hr>161</ns3:hr>
            <ns3:cad>81</ns3:cad>
          </ns3:TrackPointExtension>
        </extensions>
      </trkpt>
      <trkpt lat="40.79142697155475616455078125" lon="-73.95608522929251194000244140625">
        <ele>24</ele>
        <time>2025-09-26T23:25:04.000Z</time>
        <extensions>
          <ns3:TrackPointExtension>
            <ns3:hr>160</ns3:hr>
            <ns3:cad>81</ns3:cad>
          </ns3:TrackPointExtension>
        </extensions>
      </trkpt>
      <trkpt lat="40.79149268567562103271484375" lon="-73.95601683296263217926025390625">
        <ele>23.799999237060546875</ele>
        <time>2025-09-26T23:25:08.000Z</time>
        <extensions>
          <ns3:TrackPointExtension>
            <ns3:hr>157</ns3:hr>
            <ns3:cad>82</ns3:cad>
          </ns3:TrackPointExtension>
        </extensions>
      </trkpt>
      <trkpt lat="40.79164414666593074798583984375" lon="-73.95584215410053730010986328125">
        <ele>23.3999996185302734375</ele>
        <time>2025-09-26T23:25:17.000Z</time>
        <extensions>
          <ns3:TrackPointExtension>
            <ns3:hr>157</ns3:hr>
            <ns3:cad>83</ns3:cad>
          </ns3:TrackPointExtension>
        </extensions>
      </trkpt>
      <trkpt lat="40.791724026203155517578125" lon="-73.955742828547954559326171875">
        <ele>23.3999996185302734375</ele>
        <time>2025-09-26T23:25:22.000Z</time>
        <extensions>
          <ns3:TrackPointExtension>
            <ns3:hr>160</ns3:hr>
            <ns3:cad>84</ns3:cad>
          </ns3:TrackPointExtension>
        </extensions>
      </trkpt>
      <trkpt lat="40.79184539616107940673828125" lon="-73.9555632881820201873779296875">
        <ele>23.200000762939453125</ele>
        <time>2025-09-26T23:25:31.000Z</time>
        <extensions>
          <ns3:TrackPointExtension>
            <ns3:hr>158</ns3:hr>
            <ns3:cad>82</ns3:cad>
          </ns3:TrackPointExtension>
        </extensions>
      </trkpt>
      <trkpt lat="40.7919085957109928131103515625" lon="-73.95547653548419475555419921875">
        <ele>23</ele>
        <time>2025-09-26T23:25:36.000Z</time>
        <extensions>
          <ns3:TrackPointExtension>
            <ns3:hr>153</ns3:hr>
            <ns3:cad>82</ns3:cad>
          </ns3:TrackPointExtension>
        </extensions>
      </trkpt>
      <trkpt lat="40.79193592071533203125" lon="-73.95543881691992282867431640625">
        <ele>23</ele>
        <time>2025-09-26T23:25:38.000Z</time>
        <extensions>
          <ns3:TrackPointExtension>
            <ns3:hr>150</ns3:hr>
            <ns3:cad>81</ns3:cad>
          </ns3:TrackPointExtension>
        </extensions>
      </trkpt>
      <trkpt lat="40.792079754173755645751953125" lon="-73.95527201704680919647216796875">
        <ele>23</ele>
        <time>2025-09-26T23:25:48.000Z</time>
        <extensions>
          <ns3:TrackPointExtension>
            <ns3:hr>151</ns3:hr>
            <ns3:cad>82</ns3:cad>
          </ns3:TrackPointExtension>
        </extensions>
      </trkpt>
      <trkpt lat="40.79223389737308025360107421875" lon="-73.9551331289112567901611328125">
        <ele>22.6000003814697265625</ele>
        <time>2025-09-26T23:25:57.000Z</time>
        <extensions>
          <ns3:TrackPointExtension>
            <ns3:hr>150</ns3:hr>
            <ns3:cad>81</ns3:cad>
          </ns3:TrackPointExtension>
        </extensions>
      </trkpt>
      <trkpt lat="40.792433135211467742919921875" lon="-73.9550871960818767547607421875">
        <ele>22.6000003814697265625</ele>
        <time>2025-09-26T23:26:07.000Z</time>
        <extensions>
          <ns3:TrackPointExtension>
            <ns3:hr>152</ns3:hr>
            <ns3:cad>81</ns3:cad>
          </ns3:TrackPointExtension>
        </extensions>
      </trkpt>
      <trkpt lat="40.7926109991967678070068359375" lon="-73.9550992660224437713623046875">
        <ele>23</ele>
        <time>2025-09-26T23:26:15.000Z</time>
        <extensions>
          <ns3:TrackPointExtension>
            <ns3:hr>155</ns3:hr>
            <ns3:cad>81</ns3:cad>
          </ns3:TrackPointExtension>
        </extensions>
      </trkpt>
      <trkpt lat="40.79269607551395893096923828125" lon="-73.95512600429356098175048828125">
        <ele>23.200000762939453125</ele>
        <time>2025-09-26T23:26:19.000Z</time>
        <extensions>
          <ns3:TrackPointExtension>
            <ns3:hr>158</ns3:hr>
            <ns3:cad>83</ns3:cad>
          </ns3:TrackPointExtension>
        </extensions>
      </trkpt>
      <trkpt lat="40.79283169470727443695068359375" lon="-73.95515768788754940032958984375">
        <ele>23.3999996185302734375</ele>
        <time>2025-09-26T23:26:25.000Z</time>
        <extensions>
          <ns3:TrackPointExtension>
            <ns3:hr>161</ns3:hr>
            <ns3:cad>86</ns3:cad>
          </ns3:TrackPointExtension>
        </extensions>
      </trkpt>
      <trkpt lat="40.7929549925029277801513671875" lon="-73.95518886856734752655029296875">
        <ele>23.200000762939453125</ele>
        <time>2025-09-26T23:26:31.000Z</time>
        <extensions>
          <ns3:TrackPointExtension>
            <ns3:hr>158</ns3:hr>
            <ns3:cad>86</ns3:cad>
          </ns3:TrackPointExtension>
        </extensions>
      </trkpt>
      <trkpt lat="40.79313553869724273681640625" lon="-73.9551866054534912109375">
        <ele>23</ele>
        <time>2025-09-26T23:26:40.000Z</time>
        <extensions>
          <ns3:TrackPointExtension>
            <ns3:hr>158</ns3:hr>
            <ns3:cad>84</ns3:cad>
          </ns3:TrackPointExtension>
        </extensions>
      </trkpt>
      <trkpt lat="40.79331499524414539337158203125" lon="-73.95515098236501216888427734375">
        <ele>23</ele>
        <time>2025-09-26T23:26:49.000Z</time>
        <extensions>
          <ns3:TrackPointExtension>
            <ns3:hr>160</ns3:hr>
            <ns3:cad>83</ns3:cad>
          </ns3:TrackPointExtension>
        </extensions>
      </trkpt>
      <trkpt lat="40.79351104795932769775390625" lon="-73.9551093243062496185302734375">
        <ele>23</ele>
        <time>2025-09-26T23:26:58.000Z</time>
        <extensions>
          <ns3:TrackPointExtension>
            <ns3:hr>159</ns3:hr>
            <ns3:cad>82</ns3:cad>
          </ns3:TrackPointExtension>
        </extensions>
      </trkpt>
      <trkpt lat="40.7937029935419559478759765625" lon="-73.9550754614174365997314453125">
        <ele>23.200000762939453125</ele>
        <time>2025-09-26T23:27:06.000Z</time>
        <extensions>
          <ns3:TrackPointExtension>
            <ns3:hr>159</ns3:hr>
            <ns3:cad>86</ns3:cad>
          </ns3:TrackPointExtension>
        </extensions>
      </trkpt>
      <trkpt lat="40.793870799243450164794921875" lon="-73.9550516568124294281005859375">
        <ele>23.6000003814697265625</ele>
        <time>2025-09-26T23:27:14.000Z</time>
        <extensions>
          <ns3:TrackPointExtension>
            <ns3:hr>162</ns3:hr>
            <ns3:cad>85</ns3:cad>
          </ns3:TrackPointExtension>
        </extensions>
      </trkpt>
      <trkpt lat="40.7940543629229068756103515625" lon="-73.9549936540424823760986328125">
        <ele>24</ele>
        <time>2025-09-26T23:27:23.000Z</time>
        <extensions>
          <ns3:TrackPointExtension>
            <ns3:hr>162</ns3:hr>
            <ns3:cad>82</ns3:cad>
          </ns3:TrackPointExtension>
        </extensions>
      </trkpt>
      <trkpt lat="40.794163830578327178955078125" lon="-73.9549514092504978179931640625">
        <ele>23.6000003814697265625</ele>
        <time>2025-09-26T23:27:28.000Z</time>
        <extensions>
          <ns3:TrackPointExtension>
            <ns3:hr>159</ns3:hr>
            <ns3:cad>80</ns3:cad>
          </ns3:TrackPointExtension>
        </extensions>
      </trkpt>
      <trkpt lat="40.794250667095184326171875" lon="-73.95492685027420520782470703125">
        <ele>23.3999996185302734375</ele>
        <time>2025-09-26T23:27:32.000Z</time>
        <extensions>
          <ns3:TrackPointExtension>
            <ns3:hr>155</ns3:hr>
            <ns3:cad>82</ns3:cad>
          </ns3:TrackPointExtension>
        </extensions>
      </trkpt>
      <trkpt lat="40.79443146474659442901611328125" lon="-73.954849652945995330810546875">
        <ele>23.3999996185302734375</ele>
        <time>2025-09-26T23:27:41.000Z</time>
        <extensions>
          <ns3:TrackPointExtension>
            <ns3:hr>157</ns3:hr>
            <ns3:cad>84</ns3:cad>
          </ns3:TrackPointExtension>
        </extensions>
      </trkpt>
      <trkpt lat="40.794448815286159515380859375" lon="-73.95483934320509433746337890625">
        <ele>23.3999996185302734375</ele>
        <time>2025-09-26T23:27:42.000Z</time>
        <extensions>
          <ns3:TrackPointExtension>
            <ns3:hr>160</ns3:hr>
            <ns3:cad>83</ns3:cad>
          </ns3:TrackPointExtension>
        </extensions>
      </trkpt>
      <trkpt lat="40.79447655938565731048583984375" lon="-73.95481654442846775054931640625">
        <ele>23.6000003814697265625</ele>
        <time>2025-09-26T23:27:44.000Z</time>
        <extensions>
          <ns3:TrackPointExtension>
            <ns3:hr>156</ns3:hr>
            <ns3:cad>83</ns3:cad>
          </ns3:TrackPointExtension>
        </extensions>
      </trkpt>
      <trkpt lat="40.79450556077063083648681640625" lon="-73.9547938294708728790283203125">
        <ele>23.6000003814697265625</ele>
        <time>2025-09-26T23:27:46.000Z</time>
        <extensions>
          <ns3:TrackPointExtension>
            <ns3:hr>153</ns3:hr>
            <ns3:cad>83</ns3:cad>
          </ns3:TrackPointExtension>
        </extensions>
      </trkpt>
      <trkpt lat="40.794589631259441375732421875" lon="-73.95472283475100994110107421875">
        <ele>24</ele>
        <time>2025-09-26T23:27:51.000Z</time>
        <extensions>
          <ns3:TrackPointExtension>
            <ns3:hr>156</ns3:hr>
            <ns3:cad>84</ns3:cad>
          </ns3:TrackPointExtension>
        </extensions>
      </trkpt>
      <trkpt lat="40.7947433553636074066162109375" lon="-73.9545758999884128570556640625">
        <ele>24.6000003814697265625</ele>
        <time>2025-09-26T23:27:59.000Z</time>
        <extensions>
          <ns3:TrackPointExtension>
            <ns3:hr>160</ns3:hr>
            <ns3:cad>83</ns3:cad>
          </ns3:TrackPointExtension>
        </extensions>
      </trkpt>
      <trkpt lat="40.794760622084140777587890625" lon="-73.9545541070401668548583984375">
        <ele>24.6000003814697265625</ele>
        <time>2025-09-26T23:28:00.000Z</time>
        <extensions>
          <ns3:TrackPointExtension>
            <ns3:hr>160</ns3:hr>
            <ns3:cad>83</ns3:cad>
          </ns3:TrackPointExtension>
        </extensions>
      </trkpt>
      <trkpt lat="40.79477746970951557159423828125" lon="-73.9545319788157939910888671875">
        <ele>24.6000003814697265625</ele>
        <time>2025-09-26T23:28:01.000Z</time>
        <extensions>
          <ns3:TrackPointExtension>
            <ns3:hr>163</ns3:hr>
            <ns3:cad>83</ns3:cad>
          </ns3:TrackPointExtension>
        </extensions>
      </trkpt>
      <trkpt lat="40.7948563434183597564697265625" lon="-73.9544199965894222259521484375">
        <ele>24.799999237060546875</ele>
        <time>2025-09-26T23:28:06.000Z</time>
        <extensions>
          <ns3:TrackPointExtension>
            <ns3:hr>160</ns3:hr>
            <ns3:cad>84</ns3:cad>
          </ns3:TrackPointExtension>
        </extensions>
      </trkpt>
      <trkpt lat="40.79495608806610107421875" lon="-73.95426618866622447967529296875">
        <ele>24.3999996185302734375</ele>
        <time>2025-09-26T23:28:13.000Z</time>
        <extensions>
          <ns3:TrackPointExtension>
            <ns3:hr>157</ns3:hr>
            <ns3:cad>83</ns3:cad>
          </ns3:TrackPointExtension>
        </extensions>
      </trkpt>
      <trkpt lat="40.794969834387302398681640625" lon="-73.95424456335604190826416015625">
        <ele>24.3999996185302734375</ele>
        <time>2025-09-26T23:28:14.000Z</time>
        <extensions>
          <ns3:TrackPointExtension>
            <ns3:hr>153</ns3:hr>
            <ns3:cad>84</ns3:cad>
          </ns3:TrackPointExtension>
        </extensions>
      </trkpt>
      <trkpt lat="40.79498223960399627685546875" lon="-73.9542215131223201751708984375">
        <ele>24.200000762939453125</ele>
        <time>2025-09-26T23:28:15.000Z</time>
        <extensions>
          <ns3:TrackPointExtension>
            <ns3:hr>153</ns3:hr>
            <ns3:cad>84</ns3:cad>
          </ns3:TrackPointExtension>
        </extensions>
      </trkpt>
      <trkpt lat="40.79504032619297504425048828125" lon="-73.95412445068359375">
        <ele>23.799999237060546875</ele>
        <time>2025-09-26T23:28:19.000Z</time>
        <extensions>
          <ns3:TrackPointExtension>
            <ns3:hr>156</ns3:hr>
            <ns3:cad>85</ns3:cad>
          </ns3:TrackPointExtension>
        </extensions>
      </trkpt>
      <trkpt lat="40.79506664536893367767333984375" lon="-73.95407474599778652191162109375">
        <ele>23.200000762939453125</ele>
        <time>2025-09-26T23:28:21.000Z</time>
        <extensions>
          <ns3:TrackPointExtension>
            <ns3:hr>159</ns3:hr>
            <ns3:cad>84</ns3:cad>
          </ns3:TrackPointExtension>
        </extensions>
      </trkpt>
      <trkpt lat="40.79516622237861156463623046875" lon="-73.95387240685522556304931640625">
        <ele>21</ele>
        <time>2025-09-26T23:28:29.000Z</time>
        <extensions>
          <ns3:TrackPointExtension>
            <ns3:hr>159</ns3:hr>
            <ns3:cad>82</ns3:cad>
          </ns3:TrackPointExtension>
        </extensions>
      </trkpt>
      <trkpt lat="40.79519656486809253692626953125" lon="-73.95380049012601375579833984375">
        <ele>20.6000003814697265625</ele>
        <time>2025-09-26T23:28:32.000Z</time>
        <extensions>
          <ns3:TrackPointExtension>
            <ns3:hr>155</ns3:hr>
            <ns3:cad>80</ns3:cad>
          </ns3:TrackPointExtension>
        </extensions>
      </trkpt>
      <trkpt lat="40.79526294954121112823486328125" lon="-73.95365816541016101837158203125">
        <ele>19.799999237060546875</ele>
        <time>2025-09-26T23:28:38.000Z</time>
        <extensions>
          <ns3:TrackPointExtension>
            <ns3:hr>159</ns3:hr>
            <ns3:cad>81</ns3:cad>
          </ns3:TrackPointExtension>
        </extensions>
      </trkpt>
      <trkpt lat="40.7952868379652500152587890625" lon="-73.953611813485622406005859375">
        <ele>19.6000003814697265625</ele>
        <time>2025-09-26T23:28:40.000Z</time>
        <extensions>
          <ns3:TrackPointExtension>
            <ns3:hr>160</ns3:hr>
            <ns3:cad>82</ns3:cad>
          </ns3:TrackPointExtension>
        </extensions>
      </trkpt>
      <trkpt lat="40.7954286597669124603271484375" lon="-73.9534735120832920074462890625">
        <ele>18.799999237060546875</ele>
        <time>2025-09-26T23:28:48.000Z</time>
        <extensions>
          <ns3:TrackPointExtension>
            <ns3:hr>159</ns3:hr>
            <ns3:cad>80</ns3:cad>
          </ns3:TrackPointExtension>
        </extensions>
      </trkpt>
      <trkpt lat="40.79545162618160247802734375" lon="-73.95346705801784992218017578125">
        <ele>18.6000003814697265625</ele>
        <time>2025-09-26T23:28:49.000Z</time>
        <extensions>
          <ns3:TrackPointExtension>
            <ns3:hr>155</ns3:hr>
            <ns3:cad>81</ns3:cad>
          </ns3:TrackPointExtension>
        </extensions>
      </trkpt>
      <trkpt lat="40.7956194318830966949462890625" lon="-73.953448869287967681884765625">
        <ele>17.3999996185302734375</ele>
        <time>2025-09-26T23:28:57.000Z</time>
        <extensions>
          <ns3:TrackPointExtension>
            <ns3:hr>158</ns3:hr>
            <ns3:cad>80</ns3:cad>
          </ns3:TrackPointExtension>
        </extensions>
      </trkpt>
      <trkpt lat="40.7956968806684017181396484375" lon="-73.95348072052001953125">
        <ele>17.6000003814697265625</ele>
        <time>2025-09-26T23:29:01.000Z</time>
        <extensions>
          <ns3:TrackPointExtension>
            <ns3:hr>155</ns3:hr>
            <ns3:cad>80</ns3:cad>
          </ns3:TrackPointExtension>
        </extensions>
      </trkpt>
      <trkpt lat="40.79573753289878368377685546875" lon="-73.95349890924990177154541015625">
        <ele>17.6000003814697265625</ele>
        <time>2025-09-26T23:29:03.000Z</time>
        <extensions>
          <ns3:TrackPointExtension>
            <ns3:hr>152</ns3:hr>
            <ns3:cad>80</ns3:cad>
          </ns3:TrackPointExtension>
        </extensions>
      </trkpt>
      <trkpt lat="40.79588304273784160614013671875" lon="-73.95364089868962764739990234375">
        <ele>17.799999237060546875</ele>
        <time>2025-09-26T23:29:11.000Z</time>
        <extensions>
          <ns3:TrackPointExtension>
            <ns3:hr>155</ns3:hr>
            <ns3:cad>81</ns3:cad>
          </ns3:TrackPointExtension>
        </extensions>
      </trkpt>
      <trkpt lat="40.79592143185436725616455078125" lon="-73.95370946265757083892822265625">
        <ele>17.3999996185302734375</ele>
        <time>2025-09-26T23:29:14.000Z</time>
        <extensions>
          <ns3:TrackPointExtension>
            <ns3:hr>159</ns3:hr>
            <ns3:cad>81</ns3:cad>
          </ns3:TrackPointExtension>
        </extensions>
      </trkpt>
      <trkpt lat="40.795930065214633941650390625" lon="-73.9537370391190052032470703125">
        <ele>17.200000762939453125</ele>
        <time>2025-09-26T23:29:15.000Z</time>
        <extensions>
          <ns3:TrackPointExtension>
            <ns3:hr>159</ns3:hr>
            <ns3:cad>81</ns3:cad>
          </ns3:TrackPointExtension>
        </extensions>
      </trkpt>
      <trkpt lat="40.79596459865570068359375" lon="-73.95392387174069881439208984375">
        <ele>16.200000762939453125</ele>
        <time>2025-09-26T23:29:22.000Z</time>
        <extensions>
          <ns3:TrackPointExtension>
            <ns3:hr>156</ns3:hr>
            <ns3:cad>81</ns3:cad>
          </ns3:TrackPointExtension>
        </extensions>
      </trkpt>
      <trkpt lat="40.79592771828174591064453125" lon="-73.95416535437107086181640625">
        <ele>15</ele>
        <time>2025-09-26T23:29:31.000Z</time>
        <extensions>
          <ns3:TrackPointExtension>
            <ns3:hr>151</ns3:hr>
            <ns3:cad>81</ns3:cad>
          </ns3:TrackPointExtension>
        </extensions>
      </trkpt>
      <trkpt lat="40.79583895392715930938720703125" lon="-73.95433911122381687164306640625">
        <ele>15.3999996185302734375</ele>
        <time>2025-09-26T23:29:38.000Z</time>
        <extensions>
          <ns3:TrackPointExtension>
            <ns3:hr>148</ns3:hr>
            <ns3:cad>83</ns3:cad>
          </ns3:TrackPointExtension>
        </extensions>
      </trkpt>
      <trkpt lat="40.79574775882065296173095703125" lon="-73.954495601356029510498046875">
        <ele>15.6000003814697265625</ele>
        <time>2025-09-26T23:29:44.000Z</time>
        <extensions>
          <ns3:TrackPointExtension>
            <ns3:hr>151</ns3:hr>
            <ns3:cad>82</ns3:cad>
          </ns3:TrackPointExtension>
        </extensions>
      </trkpt>
      <trkpt lat="40.79564566724002361297607421875" lon="-73.954625017940998077392578125">
        <ele>15.80000019073486328125</ele>
        <time>2025-09-26T23:29:50.000Z</time>
        <extensions>
          <ns3:TrackPointExtension>
            <ns3:hr>154</ns3:hr>
            <ns3:cad>81</ns3:cad>
          </ns3:TrackPointExtension>
        </extensions>
      </trkpt>
      <trkpt lat="40.795526392757892608642578125" lon="-73.954819142818450927734375">
        <ele>16</ele>
        <time>2025-09-26T23:29:59.000Z</time>
        <extensions>
          <ns3:TrackPointExtension>
            <ns3:hr>154</ns3:hr>
            <ns3:cad>81</ns3:cad>
          </ns3:TrackPointExtension>
        </extensions>
      </trkpt>
      <trkpt lat="40.795488171279430389404296875" lon="-73.9549733698368072509765625">
        <ele>15.19999980926513671875</ele>
        <time>2025-09-26T23:30:05.000Z</time>
        <extensions>
          <ns3:TrackPointExtension>
            <ns3:hr>153</ns3:hr>
            <ns3:cad>81</ns3:cad>
          </ns3:TrackPointExtension>
        </extensions>
      </trkpt>
      <trkpt lat="40.7955007441341876983642578125" lon="-73.95520965568721294403076171875">
        <ele>12.3999996185302734375</ele>
        <time>2025-09-26T23:30:13.000Z</time>
        <extensions>
          <ns3:TrackPointExtension>
            <ns3:hr>154</ns3:hr>
            <ns3:cad>82</ns3:cad>
          </ns3:TrackPointExtension>
        </extensions>
      </trkpt>
      <trkpt lat="40.79552915878593921661376953125" lon="-73.95532398484647274017333984375">
        <ele>11.19999980926513671875</ele>
        <time>2025-09-26T23:30:17.000Z</time>
        <extensions>
          <ns3:TrackPointExtension>
            <ns3:hr>157</ns3:hr>
            <ns3:cad>84</ns3:cad>
          </ns3:TrackPointExtension>
        </extensions>
      </trkpt>
      <trkpt lat="40.79563879407942295074462890625" lon="-73.95554912276566028594970703125">
        <ele>8.80000019073486328125</ele>
        <time>2025-09-26T23:30:25.000Z</time>
        <extensions>
          <ns3:TrackPointExtension>
            <ns3:hr>159</ns3:hr>
            <ns3:cad>84</ns3:cad>
          </ns3:TrackPointExtension>
        </extensions>
      </trkpt>
      <trkpt lat="40.79575329087674617767333984375" lon="-73.9556735940277576446533203125">
        <ele>7.400000095367431640625</ele>
        <time>2025-09-26T23:30:31.000Z</time>
        <extensions>
          <ns3:TrackPointExtension>
            <ns3:hr>154</ns3:hr>
            <ns3:cad>81</ns3:cad>
          </ns3:TrackPointExtension>
        </extensions>
      </trkpt>
      <trkpt lat="40.795835517346858978271484375" lon="-73.955728076398372650146484375">
        <ele>7.19999980926513671875</ele>
        <time>2025-09-26T23:30:35.000Z</time>
        <extensions>
          <ns3:TrackPointExtension>
            <ns3:hr>161</ns3:hr>
            <ns3:cad>81</ns3:cad>
          </ns3:TrackPointExtension>
        </extensions>
      </trkpt>
      <trkpt lat="40.7958547957241535186767578125" lon="-73.95573939196765422821044921875">
        <ele>7.400000095367431640625</ele>
        <time>2025-09-26T23:30:36.000Z</time>
        <extensions>
          <ns3:TrackPointExtension>
            <ns3:hr>166</ns3:hr>
            <ns3:cad>81</ns3:cad>
          </ns3:TrackPointExtension>
        </extensions>
      </trkpt>
      <trkpt lat="40.7958745770156383514404296875" lon="-73.95574877969920635223388671875">
        <ele>7.599999904632568359375</ele>
        <time>2025-09-26T23:30:37.000Z</time>
        <extensions>
          <ns3:TrackPointExtension>
            <ns3:hr>171</ns3:hr>
            <ns3:cad>81</ns3:cad>
          </ns3:TrackPointExtension>
        </extensions>
      </trkpt>
      <trkpt lat="40.79589142464101314544677734375" lon="-73.955757580697536468505859375">
        <ele>7.80000019073486328125</ele>
        <time>2025-09-26T23:30:38.000Z</time>
        <extensions>
          <ns3:TrackPointExtension>
            <ns3:hr>174</ns3:hr>
            <ns3:cad>81</ns3:cad>
          </ns3:TrackPointExtension>
        </extensions>
      </trkpt>
      <trkpt lat="40.7959195040166378021240234375" lon="-73.9557726681232452392578125">
        <ele>8.19999980926513671875</ele>
        <time>2025-09-26T23:30:40.000Z</time>
        <extensions>
          <ns3:TrackPointExtension>
            <ns3:hr>171</ns3:hr>
            <ns3:cad>81</ns3:cad>
          </ns3:TrackPointExtension>
        </extensions>
      </trkpt>
      <trkpt lat="40.79594624228775501251220703125" lon="-73.95577543415129184722900390625">
        <ele>8.3999996185302734375</ele>
        <time>2025-09-26T23:30:42.000Z</time>
        <extensions>
          <ns3:TrackPointExtension>
            <ns3:hr>168</ns3:hr>
            <ns3:cad>80</ns3:cad>
          </ns3:TrackPointExtension>
        </extensions>
      </trkpt>
      <trkpt lat="40.79598446376621723175048828125" lon="-73.9557741768658161163330078125">
        <ele>8.6000003814697265625</ele>
        <time>2025-09-26T23:30:45.000Z</time>
        <extensions>
          <ns3:TrackPointExtension>
            <ns3:hr>165</ns3:hr>
            <ns3:cad>81</ns3:cad>
          </ns3:TrackPointExtension>
        </extensions>
      </trkpt>
      <trkpt lat="40.79606627114117145538330078125" lon="-73.955777026712894439697265625">
        <ele>9.6000003814697265625</ele>
        <time>2025-09-26T23:30:49.000Z</time>
        <extensions>
          <ns3:TrackPointExtension>
            <ns3:hr>161</ns3:hr>
            <ns3:cad>80</ns3:cad>
          </ns3:TrackPointExtension>
        </extensions>
      </trkpt>
      <trkpt lat="40.7961295545101165771484375" lon="-73.95575397647917270660400390625">
        <ele>10.3999996185302734375</ele>
        <time>2025-09-26T23:30:52.000Z</time>
        <extensions>
          <ns3:TrackPointExtension>
            <ns3:hr>164</ns3:hr>
            <ns3:cad>81</ns3:cad>
          </ns3:TrackPointExtension>
        </extensions>
      </trkpt>
      <trkpt lat="40.7962852902710437774658203125" lon="-73.9556293375790119171142578125">
        <ele>11.19999980926513671875</ele>
        <time>2025-09-26T23:31:00.000Z</time>
        <extensions>
          <ns3:TrackPointExtension>
            <ns3:hr>166</ns3:hr>
            <ns3:cad>82</ns3:cad>
          </ns3:TrackPointExtension>
        </extensions>
      </trkpt>
      <trkpt lat="40.796394087374210357666015625" lon="-73.95552481524646282196044921875">
        <ele>11.19999980926513671875</ele>
        <time>2025-09-26T23:31:06.000Z</time>
        <extensions>
          <ns3:TrackPointExtension>
            <ns3:hr>158</ns3:hr>
            <ns3:cad>82</ns3:cad>
          </ns3:TrackPointExtension>
        </extensions>
      </trkpt>
      <trkpt lat="40.79641143791377544403076171875" lon="-73.95550939254462718963623046875">
        <ele>11.19999980926513671875</ele>
        <time>2025-09-26T23:31:07.000Z</time>
        <extensions>
          <ns3:TrackPointExtension>
            <ns3:hr>154</ns3:hr>
            <ns3:cad>81</ns3:cad>
          </ns3:TrackPointExtension>
        </extensions>
      </trkpt>
      <trkpt lat="40.7964294590055942535400390625" lon="-73.955494053661823272705078125">
        <ele>11.19999980926513671875</ele>
        <time>2025-09-26T23:31:08.000Z</time>
        <extensions>
          <ns3:TrackPointExtension>
            <ns3:hr>154</ns3:hr>
            <ns3:cad>81</ns3:cad>
          </ns3:TrackPointExtension>
        </extensions>
      </trkpt>
      <trkpt lat="40.7965907268226146697998046875" lon="-73.95534217357635498046875">
        <ele>11</ele>
        <time>2025-09-26T23:31:16.000Z</time>
        <extensions>
          <ns3:TrackPointExtension>
            <ns3:hr>152</ns3:hr>
            <ns3:cad>83</ns3:cad>
          </ns3:TrackPointExtension>
        </extensions>
      </trkpt>
      <trkpt lat="40.79662785865366458892822265625" lon="-73.95530520938336849212646484375">
        <ele>10.80000019073486328125</ele>
        <time>2025-09-26T23:31:18.000Z</time>
        <extensions>
          <ns3:TrackPointExtension>
            <ns3:hr>155</ns3:hr>
            <ns3:cad>80</ns3:cad>
          </ns3:TrackPointExtension>
        </extensions>
      </trkpt>
      <trkpt lat="40.79676280729472637176513671875" lon="-73.9551609568297863006591796875">
        <ele>9.80000019073486328125</ele>
        <time>2025-09-26T23:31:26.000Z</time>
        <extensions>
          <ns3:TrackPointExtension>
            <ns3:hr>158</ns3:hr>
            <ns3:cad>81</ns3:cad>
          </ns3:TrackPointExtension>
        </extensions>
      </trkpt>
      <trkpt lat="40.79681578092277050018310546875" lon="-73.95511929877102375030517578125">
        <ele>9.6000003814697265625</ele>
        <time>2025-09-26T23:31:29.000Z</time>
        <extensions>
          <ns3:TrackPointExtension>
            <ns3:hr>154</ns3:hr>
            <ns3:cad>83</ns3:cad>
          </ns3:TrackPointExtension>
        </extensions>
      </trkpt>
      <trkpt lat="40.79694251529872417449951171875" lon="-73.95493489690124988555908203125">
        <ele>7.80000019073486328125</ele>
        <time>2025-09-26T23:31:39.000Z</time>
        <extensions>
          <ns3:TrackPointExtension>
            <ns3:hr>154</ns3:hr>
            <ns3:cad>78</ns3:cad>
          </ns3:TrackPointExtension>
        </extensions>
      </trkpt>
      <trkpt lat="40.79698584973812103271484375" lon="-73.9548940770328044891357421875">
        <ele>7.400000095367431640625</ele>
        <time>2025-09-26T23:31:42.000Z</time>
        <extensions>
          <ns3:TrackPointExtension>
            <ns3:hr>158</ns3:hr>
            <ns3:cad>78</ns3:cad>
          </ns3:TrackPointExtension>
        </extensions>
      </trkpt>
      <trkpt lat="40.7970182038843631744384765625" lon="-73.9548622258007526397705078125">
        <ele>7.19999980926513671875</ele>
        <time>2025-09-26T23:31:44.000Z</time>
        <extensions>
          <ns3:TrackPointExtension>
            <ns3:hr>154</ns3:hr>
            <ns3:cad>80</ns3:cad>
          </ns3:TrackPointExtension>
        </extensions>
      </trkpt>
      <trkpt lat="40.797093473374843597412109375" lon="-73.95482257939875125885009765625">
        <ele>7</ele>
        <time>2025-09-26T23:31:48.000Z</time>
        <extensions>
          <ns3:TrackPointExtension>
            <ns3:hr>151</ns3:hr>
            <ns3:cad>79</ns3:cad>
          </ns3:TrackPointExtension>
        </extensions>
      </trkpt>
      <trkpt lat="40.79713278450071811676025390625" lon="-73.95480195991694927215576171875">
        <ele>7</ele>
        <time>2025-09-26T23:31:50.000Z</time>
        <extensions>
          <ns3:TrackPointExtension>
            <ns3:hr>148</ns3:hr>
            <ns3:cad>79</ns3:cad>
          </ns3:TrackPointExtension>
        </extensions>
      </trkpt>
      <trkpt lat="40.79717167653143405914306640625" lon="-73.95477958023548126220703125">
        <ele>7</ele>
        <time>2025-09-26T23:31:52.000Z</time>
        <extensions>
          <ns3:TrackPointExtension>
            <ns3:hr>144</ns3:hr>
            <ns3:cad>79</ns3:cad>
          </ns3:TrackPointExtension>
        </extensions>
      </trkpt>
      <trkpt lat="40.79727016389369964599609375" lon="-73.9547294564545154571533203125">
        <ele>7.400000095367431640625</ele>
        <time>2025-09-26T23:31:57.000Z</time>
        <extensions>
          <ns3:TrackPointExtension>
            <ns3:hr>147</ns3:hr>
            <ns3:cad>79</ns3:cad>
          </ns3:TrackPointExtension>
        </extensions>
      </trkpt>
      <trkpt lat="40.7974131591618061065673828125" lon="-73.954617641866207122802734375">
        <ele>7.599999904632568359375</ele>
        <time>2025-09-26T23:32:05.000Z</time>
        <extensions>
          <ns3:TrackPointExtension>
            <ns3:hr>150</ns3:hr>
            <ns3:cad>81</ns3:cad>
          </ns3:TrackPointExtension>
        </extensions>
      </trkpt>
      <trkpt lat="40.7975908555090427398681640625" lon="-73.95451043732464313507080078125">
        <ele>7.400000095367431640625</ele>
        <time>2025-09-26T23:32:16.000Z</time>
        <extensions>
          <ns3:TrackPointExtension>
            <ns3:hr>151</ns3:hr>
            <ns3:cad>80</ns3:cad>
          </ns3:TrackPointExtension>
        </extensions>
      </trkpt>
      <trkpt lat="40.7977367006242275238037109375" lon="-73.9544639177620410919189453125">
        <ele>7.80000019073486328125</ele>
        <time>2025-09-26T23:32:23.000Z</time>
        <extensions>
          <ns3:TrackPointExtension>
            <ns3:hr>154</ns3:hr>
            <ns3:cad>81</ns3:cad>
          </ns3:TrackPointExtension>
        </extensions>
      </trkpt>
      <trkpt lat="40.7978557236492633819580078125" lon="-73.9544092677533626556396484375">
        <ele>7.599999904632568359375</ele>
        <time>2025-09-26T23:32:28.000Z</time>
        <extensions>
          <ns3:TrackPointExtension>
            <ns3:hr>149</ns3:hr>
            <ns3:cad>82</ns3:cad>
          </ns3:TrackPointExtension>
        </extensions>
      </trkpt>
      <trkpt lat="40.7978785224258899688720703125" lon="-73.9544002152979373931884765625">
        <ele>7.599999904632568359375</ele>
        <time>2025-09-26T23:32:29.000Z</time>
        <extensions>
          <ns3:TrackPointExtension>
            <ns3:hr>149</ns3:hr>
            <ns3:cad>82</ns3:cad>
          </ns3:TrackPointExtension>
        </extensions>
      </trkpt>
      <trkpt lat="40.79805202782154083251953125" lon="-73.95435579121112823486328125">
        <ele>8</ele>
        <time>2025-09-26T23:32:38.000Z</time>
        <extensions>
          <ns3:TrackPointExtension>
            <ns3:hr>152</ns3:hr>
            <ns3:cad>81</ns3:cad>
          </ns3:TrackPointExtension>
        </extensions>
      </trkpt>
      <trkpt lat="40.7982476614415645599365234375" lon="-73.9544126205146312713623046875">
        <ele>8</ele>
        <time>2025-09-26T23:32:47.000Z</time>
        <extensions>
          <ns3:TrackPointExtension>
            <ns3:hr>152</ns3:hr>
            <ns3:cad>81</ns3:cad>
          </ns3:TrackPointExtension>
        </extensions>
      </trkpt>
      <trkpt lat="40.7984122820198535919189453125" lon="-73.95452535711228847503662109375">
        <ele>9.3999996185302734375</ele>
        <time>2025-09-26T23:32:57.000Z</time>
        <extensions>
          <ns3:TrackPointExtension>
            <ns3:hr>153</ns3:hr>
            <ns3:cad>81</ns3:cad>
          </ns3:TrackPointExtension>
        </extensions>
      </trkpt>
      <trkpt lat="40.79853306524455547332763671875" lon="-73.954631052911281585693359375">
        <ele>9</ele>
        <time>2025-09-26T23:33:04.000Z</time>
        <extensions>
          <ns3:TrackPointExtension>
            <ns3:hr>159</ns3:hr>
            <ns3:cad>81</ns3:cad>
          </ns3:TrackPointExtension>
        </extensions>
      </trkpt>
      <trkpt lat="40.79854463227093219757080078125" lon="-73.95465494133532047271728515625">
        <ele>9</ele>
        <time>2025-09-26T23:33:05.000Z</time>
        <extensions>
          <ns3:TrackPointExtension>
            <ns3:hr>159</ns3:hr>
            <ns3:cad>82</ns3:cad>
          </ns3:TrackPointExtension>
        </extensions>
      </trkpt>
      <trkpt lat="40.79855787567794322967529296875" lon="-73.954677321016788482666015625">
        <ele>9</ele>
        <time>2025-09-26T23:33:06.000Z</time>
        <extensions>
          <ns3:TrackPointExtension>
            <ns3:hr>155</ns3:hr>
            <ns3:cad>82</ns3:cad>
          </ns3:TrackPointExtension>
        </extensions>
      </trkpt>
      <trkpt lat="40.79861973412334918975830078125" lon="-73.9547767303884029388427734375">
        <ele>9.19999980926513671875</ele>
        <time>2025-09-26T23:33:11.000Z</time>
        <extensions>
          <ns3:TrackPointExtension>
            <ns3:hr>151</ns3:hr>
            <ns3:cad>81</ns3:cad>
          </ns3:TrackPointExtension>
        </extensions>
      </trkpt>
      <trkpt lat="40.7987173832952976226806640625" lon="-73.954930789768695831298828125">
        <ele>9.19999980926513671875</ele>
        <time>2025-09-26T23:33:19.000Z</time>
        <extensions>
          <ns3:TrackPointExtension>
            <ns3:hr>148</ns3:hr>
            <ns3:cad>82</ns3:cad>
          </ns3:TrackPointExtension>
        </extensions>
      </trkpt>
      <trkpt lat="40.7988377474248409271240234375" lon="-73.95511887967586517333984375">
        <ele>10.19999980926513671875</ele>
        <time>2025-09-26T23:33:28.000Z</time>
        <extensions>
          <ns3:TrackPointExtension>
            <ns3:hr>151</ns3:hr>
            <ns3:cad>82</ns3:cad>
          </ns3:TrackPointExtension>
        </extensions>
      </trkpt>
      <trkpt lat="40.79887169413268566131591796875" lon="-73.9551817439496517181396484375">
        <ele>10.6000003814697265625</ele>
        <time>2025-09-26T23:33:31.000Z</time>
        <extensions>
          <ns3:TrackPointExtension>
            <ns3:hr>154</ns3:hr>
            <ns3:cad>82</ns3:cad>
          </ns3:TrackPointExtension>
        </extensions>
      </trkpt>
      <trkpt lat="40.7989832572638988494873046875" lon="-73.95539238117635250091552734375">
        <ele>10.80000019073486328125</ele>
        <time>2025-09-26T23:33:40.000Z</time>
        <extensions>
          <ns3:TrackPointExtension>
            <ns3:hr>152</ns3:hr>
            <ns3:cad>83</ns3:cad>
          </ns3:TrackPointExtension>
        </extensions>
      </trkpt>
      <trkpt lat="40.799106471240520477294921875" lon="-73.9555790461599826812744140625">
        <ele>11.19999980926513671875</ele>
        <time>2025-09-26T23:33:48.000Z</time>
        <extensions>
          <ns3:TrackPointExtension>
            <ns3:hr>153</ns3:hr>
            <ns3:cad>85</ns3:cad>
          </ns3:TrackPointExtension>
        </extensions>
      </trkpt>
      <trkpt lat="40.79920445568859577178955078125" lon="-73.95579404197633266448974609375">
        <ele>12</ele>
        <time>2025-09-26T23:33:57.000Z</time>
        <extensions>
          <ns3:TrackPointExtension>
            <ns3:hr>154</ns3:hr>
            <ns3:cad>80</ns3:cad>
          </ns3:TrackPointExtension>
        </extensions>
      </trkpt>
      <trkpt lat="40.7992699183523654937744140625" lon="-73.9560328423976898193359375">
        <ele>12.6000003814697265625</ele>
        <time>2025-09-26T23:34:07.000Z</time>
        <extensions>
          <ns3:TrackPointExtension>
            <ns3:hr>154</ns3:hr>
            <ns3:cad>80</ns3:cad>
          </ns3:TrackPointExtension>
        </extensions>
      </trkpt>
      <trkpt lat="40.799317024648189544677734375" lon="-73.95628605969250202178955078125">
        <ele>13</ele>
        <time>2025-09-26T23:34:18.000Z</time>
        <extensions>
          <ns3:TrackPointExtension>
            <ns3:hr>155</ns3:hr>
            <ns3:cad>81</ns3:cad>
          </ns3:TrackPointExtension>
        </extensions>
      </trkpt>
      <trkpt lat="40.79933789558708667755126953125" lon="-73.95642377436161041259765625">
        <ele>13</ele>
        <time>2025-09-26T23:34:23.000Z</time>
        <extensions>
          <ns3:TrackPointExtension>
            <ns3:hr>158</ns3:hr>
            <ns3:cad>81</ns3:cad>
          </ns3:TrackPointExtension>
        </extensions>
      </trkpt>
      <trkpt lat="40.799363963305950164794921875" lon="-73.95667447708547115325927734375">
        <ele>13</ele>
        <time>2025-09-26T23:34:33.000Z</time>
        <extensions>
          <ns3:TrackPointExtension>
            <ns3:hr>156</ns3:hr>
            <ns3:cad>80</ns3:cad>
          </ns3:TrackPointExtension>
        </extensions>
      </trkpt>
      <trkpt lat="40.79938399605453014373779296875" lon="-73.95691394805908203125">
        <ele>13.6000003814697265625</ele>
        <time>2025-09-26T23:34:44.000Z</time>
        <extensions>
          <ns3:TrackPointExtension>
            <ns3:hr>154</ns3:hr>
            <ns3:cad>79</ns3:cad>
          </ns3:TrackPointExtension>
        </extensions>
      </trkpt>
      <trkpt lat="40.7994030229747295379638671875" lon="-73.95707680843770503997802734375">
        <ele>14.6000003814697265625</ele>
        <time>2025-09-26T23:34:51.000Z</time>
        <extensions>
          <ns3:TrackPointExtension>
            <ns3:hr>157</ns3:hr>
            <ns3:cad>79</ns3:cad>
          </ns3:TrackPointExtension>
        </extensions>
      </trkpt>
      <trkpt lat="40.7994670607149600982666015625" lon="-73.95729892887175083160400390625">
        <ele>14.80000019073486328125</ele>
        <time>2025-09-26T23:35:01.000Z</time>
        <extensions>
          <ns3:TrackPointExtension>
            <ns3:hr>156</ns3:hr>
            <ns3:cad>79</ns3:cad>
          </ns3:TrackPointExtension>
        </extensions>
      </trkpt>
      <trkpt lat="40.799565128982067108154296875" lon="-73.957521133124828338623046875">
        <ele>15.3999996185302734375</ele>
        <time>2025-09-26T23:35:11.000Z</time>
        <extensions>
          <ns3:TrackPointExtension>
            <ns3:hr>154</ns3:hr>
            <ns3:cad>79</ns3:cad>
          </ns3:TrackPointExtension>
        </extensions>
      </trkpt>
      <trkpt lat="40.79955934546887874603271484375" lon="-73.95775876007974147796630859375">
        <ele>18</ele>
        <time>2025-09-26T23:35:21.000Z</time>
        <extensions>
          <ns3:TrackPointExtension>
            <ns3:hr>153</ns3:hr>
            <ns3:cad>77</ns3:cad>
          </ns3:TrackPointExtension>
        </extensions>
      </trkpt>
      <trkpt lat="40.7995471917092800140380859375" lon="-73.95783989690244197845458984375">
        <ele>18.200000762939453125</ele>
        <time>2025-09-26T23:35:25.000Z</time>
        <extensions>
          <ns3:TrackPointExtension>
            <ns3:hr>157</ns3:hr>
            <ns3:cad>78</ns3:cad>
          </ns3:TrackPointExtension>
        </extensions>
      </trkpt>
      <trkpt lat="40.79954090528190135955810546875" lon="-73.95787208341062068939208984375">
        <ele>18.200000762939453125</ele>
        <time>2025-09-26T23:35:27.000Z</time>
        <extensions>
          <ns3:TrackPointExtension>
            <ns3:hr>160</ns3:hr>
            <ns3:cad>77</ns3:cad>
          </ns3:TrackPointExtension>
        </extensions>
      </trkpt>
      <trkpt lat="40.7995056174695491790771484375" lon="-73.95793788135051727294921875">
        <ele>18.799999237060546875</ele>
        <time>2025-09-26T23:35:30.000Z</time>
        <extensions>
          <ns3:TrackPointExtension>
            <ns3:hr>163</ns3:hr>
            <ns3:cad>79</ns3:cad>
          </ns3:TrackPointExtension>
        </extensions>
      </trkpt>
      <trkpt lat="40.79937276430428028106689453125" lon="-73.95810057409107685089111328125">
        <ele>20.799999237060546875</ele>
        <time>2025-09-26T23:35:38.000Z</time>
        <extensions>
          <ns3:TrackPointExtension>
            <ns3:hr>163</ns3:hr>
            <ns3:cad>81</ns3:cad>
          </ns3:TrackPointExtension>
        </extensions>
      </trkpt>
      <trkpt lat="40.7992489635944366455078125" lon="-73.95822026766836643218994140625">
        <ele>21.799999237060546875</ele>
        <time>2025-09-26T23:35:45.000Z</time>
        <extensions>
          <ns3:TrackPointExtension>
            <ns3:hr>158</ns3:hr>
            <ns3:cad>81</ns3:cad>
          </ns3:TrackPointExtension>
        </extensions>
      </trkpt>
      <trkpt lat="40.7991931401193141937255859375" lon="-73.95826703868806362152099609375">
        <ele>22.3999996185302734375</ele>
        <time>2025-09-26T23:35:48.000Z</time>
        <extensions>
          <ns3:TrackPointExtension>
            <ns3:hr>155</ns3:hr>
            <ns3:cad>82</ns3:cad>
          </ns3:TrackPointExtension>
        </extensions>
      </trkpt>
      <trkpt lat="40.7991099916398525238037109375" lon="-73.95833216607570648193359375">
        <ele>23</ele>
        <time>2025-09-26T23:35:53.000Z</time>
        <extensions>
          <ns3:TrackPointExtension>
            <ns3:hr>159</ns3:hr>
            <ns3:cad>81</ns3:cad>
          </ns3:TrackPointExtension>
        </extensions>
      </trkpt>
      <trkpt lat="40.7989229075610637664794921875" lon="-73.95841774530708789825439453125">
        <ele>24.200000762939453125</ele>
        <time>2025-09-26T23:36:04.000Z</time>
        <extensions>
          <ns3:TrackPointExtension>
            <ns3:hr>159</ns3:hr>
            <ns3:cad>78</ns3:cad>
          </ns3:TrackPointExtension>
        </extensions>
      </trkpt>
      <trkpt lat="40.79873867332935333251953125" lon="-73.958459906280040740966796875">
        <ele>25.6000003814697265625</ele>
        <time>2025-09-26T23:36:15.000Z</time>
        <extensions>
          <ns3:TrackPointExtension>
            <ns3:hr>160</ns3:hr>
            <ns3:cad>78</ns3:cad>
          </ns3:TrackPointExtension>
        </extensions>
      </trkpt>
      <trkpt lat="40.79857078380882740020751953125" lon="-73.9583742432296276092529296875">
        <ele>26.6000003814697265625</ele>
        <time>2025-09-26T23:36:26.000Z</time>
        <extensions>
          <ns3:TrackPointExtension>
            <ns3:hr>161</ns3:hr>
            <ns3:cad>79</ns3:cad>
          </ns3:TrackPointExtension>
        </extensions>
      </trkpt>
      <trkpt lat="40.79852543771266937255859375" lon="-73.95830609835684299468994140625">
        <ele>27</ele>
        <time>2025-09-26T23:36:32.000Z</time>
        <extensions>
          <ns3:TrackPointExtension>
            <ns3:hr>158</ns3:hr>
            <ns3:cad>79</ns3:cad>
          </ns3:TrackPointExtension>
        </extensions>
      </trkpt>
      <trkpt lat="40.7985038124024868011474609375" lon="-73.95827894099056720733642578125">
        <ele>27.3999996185302734375</ele>
        <time>2025-09-26T23:36:34.000Z</time>
        <extensions>
          <ns3:TrackPointExtension>
            <ns3:hr>155</ns3:hr>
            <ns3:cad>79</ns3:cad>
          </ns3:TrackPointExtension>
        </extensions>
      </trkpt>
      <trkpt lat="40.7984679378569126129150390625" lon="-73.95822831429541110992431640625">
        <ele>28</ele>
        <time>2025-09-26T23:36:37.000Z</time>
        <extensions>
          <ns3:TrackPointExtension>
            <ns3:hr>161</ns3:hr>
            <ns3:cad>79</ns3:cad>
          </ns3:TrackPointExtension>
        </extensions>
      </trkpt>
      <trkpt lat="40.79845259897410869598388671875" lon="-73.95820618607103824615478515625">
        <ele>28.200000762939453125</ele>
        <time>2025-09-26T23:36:38.000Z</time>
        <extensions>
          <ns3:TrackPointExtension>
            <ns3:hr>166</ns3:hr>
            <ns3:cad>78</ns3:cad>
          </ns3:TrackPointExtension>
        </extensions>
      </trkpt>
      <trkpt lat="40.79844052903354167938232421875" lon="-73.958188332617282867431640625">
        <ele>28.6000003814697265625</ele>
        <time>2025-09-26T23:36:39.000Z</time>
        <extensions>
          <ns3:TrackPointExtension>
            <ns3:hr>166</ns3:hr>
            <ns3:cad>78</ns3:cad>
          </ns3:TrackPointExtension>
        </extensions>
      </trkpt>
      <trkpt lat="40.7984040677547454833984375" lon="-73.9581207744777202606201171875">
        <ele>29.3999996185302734375</ele>
        <time>2025-09-26T23:36:42.000Z</time>
        <extensions>
          <ns3:TrackPointExtension>
            <ns3:hr>169</ns3:hr>
            <ns3:cad>78</ns3:cad>
          </ns3:TrackPointExtension>
        </extensions>
      </trkpt>
      <trkpt lat="40.7983638346195220947265625" lon="-73.95798289217054843902587890625">
        <ele>30.3999996185302734375</ele>
        <time>2025-09-26T23:36:47.000Z</time>
        <extensions>
          <ns3:TrackPointExtension>
            <ns3:hr>166</ns3:hr>
            <ns3:cad>77</ns3:cad>
          </ns3:TrackPointExtension>
        </extensions>
      </trkpt>
      <trkpt lat="40.79832024872303009033203125" lon="-73.95778357051312923431396484375">
        <ele>31.200000762939453125</ele>
        <time>2025-09-26T23:36:54.000Z</time>
        <extensions>
          <ns3:TrackPointExtension>
            <ns3:hr>163</ns3:hr>
            <ns3:cad>80</ns3:cad>
          </ns3:TrackPointExtension>
        </extensions>
      </trkpt>
      <trkpt lat="40.79826249741017818450927734375" lon="-73.95755340345203876495361328125">
        <ele>32.59999847412109375</ele>
        <time>2025-09-26T23:37:04.000Z</time>
        <extensions>
          <ns3:TrackPointExtension>
            <ns3:hr>162</ns3:hr>
            <ns3:cad>79</ns3:cad>
          </ns3:TrackPointExtension>
        </extensions>
      </trkpt>
      <trkpt lat="40.798242129385471343994140625" lon="-73.957501351833343505859375">
        <ele>32.799999237060546875</ele>
        <time>2025-09-26T23:37:07.000Z</time>
        <extensions>
          <ns3:TrackPointExtension>
            <ns3:hr>159</ns3:hr>
            <ns3:cad>78</ns3:cad>
          </ns3:TrackPointExtension>
        </extensions>
      </trkpt>
      <trkpt lat="40.79816359095275402069091796875" lon="-73.95727210678160190582275390625">
        <ele>33.799999237060546875</ele>
        <time>2025-09-26T23:37:19.000Z</time>
        <extensions>
          <ns3:TrackPointExtension>
            <ns3:hr>160</ns3:hr>
            <ns3:cad>79</ns3:cad>
          </ns3:TrackPointExtension>
        </extensions>
      </trkpt>
      <trkpt lat="40.79815705306828022003173828125" lon="-73.9572571031749248504638671875">
        <ele>33.799999237060546875</ele>
        <time>2025-09-26T23:37:20.000Z</time>
        <extensions>
          <ns3:TrackPointExtension>
            <ns3:hr>160</ns3:hr>
            <ns3:cad>79</ns3:cad>
          </ns3:TrackPointExtension>
        </extensions>
      </trkpt>
      <trkpt lat="40.79803149215877056121826171875" lon="-73.95709860138595104217529296875">
        <ele>32.59999847412109375</ele>
        <time>2025-09-26T23:37:31.000Z</time>
        <extensions>
          <ns3:TrackPointExtension>
            <ns3:hr>161</ns3:hr>
            <ns3:cad>80</ns3:cad>
          </ns3:TrackPointExtension>
        </extensions>
      </trkpt>
      <trkpt lat="40.79784105531871318817138671875" lon="-73.95701796747744083404541015625">
        <ele>31.799999237060546875</ele>
        <time>2025-09-26T23:37:40.000Z</time>
        <extensions>
          <ns3:TrackPointExtension>
            <ns3:hr>164</ns3:hr>
            <ns3:cad>85</ns3:cad>
          </ns3:TrackPointExtension>
        </extensions>
      </trkpt>
      <trkpt lat="40.79765883274376392364501953125" lon="-73.9570096693933010101318359375">
        <ele>31.6000003814697265625</ele>
        <time>2025-09-26T23:37:48.000Z</time>
        <extensions>
          <ns3:TrackPointExtension>
            <ns3:hr>164</ns3:hr>
            <ns3:cad>81</ns3:cad>
          </ns3:TrackPointExtension>
        </extensions>
      </trkpt>
      <trkpt lat="40.79746571369469165802001953125" lon="-73.95701587200164794921875">
        <ele>32.799999237060546875</ele>
        <time>2025-09-26T23:37:56.000Z</time>
        <extensions>
          <ns3:TrackPointExtension>
            <ns3:hr>164</ns3:hr>
            <ns3:cad>80</ns3:cad>
          </ns3:TrackPointExtension>
        </extensions>
      </trkpt>
      <trkpt lat="40.79728751443326473236083984375" lon="-73.956990055739879608154296875">
        <ele>33</ele>
        <time>2025-09-26T23:38:04.000Z</time>
        <extensions>
          <ns3:TrackPointExtension>
            <ns3:hr>161</ns3:hr>
            <ns3:cad>83</ns3:cad>
          </ns3:TrackPointExtension>
        </extensions>
      </trkpt>
      <trkpt lat="40.797169245779514312744140625" lon="-73.95695426501333713531494140625">
        <ele>33</ele>
        <time>2025-09-26T23:38:10.000Z</time>
        <extensions>
          <ns3:TrackPointExtension>
            <ns3:hr>164</ns3:hr>
            <ns3:cad>82</ns3:cad>
          </ns3:TrackPointExtension>
        </extensions>
      </trkpt>
      <trkpt lat="40.7969783060252666473388671875" lon="-73.95688335411250591278076171875">
        <ele>32.200000762939453125</ele>
        <time>2025-09-26T23:38:21.000Z</time>
        <extensions>
          <ns3:TrackPointExtension>
            <ns3:hr>162</ns3:hr>
            <ns3:cad>79</ns3:cad>
          </ns3:TrackPointExtension>
        </extensions>
      </trkpt>
      <trkpt lat="40.7967898808419704437255859375" lon="-73.95681881345808506011962890625">
        <ele>31</ele>
        <time>2025-09-26T23:38:31.000Z</time>
        <extensions>
          <ns3:TrackPointExtension>
            <ns3:hr>160</ns3:hr>
            <ns3:cad>83</ns3:cad>
          </ns3:TrackPointExtension>
        </extensions>
      </trkpt>
      <trkpt lat="40.7966061495244503021240234375" lon="-73.9568133652210235595703125">
        <ele>29.6000003814697265625</ele>
        <time>2025-09-26T23:38:40.000Z</time>
        <extensions>
          <ns3:TrackPointExtension>
            <ns3:hr>163</ns3:hr>
            <ns3:cad>82</ns3:cad>
          </ns3:TrackPointExtension>
        </extensions>
      </trkpt>
      <trkpt lat="40.7964245975017547607421875" lon="-73.9568581245839595794677734375">
        <ele>28.6000003814697265625</ele>
        <time>2025-09-26T23:38:48.000Z</time>
        <extensions>
          <ns3:TrackPointExtension>
            <ns3:hr>160</ns3:hr>
            <ns3:cad>81</ns3:cad>
          </ns3:TrackPointExtension>
        </extensions>
      </trkpt>
      <trkpt lat="40.79633633606135845184326171875" lon="-73.95688368938863277435302734375">
        <ele>28.200000762939453125</ele>
        <time>2025-09-26T23:38:53.000Z</time>
        <extensions>
          <ns3:TrackPointExtension>
            <ns3:hr>157</ns3:hr>
            <ns3:cad>82</ns3:cad>
          </ns3:TrackPointExtension>
        </extensions>
      </trkpt>
      <trkpt lat="40.79614740796387195587158203125" lon="-73.95693875849246978759765625">
        <ele>28</ele>
        <time>2025-09-26T23:39:02.000Z</time>
        <extensions>
          <ns3:TrackPointExtension>
            <ns3:hr>156</ns3:hr>
            <ns3:cad>80</ns3:cad>
          </ns3:TrackPointExtension>
        </extensions>
      </trkpt>
      <trkpt lat="40.79597189091145992279052734375" lon="-73.95700572989881038665771484375">
        <ele>27.799999237060546875</ele>
        <time>2025-09-26T23:39:10.000Z</time>
        <extensions>
          <ns3:TrackPointExtension>
            <ns3:hr>156</ns3:hr>
            <ns3:cad>81</ns3:cad>
          </ns3:TrackPointExtension>
        </extensions>
      </trkpt>
      <trkpt lat="40.7958148978650569915771484375" lon="-73.957137577235698699951171875">
        <ele>26</ele>
        <time>2025-09-26T23:39:18.000Z</time>
        <extensions>
          <ns3:TrackPointExtension>
            <ns3:hr>158</ns3:hr>
            <ns3:cad>83</ns3:cad>
          </ns3:TrackPointExtension>
        </extensions>
      </trkpt>
      <trkpt lat="40.795751027762889862060546875" lon="-73.95720320753753185272216796875">
        <ele>25.3999996185302734375</ele>
        <time>2025-09-26T23:39:22.000Z</time>
        <extensions>
          <ns3:TrackPointExtension>
            <ns3:hr>154</ns3:hr>
            <ns3:cad>83</ns3:cad>
          </ns3:TrackPointExtension>
        </extensions>
      </trkpt>
      <trkpt lat="40.7957391254603862762451171875" lon="-73.95722332410514354705810546875">
        <ele>25.200000762939453125</ele>
        <time>2025-09-26T23:39:23.000Z</time>
        <extensions>
          <ns3:TrackPointExtension>
            <ns3:hr>150</ns3:hr>
            <ns3:cad>83</ns3:cad>
          </ns3:TrackPointExtension>
        </extensions>
      </trkpt>
      <trkpt lat="40.79572579823434352874755859375" lon="-73.9572389982640743255615234375">
        <ele>25</ele>
        <time>2025-09-26T23:39:24.000Z</time>
        <extensions>
          <ns3:TrackPointExtension>
            <ns3:hr>147</ns3:hr>
            <ns3:cad>84</ns3:cad>
          </ns3:TrackPointExtension>
        </extensions>
      </trkpt>
      <trkpt lat="40.7957123033702373504638671875" lon="-73.95725266076624393463134765625">
        <ele>24.799999237060546875</ele>
        <time>2025-09-26T23:39:25.000Z</time>
        <extensions>
          <ns3:TrackPointExtension>
            <ns3:hr>144</ns3:hr>
            <ns3:cad>85</ns3:cad>
          </ns3:TrackPointExtension>
        </extensions>
      </trkpt>
      <trkpt lat="40.7956869900226593017578125" lon="-73.95729104988276958465576171875">
        <ele>24.6000003814697265625</ele>
        <time>2025-09-26T23:39:27.000Z</time>
        <extensions>
          <ns3:TrackPointExtension>
            <ns3:hr>148</ns3:hr>
            <ns3:cad>84</ns3:cad>
          </ns3:TrackPointExtension>
        </extensions>
      </trkpt>
      <trkpt lat="40.79557710327208042144775390625" lon="-73.95747880451381206512451171875">
        <ele>23</ele>
        <time>2025-09-26T23:39:36.000Z</time>
        <extensions>
          <ns3:TrackPointExtension>
            <ns3:hr>149</ns3:hr>
            <ns3:cad>81</ns3:cad>
          </ns3:TrackPointExtension>
        </extensions>
      </trkpt>
      <trkpt lat="40.7954896800220012664794921875" lon="-73.95770846866071224212646484375">
        <ele>24.200000762939453125</ele>
        <time>2025-09-26T23:39:45.000Z</time>
        <extensions>
          <ns3:TrackPointExtension>
            <ns3:hr>148</ns3:hr>
            <ns3:cad>80</ns3:cad>
          </ns3:TrackPointExtension>
        </extensions>
      </trkpt>
      <trkpt lat="40.7954675517976284027099609375" lon="-73.95778424106538295745849609375">
        <ele>24.3999996185302734375</ele>
        <time>2025-09-26T23:39:48.000Z</time>
        <extensions>
          <ns3:TrackPointExtension>
            <ns3:hr>153</ns3:hr>
            <ns3:cad>80</ns3:cad>
          </ns3:TrackPointExtension>
        </extensions>
      </trkpt>
      <trkpt lat="40.79544802196323871612548828125" lon="-73.957846350967884063720703125">
        <ele>24.3999996185302734375</ele>
        <time>2025-09-26T23:39:51.000Z</time>
        <extensions>
          <ns3:TrackPointExtension>
            <ns3:hr>157</ns3:hr>
            <ns3:cad>81</ns3:cad>
          </ns3:TrackPointExtension>
        </extensions>
      </trkpt>
      <trkpt lat="40.7953758537769317626953125" lon="-73.958027064800262451171875">
        <ele>23.6000003814697265625</ele>
        <time>2025-09-26T23:39:58.000Z</time>
        <extensions>
          <ns3:TrackPointExtension>
            <ns3:hr>154</ns3:hr>
            <ns3:cad>85</ns3:cad>
          </ns3:TrackPointExtension>
        </extensions>
      </trkpt>
      <trkpt lat="40.795287676155567169189453125" lon="-73.9582434855401515960693359375">
        <ele>21.6000003814697265625</ele>
        <time>2025-09-26T23:40:06.000Z</time>
        <extensions>
          <ns3:TrackPointExtension>
            <ns3:hr>154</ns3:hr>
            <ns3:cad>81</ns3:cad>
          </ns3:TrackPointExtension>
        </extensions>
      </trkpt>
      <trkpt lat="40.795260183513164520263671875" lon="-73.95835203118622303009033203125">
        <ele>21.200000762939453125</ele>
        <time>2025-09-26T23:40:10.000Z</time>
        <extensions>
          <ns3:TrackPointExtension>
            <ns3:hr>146</ns3:hr>
            <ns3:cad>81</ns3:cad>
          </ns3:TrackPointExtension>
        </extensions>
      </trkpt>
      <trkpt lat="40.79520042054355144500732421875" lon="-73.9584977924823760986328125">
        <ele>20.3999996185302734375</ele>
        <time>2025-09-26T23:40:16.000Z</time>
        <extensions>
          <ns3:TrackPointExtension>
            <ns3:hr>149</ns3:hr>
            <ns3:cad>81</ns3:cad>
          </ns3:TrackPointExtension>
        </extensions>
      </trkpt>
      <trkpt lat="40.7951658032834529876708984375" lon="-73.95856074057519435882568359375">
        <ele>20</ele>
        <time>2025-09-26T23:40:19.000Z</time>
        <extensions>
          <ns3:TrackPointExtension>
            <ns3:hr>152</ns3:hr>
            <ns3:cad>80</ns3:cad>
          </ns3:TrackPointExtension>
        </extensions>
      </trkpt>
      <trkpt lat="40.79514585435390472412109375" lon="-73.9586022309958934783935546875">
        <ele>19.799999237060546875</ele>
        <time>2025-09-26T23:40:21.000Z</time>
        <extensions>
          <ns3:TrackPointExtension>
            <ns3:hr>157</ns3:hr>
            <ns3:cad>80</ns3:cad>
          </ns3:TrackPointExtension>
        </extensions>
      </trkpt>
      <trkpt lat="40.79513520933687686920166015625" lon="-73.9586230181157588958740234375">
        <ele>19.6000003814697265625</ele>
        <time>2025-09-26T23:40:22.000Z</time>
        <extensions>
          <ns3:TrackPointExtension>
            <ns3:hr>157</ns3:hr>
            <ns3:cad>80</ns3:cad>
          </ns3:TrackPointExtension>
        </extensions>
      </trkpt>
      <trkpt lat="40.79505465924739837646484375" lon="-73.95876123569905757904052734375">
        <ele>18.799999237060546875</ele>
        <time>2025-09-26T23:40:28.000Z</time>
        <extensions>
          <ns3:TrackPointExtension>
            <ns3:hr>164</ns3:hr>
            <ns3:cad>80</ns3:cad>
          </ns3:TrackPointExtension>
        </extensions>
      </trkpt>
      <trkpt lat="40.7950030267238616943359375" lon="-73.95882309414446353912353515625">
        <ele>18.200000762939453125</ele>
        <time>2025-09-26T23:40:31.000Z</time>
        <extensions>
          <ns3:TrackPointExtension>
            <ns3:hr>160</ns3:hr>
            <ns3:cad>82</ns3:cad>
          </ns3:TrackPointExtension>
        </extensions>
      </trkpt>
      <trkpt lat="40.79495734535157680511474609375" lon="-73.9588805101811885833740234375">
        <ele>17.799999237060546875</ele>
        <time>2025-09-26T23:40:34.000Z</time>
        <extensions>
          <ns3:TrackPointExtension>
            <ns3:hr>152</ns3:hr>
            <ns3:cad>83</ns3:cad>
          </ns3:TrackPointExtension>
        </extensions>
      </trkpt>
      <trkpt lat="40.7949083112180233001708984375" lon="-73.95893692038953304290771484375">
        <ele>17.799999237060546875</ele>
        <time>2025-09-26T23:40:37.000Z</time>
        <extensions>
          <ns3:TrackPointExtension>
            <ns3:hr>149</ns3:hr>
            <ns3:cad>82</ns3:cad>
          </ns3:TrackPointExtension>
        </extensions>
      </trkpt>
      <trkpt lat="40.7947410084307193756103515625" lon="-73.9590260200202465057373046875">
        <ele>16.6000003814697265625</ele>
        <time>2025-09-26T23:40:45.000Z</time>
        <extensions>
          <ns3:TrackPointExtension>
            <ns3:hr>151</ns3:hr>
            <ns3:cad>81</ns3:cad>
          </ns3:TrackPointExtension>
        </extensions>
      </trkpt>
      <trkpt lat="40.79455434344708919525146484375" lon="-73.959105312824249267578125">
        <ele>16</ele>
        <time>2025-09-26T23:40:55.000Z</time>
        <extensions>
          <ns3:TrackPointExtension>
            <ns3:hr>151</ns3:hr>
            <ns3:cad>78</ns3:cad>
          </ns3:TrackPointExtension>
        </extensions>
      </trkpt>
      <trkpt lat="40.7944033853709697723388671875" lon="-73.95918670110404491424560546875">
        <ele>16.799999237060546875</ele>
        <time>2025-09-26T23:41:03.000Z</time>
        <extensions>
          <ns3:TrackPointExtension>
            <ns3:hr>154</ns3:hr>
            <ns3:cad>82</ns3:cad>
          </ns3:TrackPointExtension>
        </extensions>
      </trkpt>
      <trkpt lat="40.79423524439334869384765625" lon="-73.95928527228534221649169921875">
        <ele>18.200000762939453125</ele>
        <time>2025-09-26T23:41:12.000Z</time>
        <extensions>
          <ns3:TrackPointExtension>
            <ns3:hr>150</ns3:hr>
            <ns3:cad>84</ns3:cad>
          </ns3:TrackPointExtension>
        </extensions>
      </trkpt>
      <trkpt lat="40.7942052371799945831298828125" lon="-73.9593167044222354888916015625">
        <ele>18.6000003814697265625</ele>
        <time>2025-09-26T23:41:14.000Z</time>
        <extensions>
          <ns3:TrackPointExtension>
            <ns3:hr>143</ns3:hr>
            <ns3:cad>84</ns3:cad>
          </ns3:TrackPointExtension>
        </extensions>
      </trkpt>
      <trkpt lat="40.7941720448434352874755859375" lon="-73.959375880658626556396484375">
        <ele>19</ele>
        <time>2025-09-26T23:41:17.000Z</time>
        <extensions>
          <ns3:TrackPointExtension>
            <ns3:hr>140</ns3:hr>
            <ns3:cad>84</ns3:cad>
          </ns3:TrackPointExtension>
        </extensions>
      </trkpt>
      <trkpt lat="40.79414597712457180023193359375" lon="-73.95941569469869136810302734375">
        <ele>19.3999996185302734375</ele>
        <time>2025-09-26T23:41:19.000Z</time>
        <extensions>
          <ns3:TrackPointExtension>
            <ns3:hr>144</ns3:hr>
            <ns3:cad>84</ns3:cad>
          </ns3:TrackPointExtension>
        </extensions>
      </trkpt>
      <trkpt lat="40.79413424246013164520263671875" lon="-73.9594367332756519317626953125">
        <ele>19.3999996185302734375</ele>
        <time>2025-09-26T23:41:20.000Z</time>
        <extensions>
          <ns3:TrackPointExtension>
            <ns3:hr>147</ns3:hr>
            <ns3:cad>83</ns3:cad>
          </ns3:TrackPointExtension>
        </extensions>
      </trkpt>
      <trkpt lat="40.7940620742738246917724609375" lon="-73.95965340547263622283935546875">
        <ele>20</ele>
        <time>2025-09-26T23:41:31.000Z</time>
        <extensions>
          <ns3:TrackPointExtension>
            <ns3:hr>145</ns3:hr>
            <ns3:cad>81</ns3:cad>
          </ns3:TrackPointExtension>
        </extensions>
      </trkpt>
      <trkpt lat="40.79402058385312557220458984375" lon="-73.95988876931369304656982421875">
        <ele>20.200000762939453125</ele>
        <time>2025-09-26T23:41:42.000Z</time>
        <extensions>
          <ns3:TrackPointExtension>
            <ns3:hr>144</ns3:hr>
            <ns3:cad>80</ns3:cad>
          </ns3:TrackPointExtension>
        </extensions>
      </trkpt>
      <trkpt lat="40.7939611561596393585205078125" lon="-73.9601012505590915679931640625">
        <ele>20.6000003814697265625</ele>
        <time>2025-09-26T23:41:52.000Z</time>
        <extensions>
          <ns3:TrackPointExtension>
            <ns3:hr>149</ns3:hr>
            <ns3:cad>80</ns3:cad>
          </ns3:TrackPointExtension>
        </extensions>
      </trkpt>
      <trkpt lat="40.7939202524721622467041015625" lon="-73.9602367021143436431884765625">
        <ele>21</ele>
        <time>2025-09-26T23:41:58.000Z</time>
        <extensions>
          <ns3:TrackPointExtension>
            <ns3:hr>152</ns3:hr>
            <ns3:cad>81</ns3:cad>
          </ns3:TrackPointExtension>
        </extensions>
      </trkpt>
      <trkpt lat="40.793833918869495391845703125" lon="-73.9604692161083221435546875">
        <ele>21.6000003814697265625</ele>
        <time>2025-09-26T23:42:08.000Z</time>
        <extensions>
          <ns3:TrackPointExtension>
            <ns3:hr>151</ns3:hr>
            <ns3:cad>82</ns3:cad>
          </ns3:TrackPointExtension>
        </extensions>
      </trkpt>
      <trkpt lat="40.79380818642675876617431640625" lon="-73.9605317451059818267822265625">
        <ele>21.799999237060546875</ele>
        <time>2025-09-26T23:42:11.000Z</time>
        <extensions>
          <ns3:TrackPointExtension>
            <ns3:hr>154</ns3:hr>
            <ns3:cad>81</ns3:cad>
          </ns3:TrackPointExtension>
        </extensions>
      </trkpt>
      <trkpt lat="40.793788321316242218017578125" lon="-73.9605766721069812774658203125">
        <ele>21.799999237060546875</ele>
        <time>2025-09-26T23:42:13.000Z</time>
        <extensions>
          <ns3:TrackPointExtension>
            <ns3:hr>151</ns3:hr>
            <ns3:cad>81</ns3:cad>
          </ns3:TrackPointExtension>
        </extensions>
      </trkpt>
      <trkpt lat="40.793709866702556610107421875" lon="-73.96080088801681995391845703125">
        <ele>22.200000762939453125</ele>
        <time>2025-09-26T23:42:23.000Z</time>
        <extensions>
          <ns3:TrackPointExtension>
            <ns3:hr>149</ns3:hr>
            <ns3:cad>80</ns3:cad>
          </ns3:TrackPointExtension>
        </extensions>
      </trkpt>
      <trkpt lat="40.7936252094805240631103515625" lon="-73.96096165291965007781982421875">
        <ele>23</ele>
        <time>2025-09-26T23:42:32.000Z</time>
        <extensions>
          <ns3:TrackPointExtension>
            <ns3:hr>153</ns3:hr>
            <ns3:cad>81</ns3:cad>
          </ns3:TrackPointExtension>
        </extensions>
      </trkpt>
      <trkpt lat="40.793515741825103759765625" lon="-73.96114387549459934234619140625">
        <ele>24</ele>
        <time>2025-09-26T23:42:41.000Z</time>
        <extensions>
          <ns3:TrackPointExtension>
            <ns3:hr>150</ns3:hr>
            <ns3:cad>81</ns3:cad>
          </ns3:TrackPointExtension>
        </extensions>
      </trkpt>
      <trkpt lat="40.793472826480865478515625" lon="-73.9612287841737270355224609375">
        <ele>24</ele>
        <time>2025-09-26T23:42:45.000Z</time>
        <extensions>
          <ns3:TrackPointExtension>
            <ns3:hr>147</ns3:hr>
            <ns3:cad>82</ns3:cad>
          </ns3:TrackPointExtension>
        </extensions>
      </trkpt>
      <trkpt lat="40.79340987838804721832275390625" lon="-73.9613263495266437530517578125">
        <ele>24</ele>
        <time>2025-09-26T23:42:50.000Z</time>
        <extensions>
          <ns3:TrackPointExtension>
            <ns3:hr>143</ns3:hr>
            <ns3:cad>81</ns3:cad>
          </ns3:TrackPointExtension>
        </extensions>
      </trkpt>
      <trkpt lat="40.79339646734297275543212890625" lon="-73.96134336479008197784423828125">
        <ele>24</ele>
        <time>2025-09-26T23:42:51.000Z</time>
        <extensions>
          <ns3:TrackPointExtension>
            <ns3:hr>143</ns3:hr>
            <ns3:cad>81</ns3:cad>
          </ns3:TrackPointExtension>
        </extensions>
      </trkpt>
      <trkpt lat="40.79325514845550060272216796875" lon="-73.9615006931126117706298828125">
        <ele>24.3999996185302734375</ele>
        <time>2025-09-26T23:43:01.000Z</time>
        <extensions>
          <ns3:TrackPointExtension>
            <ns3:hr>142</ns3:hr>
            <ns3:cad>80</ns3:cad>
          </ns3:TrackPointExtension>
        </extensions>
      </trkpt>
      <trkpt lat="40.7931028492748737335205078125" lon="-73.96165718324482440948486328125">
        <ele>24.6000003814697265625</ele>
        <time>2025-09-26T23:43:12.000Z</time>
        <extensions>
          <ns3:TrackPointExtension>
            <ns3:hr>143</ns3:hr>
            <ns3:cad>79</ns3:cad>
          </ns3:TrackPointExtension>
        </extensions>
      </trkpt>
      <trkpt lat="40.7929365523159503936767578125" lon="-73.96177209913730621337890625">
        <ele>24.3999996185302734375</ele>
        <time>2025-09-26T23:43:23.000Z</time>
        <extensions>
          <ns3:TrackPointExtension>
            <ns3:hr>145</ns3:hr>
            <ns3:cad>80</ns3:cad>
          </ns3:TrackPointExtension>
        </extensions>
      </trkpt>
      <trkpt lat="40.79276933334767818450927734375" lon="-73.9618892781436443328857421875">
        <ele>25.3999996185302734375</ele>
        <time>2025-09-26T23:43:34.000Z</time>
        <extensions>
          <ns3:TrackPointExtension>
            <ns3:hr>144</ns3:hr>
            <ns3:cad>78</ns3:cad>
          </ns3:TrackPointExtension>
        </extensions>
      </trkpt>
      <trkpt lat="40.792630948126316070556640625" lon="-73.96198642440140247344970703125">
        <ele>26.3999996185302734375</ele>
        <time>2025-09-26T23:43:43.000Z</time>
        <extensions>
          <ns3:TrackPointExtension>
            <ns3:hr>149</ns3:hr>
            <ns3:cad>79</ns3:cad>
          </ns3:TrackPointExtension>
        </extensions>
      </trkpt>
      <trkpt lat="40.79254855401813983917236328125" lon="-73.96202581934630870819091796875">
        <ele>26.799999237060546875</ele>
        <time>2025-09-26T23:43:48.000Z</time>
        <extensions>
          <ns3:TrackPointExtension>
            <ns3:hr>152</ns3:hr>
            <ns3:cad>79</ns3:cad>
          </ns3:TrackPointExtension>
        </extensions>
      </trkpt>
      <trkpt lat="40.792360715568065643310546875" lon="-73.96211097948253154754638671875">
        <ele>27.200000762939453125</ele>
        <time>2025-09-26T23:44:00.000Z</time>
        <extensions>
          <ns3:TrackPointExtension>
            <ns3:hr>151</ns3:hr>
            <ns3:cad>80</ns3:cad>
          </ns3:TrackPointExtension>
        </extensions>
      </trkpt>
      <trkpt lat="40.79218025319278240203857421875" lon="-73.9621920324862003326416015625">
        <ele>27.200000762939453125</ele>
        <time>2025-09-26T23:44:10.000Z</time>
        <extensions>
          <ns3:TrackPointExtension>
            <ns3:hr>152</ns3:hr>
            <ns3:cad>78</ns3:cad>
          </ns3:TrackPointExtension>
        </extensions>
      </trkpt>
      <trkpt lat="40.7921218313276767730712890625" lon="-73.962221704423427581787109375">
        <ele>27.200000762939453125</ele>
        <time>2025-09-26T23:44:13.000Z</time>
        <extensions>
          <ns3:TrackPointExtension>
            <ns3:hr>155</ns3:hr>
            <ns3:cad>78</ns3:cad>
          </ns3:TrackPointExtension>
        </extensions>
      </trkpt>
      <trkpt lat="40.791949667036533355712890625" lon="-73.962323628365993499755859375">
        <ele>28.6000003814697265625</ele>
        <time>2025-09-26T23:44:23.000Z</time>
        <extensions>
          <ns3:TrackPointExtension>
            <ns3:hr>157</ns3:hr>
            <ns3:cad>80</ns3:cad>
          </ns3:TrackPointExtension>
        </extensions>
      </trkpt>
      <trkpt lat="40.79183408059179782867431640625" lon="-73.9623707346618175506591796875">
        <ele>29.6000003814697265625</ele>
        <time>2025-09-26T23:44:29.000Z</time>
        <extensions>
          <ns3:TrackPointExtension>
            <ns3:hr>151</ns3:hr>
            <ns3:cad>80</ns3:cad>
          </ns3:TrackPointExtension>
        </extensions>
      </trkpt>
      <trkpt lat="40.791816897690296173095703125" lon="-73.96238029003143310546875">
        <ele>29.6000003814697265625</ele>
        <time>2025-09-26T23:44:30.000Z</time>
        <extensions>
          <ns3:TrackPointExtension>
            <ns3:hr>151</ns3:hr>
            <ns3:cad>80</ns3:cad>
          </ns3:TrackPointExtension>
        </extensions>
      </trkpt>
      <trkpt lat="40.79170885495841503143310546875" lon="-73.96243569441139698028564453125">
        <ele>29.799999237060546875</ele>
        <time>2025-09-26T23:44:36.000Z</time>
        <extensions>
          <ns3:TrackPointExtension>
            <ns3:hr>154</ns3:hr>
            <ns3:cad>80</ns3:cad>
          </ns3:TrackPointExtension>
        </extensions>
      </trkpt>
      <trkpt lat="40.7915295660495758056640625" lon="-73.9625447429716587066650390625">
        <ele>30</ele>
        <time>2025-09-26T23:44:47.000Z</time>
        <extensions>
          <ns3:TrackPointExtension>
            <ns3:hr>155</ns3:hr>
            <ns3:cad>78</ns3:cad>
          </ns3:TrackPointExtension>
        </extensions>
      </trkpt>
      <trkpt lat="40.79141758382320404052734375" lon="-73.96262696944177150726318359375">
        <ele>30</ele>
        <time>2025-09-26T23:44:54.000Z</time>
        <extensions>
          <ns3:TrackPointExtension>
            <ns3:hr>158</ns3:hr>
            <ns3:cad>76</ns3:cad>
          </ns3:TrackPointExtension>
        </extensions>
      </trkpt>
      <trkpt lat="40.7913989759981632232666015625" lon="-73.96263937465846538543701171875">
        <ele>30</ele>
        <time>2025-09-26T23:44:55.000Z</time>
        <extensions>
          <ns3:TrackPointExtension>
            <ns3:hr>162</ns3:hr>
            <ns3:cad>78</ns3:cad>
          </ns3:TrackPointExtension>
        </extensions>
      </trkpt>
      <trkpt lat="40.7912802882492542266845703125" lon="-73.9627801068127155303955078125">
        <ele>30</ele>
        <time>2025-09-26T23:45:04.000Z</time>
        <extensions>
          <ns3:TrackPointExtension>
            <ns3:hr>159</ns3:hr>
            <ns3:cad>78</ns3:cad>
          </ns3:TrackPointExtension>
        </extensions>
      </trkpt>
      <trkpt lat="40.79119068570435047149658203125" lon="-73.96288789808750152587890625">
        <ele>30</ele>
        <time>2025-09-26T23:45:11.000Z</time>
        <extensions>
          <ns3:TrackPointExtension>
            <ns3:hr>156</ns3:hr>
            <ns3:cad>79</ns3:cad>
          </ns3:TrackPointExtension>
        </extensions>
      </trkpt>
      <trkpt lat="40.7911119796335697174072265625" lon="-73.96299091167747974395751953125">
        <ele>30</ele>
        <time>2025-09-26T23:45:17.000Z</time>
        <extensions>
          <ns3:TrackPointExtension>
            <ns3:hr>159</ns3:hr>
            <ns3:cad>79</ns3:cad>
          </ns3:TrackPointExtension>
        </extensions>
      </trkpt>
      <trkpt lat="40.79105976037681102752685546875" lon="-73.963057212531566619873046875">
        <ele>30</ele>
        <time>2025-09-26T23:45:21.000Z</time>
        <extensions>
          <ns3:TrackPointExtension>
            <ns3:hr>151</ns3:hr>
            <ns3:cad>81</ns3:cad>
          </ns3:TrackPointExtension>
        </extensions>
      </trkpt>
      <trkpt lat="40.79103494994342327117919921875" lon="-73.963084034621715545654296875">
        <ele>30</ele>
        <time>2025-09-26T23:45:23.000Z</time>
        <extensions>
          <ns3:TrackPointExtension>
            <ns3:hr>148</ns3:hr>
            <ns3:cad>81</ns3:cad>
          </ns3:TrackPointExtension>
        </extensions>
      </trkpt>
      <trkpt lat="40.79101332463324069976806640625" lon="-73.96311731077730655670166015625">
        <ele>30</ele>
        <time>2025-09-26T23:45:25.000Z</time>
        <extensions>
          <ns3:TrackPointExtension>
            <ns3:hr>151</ns3:hr>
            <ns3:cad>79</ns3:cad>
          </ns3:TrackPointExtension>
        </extensions>
      </trkpt>
      <trkpt lat="40.79091089777648448944091796875" lon="-73.9633245952427387237548828125">
        <ele>30</ele>
        <time>2025-09-26T23:45:36.000Z</time>
        <extensions>
          <ns3:TrackPointExtension>
            <ns3:hr>152</ns3:hr>
            <ns3:cad>79</ns3:cad>
          </ns3:TrackPointExtension>
        </extensions>
      </trkpt>
      <trkpt lat="40.7908947207033634185791015625" lon="-73.96336088888347148895263671875">
        <ele>30</ele>
        <time>2025-09-26T23:45:38.000Z</time>
        <extensions>
          <ns3:TrackPointExtension>
            <ns3:hr>143</ns3:hr>
            <ns3:cad>78</ns3:cad>
          </ns3:TrackPointExtension>
        </extensions>
      </trkpt>
      <trkpt lat="40.790797658264636993408203125" lon="-73.96357119083404541015625">
        <ele>30</ele>
        <time>2025-09-26T23:45:47.000Z</time>
        <extensions>
          <ns3:TrackPointExtension>
            <ns3:hr>141</ns3:hr>
            <ns3:cad>80</ns3:cad>
          </ns3:TrackPointExtension>
        </extensions>
      </trkpt>
      <trkpt lat="40.79072884283959865570068359375" lon="-73.963708989322185516357421875">
        <ele>30</ele>
        <time>2025-09-26T23:45:53.000Z</time>
        <extensions>
          <ns3:TrackPointExtension>
            <ns3:hr>138</ns3:hr>
            <ns3:cad>80</ns3:cad>
          </ns3:TrackPointExtension>
        </extensions>
      </trkpt>
      <trkpt lat="40.7906536571681499481201171875" lon="-73.96383999846875667572021484375">
        <ele>30</ele>
        <time>2025-09-26T23:46:00.000Z</time>
        <extensions>
          <ns3:TrackPointExtension>
            <ns3:hr>141</ns3:hr>
            <ns3:cad>80</ns3:cad>
          </ns3:TrackPointExtension>
        </extensions>
      </trkpt>
      <trkpt lat="40.7905990071594715118408203125" lon="-73.9639026112854480743408203125">
        <ele>30</ele>
        <time>2025-09-26T23:46:05.000Z</time>
        <extensions>
          <ns3:TrackPointExtension>
            <ns3:hr>144</ns3:hr>
            <ns3:cad>77</ns3:cad>
          </ns3:TrackPointExtension>
        </extensions>
      </trkpt>
      <trkpt lat="40.79044285230338573455810546875" lon="-73.9640420861542224884033203125">
        <ele>30</ele>
        <time>2025-09-26T23:46:15.000Z</time>
        <extensions>
          <ns3:TrackPointExtension>
            <ns3:hr>145</ns3:hr>
            <ns3:cad>78</ns3:cad>
          </ns3:TrackPointExtension>
        </extensions>
      </trkpt>
      <trkpt lat="40.7902637310326099395751953125" lon="-73.9641235582530498504638671875">
        <ele>30.6000003814697265625</ele>
        <time>2025-09-26T23:46:26.000Z</time>
        <extensions>
          <ns3:TrackPointExtension>
            <ns3:hr>142</ns3:hr>
            <ns3:cad>80</ns3:cad>
          </ns3:TrackPointExtension>
        </extensions>
      </trkpt>
      <trkpt lat="40.79022961668670177459716796875" lon="-73.96413085050880908966064453125">
        <ele>30.799999237060546875</ele>
        <time>2025-09-26T23:46:28.000Z</time>
        <extensions>
          <ns3:TrackPointExtension>
            <ns3:hr>145</ns3:hr>
            <ns3:cad>80</ns3:cad>
          </ns3:TrackPointExtension>
        </extensions>
      </trkpt>
      <trkpt lat="40.79021436162292957305908203125" lon="-73.96413319744169712066650390625">
        <ele>30.799999237060546875</ele>
        <time>2025-09-26T23:46:29.000Z</time>
        <extensions>
          <ns3:TrackPointExtension>
            <ns3:hr>141</ns3:hr>
            <ns3:cad>79</ns3:cad>
          </ns3:TrackPointExtension>
        </extensions>
      </trkpt>
      <trkpt lat="40.79014227725565433502197265625" lon="-73.9641487039625644683837890625">
        <ele>31</ele>
        <time>2025-09-26T23:46:33.000Z</time>
        <extensions>
          <ns3:TrackPointExtension>
            <ns3:hr>144</ns3:hr>
            <ns3:cad>79</ns3:cad>
          </ns3:TrackPointExtension>
        </extensions>
      </trkpt>
      <trkpt lat="40.7900484837591648101806640625" lon="-73.9641547389328479766845703125">
        <ele>31</ele>
        <time>2025-09-26T23:46:38.000Z</time>
        <extensions>
          <ns3:TrackPointExtension>
            <ns3:hr>141</ns3:hr>
            <ns3:cad>79</ns3:cad>
          </ns3:TrackPointExtension>
        </extensions>
      </trkpt>
      <trkpt lat="40.78993373550474643707275390625" lon="-73.9641456864774227142333984375">
        <ele>31</ele>
        <time>2025-09-26T23:46:44.000Z</time>
        <extensions>
          <ns3:TrackPointExtension>
            <ns3:hr>144</ns3:hr>
            <ns3:cad>80</ns3:cad>
          </ns3:TrackPointExtension>
        </extensions>
      </trkpt>
      <trkpt lat="40.78985947184264659881591796875" lon="-73.9641389809548854827880859375">
        <ele>31</ele>
        <time>2025-09-26T23:46:49.000Z</time>
        <extensions>
          <ns3:TrackPointExtension>
            <ns3:hr>141</ns3:hr>
            <ns3:cad>79</ns3:cad>
          </ns3:TrackPointExtension>
        </extensions>
      </trkpt>
      <trkpt lat="40.78965964727103710174560546875" lon="-73.96411978639662265777587890625">
        <ele>31</ele>
        <time>2025-09-26T23:47:00.000Z</time>
        <extensions>
          <ns3:TrackPointExtension>
            <ns3:hr>140</ns3:hr>
            <ns3:cad>80</ns3:cad>
          </ns3:TrackPointExtension>
        </extensions>
      </trkpt>
      <trkpt lat="40.78961757011711597442626953125" lon="-73.964117355644702911376953125">
        <ele>30.799999237060546875</ele>
        <time>2025-09-26T23:47:02.000Z</time>
        <extensions>
          <ns3:TrackPointExtension>
            <ns3:hr>144</ns3:hr>
            <ns3:cad>78</ns3:cad>
          </ns3:TrackPointExtension>
        </extensions>
      </trkpt>
      <trkpt lat="40.78943836502730846405029296875" lon="-73.96413822658360004425048828125">
        <ele>31.6000003814697265625</ele>
        <time>2025-09-26T23:47:11.000Z</time>
        <extensions>
          <ns3:TrackPointExtension>
            <ns3:hr>144</ns3:hr>
            <ns3:cad>81</ns3:cad>
          </ns3:TrackPointExtension>
        </extensions>
      </trkpt>
      <trkpt lat="40.7892599143087863922119140625" lon="-73.96420209668576717376708984375">
        <ele>32.200000762939453125</ele>
        <time>2025-09-26T23:47:20.000Z</time>
        <extensions>
          <ns3:TrackPointExtension>
            <ns3:hr>144</ns3:hr>
            <ns3:cad>82</ns3:cad>
          </ns3:TrackPointExtension>
        </extensions>
      </trkpt>
      <trkpt lat="40.7891861535608768463134765625" lon="-73.9642323553562164306640625">
        <ele>32.59999847412109375</ele>
        <time>2025-09-26T23:47:24.000Z</time>
        <extensions>
          <ns3:TrackPointExtension>
            <ns3:hr>148</ns3:hr>
            <ns3:cad>80</ns3:cad>
          </ns3:TrackPointExtension>
        </extensions>
      </trkpt>
      <trkpt lat="40.78901843167841434478759765625" lon="-73.96433117799460887908935546875">
        <ele>33.200000762939453125</ele>
        <time>2025-09-26T23:47:33.000Z</time>
        <extensions>
          <ns3:TrackPointExtension>
            <ns3:hr>148</ns3:hr>
            <ns3:cad>80</ns3:cad>
          </ns3:TrackPointExtension>
        </extensions>
      </trkpt>
      <trkpt lat="40.78896428458392620086669921875" lon="-73.96437141112983226776123046875">
        <ele>33.40000152587890625</ele>
        <time>2025-09-26T23:47:36.000Z</time>
        <extensions>
          <ns3:TrackPointExtension>
            <ns3:hr>152</ns3:hr>
            <ns3:cad>81</ns3:cad>
          </ns3:TrackPointExtension>
        </extensions>
      </trkpt>
      <trkpt lat="40.7889015041291713714599609375" lon="-73.964425809681415557861328125">
        <ele>33.59999847412109375</ele>
        <time>2025-09-26T23:47:40.000Z</time>
        <extensions>
          <ns3:TrackPointExtension>
            <ns3:hr>155</ns3:hr>
            <ns3:cad>81</ns3:cad>
          </ns3:TrackPointExtension>
        </extensions>
      </trkpt>
      <trkpt lat="40.78883939422667026519775390625" lon="-73.96450803615152835845947265625">
        <ele>33.40000152587890625</ele>
        <time>2025-09-26T23:47:45.000Z</time>
        <extensions>
          <ns3:TrackPointExtension>
            <ns3:hr>158</ns3:hr>
            <ns3:cad>80</ns3:cad>
          </ns3:TrackPointExtension>
        </extensions>
      </trkpt>
      <trkpt lat="40.78876194544136524200439453125" lon="-73.96464466117322444915771484375">
        <ele>33.200000762939453125</ele>
        <time>2025-09-26T23:47:52.000Z</time>
        <extensions>
          <ns3:TrackPointExtension>
            <ns3:hr>155</ns3:hr>
            <ns3:cad>78</ns3:cad>
          </ns3:TrackPointExtension>
        </extensions>
      </trkpt>
      <trkpt lat="40.78867527656257152557373046875" lon="-73.96486728452146053314208984375">
        <ele>34</ele>
        <time>2025-09-26T23:48:02.000Z</time>
        <extensions>
          <ns3:TrackPointExtension>
            <ns3:hr>154</ns3:hr>
            <ns3:cad>77</ns3:cad>
          </ns3:TrackPointExtension>
        </extensions>
      </trkpt>
      <trkpt lat="40.7886319421231746673583984375" lon="-73.9650177396833896636962890625">
        <ele>34.59999847412109375</ele>
        <time>2025-09-26T23:48:08.000Z</time>
        <extensions>
          <ns3:TrackPointExtension>
            <ns3:hr>157</ns3:hr>
            <ns3:cad>79</ns3:cad>
          </ns3:TrackPointExtension>
        </extensions>
      </trkpt>
      <trkpt lat="40.78855273313820362091064453125" lon="-73.96525704301893711090087890625">
        <ele>36</ele>
        <time>2025-09-26T23:48:18.000Z</time>
        <extensions>
          <ns3:TrackPointExtension>
            <ns3:hr>158</ns3:hr>
            <ns3:cad>78</ns3:cad>
          </ns3:TrackPointExtension>
        </extensions>
      </trkpt>
      <trkpt lat="40.78851736150681972503662109375" lon="-73.9654178917407989501953125">
        <ele>36</ele>
        <time>2025-09-26T23:48:25.000Z</time>
        <extensions>
          <ns3:TrackPointExtension>
            <ns3:hr>155</ns3:hr>
            <ns3:cad>82</ns3:cad>
          </ns3:TrackPointExtension>
        </extensions>
      </trkpt>
      <trkpt lat="40.78848584555089473724365234375" lon="-73.96553029306232929229736328125">
        <ele>36</ele>
        <time>2025-09-26T23:48:30.000Z</time>
        <extensions>
          <ns3:TrackPointExtension>
            <ns3:hr>161</ns3:hr>
            <ns3:cad>84</ns3:cad>
          </ns3:TrackPointExtension>
        </extensions>
      </trkpt>
      <trkpt lat="40.7884790562093257904052734375" lon="-73.96555267274379730224609375">
        <ele>36</ele>
        <time>2025-09-26T23:48:31.000Z</time>
        <extensions>
          <ns3:TrackPointExtension>
            <ns3:hr>164</ns3:hr>
            <ns3:cad>84</ns3:cad>
          </ns3:TrackPointExtension>
        </extensions>
      </trkpt>
      <trkpt lat="40.7884733565151691436767578125" lon="-73.9655776508152484893798828125">
        <ele>36</ele>
        <time>2025-09-26T23:48:32.000Z</time>
        <extensions>
          <ns3:TrackPointExtension>
            <ns3:hr>164</ns3:hr>
            <ns3:cad>84</ns3:cad>
          </ns3:TrackPointExtension>
        </extensions>
      </trkpt>
      <trkpt lat="40.78839205205440521240234375" lon="-73.9658143557608127593994140625">
        <ele>36.40000152587890625</ele>
        <time>2025-09-26T23:48:42.000Z</time>
        <extensions>
          <ns3:TrackPointExtension>
            <ns3:hr>160</ns3:hr>
            <ns3:cad>81</ns3:cad>
          </ns3:TrackPointExtension>
        </extensions>
      </trkpt>
      <trkpt lat="40.78829993493854999542236328125" lon="-73.96603236906230449676513671875">
        <ele>36.799999237060546875</ele>
        <time>2025-09-26T23:48:53.000Z</time>
        <extensions>
          <ns3:TrackPointExtension>
            <ns3:hr>161</ns3:hr>
            <ns3:cad>80</ns3:cad>
          </ns3:TrackPointExtension>
        </extensions>
      </trkpt>
      <trkpt lat="40.7881928980350494384765625" lon="-73.96623537875711917877197265625">
        <ele>36.40000152587890625</ele>
        <time>2025-09-26T23:49:03.000Z</time>
        <extensions>
          <ns3:TrackPointExtension>
            <ns3:hr>160</ns3:hr>
            <ns3:cad>80</ns3:cad>
          </ns3:TrackPointExtension>
        </extensions>
      </trkpt>
      <trkpt lat="40.78806038014590740203857421875" lon="-73.9664215408265590667724609375">
        <ele>36</ele>
        <time>2025-09-26T23:49:12.000Z</time>
        <extensions>
          <ns3:TrackPointExtension>
            <ns3:hr>162</ns3:hr>
            <ns3:cad>80</ns3:cad>
          </ns3:TrackPointExtension>
        </extensions>
      </trkpt>
      <trkpt lat="40.7879536785185337066650390625" lon="-73.9665868319571018218994140625">
        <ele>36</ele>
        <time>2025-09-26T23:49:19.000Z</time>
        <extensions>
          <ns3:TrackPointExtension>
            <ns3:hr>159</ns3:hr>
            <ns3:cad>80</ns3:cad>
          </ns3:TrackPointExtension>
        </extensions>
      </trkpt>
      <trkpt lat="40.78781831078231334686279296875" lon="-73.9667517878115177154541015625">
        <ele>36</ele>
        <time>2025-09-26T23:49:29.000Z</time>
        <extensions>
          <ns3:TrackPointExtension>
            <ns3:hr>158</ns3:hr>
            <ns3:cad>79</ns3:cad>
          </ns3:TrackPointExtension>
        </extensions>
      </trkpt>
      <trkpt lat="40.78770884312689304351806640625" lon="-73.96685362793505191802978515625">
        <ele>36</ele>
        <time>2025-09-26T23:49:36.000Z</time>
        <extensions>
          <ns3:TrackPointExtension>
            <ns3:hr>154</ns3:hr>
            <ns3:cad>79</ns3:cad>
          </ns3:TrackPointExtension>
        </extensions>
      </trkpt>
      <trkpt lat="40.7876599766314029693603515625" lon="-73.96692235954105854034423828125">
        <ele>36</ele>
        <time>2025-09-26T23:49:40.000Z</time>
        <extensions>
          <ns3:TrackPointExtension>
            <ns3:hr>148</ns3:hr>
            <ns3:cad>78</ns3:cad>
          </ns3:TrackPointExtension>
        </extensions>
      </trkpt>
      <trkpt lat="40.78764363192021846771240234375" lon="-73.96693426184356212615966796875">
        <ele>36</ele>
        <time>2025-09-26T23:49:41.000Z</time>
        <extensions>
          <ns3:TrackPointExtension>
            <ns3:hr>148</ns3:hr>
            <ns3:cad>78</ns3:cad>
          </ns3:TrackPointExtension>
        </extensions>
      </trkpt>
      <trkpt lat="40.7875583879649639129638671875" lon="-73.96701472811400890350341796875">
        <ele>36</ele>
        <time>2025-09-26T23:49:46.000Z</time>
        <extensions>
          <ns3:TrackPointExtension>
            <ns3:hr>153</ns3:hr>
            <ns3:cad>80</ns3:cad>
          </ns3:TrackPointExtension>
        </extensions>
      </trkpt>
      <trkpt lat="40.78753919340670108795166015625" lon="-73.96702847443521022796630859375">
        <ele>36</ele>
        <time>2025-09-26T23:49:47.000Z</time>
        <extensions>
          <ns3:TrackPointExtension>
            <ns3:hr>150</ns3:hr>
            <ns3:cad>79</ns3:cad>
          </ns3:TrackPointExtension>
        </extensions>
      </trkpt>
      <trkpt lat="40.78739225864410400390625" lon="-73.96716644056141376495361328125">
        <ele>36</ele>
        <time>2025-09-26T23:49:56.000Z</time>
        <extensions>
          <ns3:TrackPointExtension>
            <ns3:hr>150</ns3:hr>
            <ns3:cad>80</ns3:cad>
          </ns3:TrackPointExtension>
        </extensions>
      </trkpt>
      <trkpt lat="40.787362419068813323974609375" lon="-73.96719284355640411376953125">
        <ele>36</ele>
        <time>2025-09-26T23:49:58.000Z</time>
        <extensions>
          <ns3:TrackPointExtension>
            <ns3:hr>154</ns3:hr>
            <ns3:cad>79</ns3:cad>
          </ns3:TrackPointExtension>
        </extensions>
      </trkpt>
      <trkpt lat="40.78734607435762882232666015625" lon="-73.967201225459575653076171875">
        <ele>36</ele>
        <time>2025-09-26T23:49:59.000Z</time>
        <extensions>
          <ns3:TrackPointExtension>
            <ns3:hr>157</ns3:hr>
            <ns3:cad>79</ns3:cad>
          </ns3:TrackPointExtension>
        </extensions>
      </trkpt>
      <trkpt lat="40.78730978071689605712890625" lon="-73.96721673198044300079345703125">
        <ele>36</ele>
        <time>2025-09-26T23:50:01.000Z</time>
        <extensions>
          <ns3:TrackPointExtension>
            <ns3:hr>153</ns3:hr>
            <ns3:cad>79</ns3:cad>
          </ns3:TrackPointExtension>
        </extensions>
      </trkpt>
      <trkpt lat="40.7871181704103946685791015625" lon="-73.96728948689997196197509765625">
        <ele>36</ele>
        <time>2025-09-26T23:50:09.000Z</time>
        <extensions>
          <ns3:TrackPointExtension>
            <ns3:hr>152</ns3:hr>
            <ns3:cad>82</ns3:cad>
          </ns3:TrackPointExtension>
        </extensions>
      </trkpt>
      <trkpt lat="40.7869327627122402191162109375" lon="-73.96734975278377532958984375">
        <ele>36</ele>
        <time>2025-09-26T23:50:18.000Z</time>
        <extensions>
          <ns3:TrackPointExtension>
            <ns3:hr>152</ns3:hr>
            <ns3:cad>79</ns3:cad>
          </ns3:TrackPointExtension>
        </extensions>
      </trkpt>
      <trkpt lat="40.78676990233361721038818359375" lon="-73.96740297786891460418701171875">
        <ele>36</ele>
        <time>2025-09-26T23:50:26.000Z</time>
        <extensions>
          <ns3:TrackPointExtension>
            <ns3:hr>158</ns3:hr>
            <ns3:cad>83</ns3:cad>
          </ns3:TrackPointExtension>
        </extensions>
      </trkpt>
      <trkpt lat="40.78675330616533756256103515625" lon="-73.9674122817814350128173828125">
        <ele>36</ele>
        <time>2025-09-26T23:50:27.000Z</time>
        <extensions>
          <ns3:TrackPointExtension>
            <ns3:hr>155</ns3:hr>
            <ns3:cad>83</ns3:cad>
          </ns3:TrackPointExtension>
        </extensions>
      </trkpt>
      <trkpt lat="40.786736793816089630126953125" lon="-73.96742091514170169830322265625">
        <ele>36</ele>
        <time>2025-09-26T23:50:28.000Z</time>
        <extensions>
          <ns3:TrackPointExtension>
            <ns3:hr>152</ns3:hr>
            <ns3:cad>82</ns3:cad>
          </ns3:TrackPointExtension>
        </extensions>
      </trkpt>
      <trkpt lat="40.78671676106750965118408203125" lon="-73.967423178255558013916015625">
        <ele>36</ele>
        <time>2025-09-26T23:50:29.000Z</time>
        <extensions>
          <ns3:TrackPointExtension>
            <ns3:hr>148</ns3:hr>
            <ns3:cad>81</ns3:cad>
          </ns3:TrackPointExtension>
        </extensions>
      </trkpt>
      <trkpt lat="40.786587931215763092041015625" lon="-73.96746215410530567169189453125">
        <ele>36</ele>
        <time>2025-09-26T23:50:36.000Z</time>
        <extensions>
          <ns3:TrackPointExtension>
            <ns3:hr>152</ns3:hr>
            <ns3:cad>80</ns3:cad>
          </ns3:TrackPointExtension>
        </extensions>
      </trkpt>
      <trkpt lat="40.78656890429556369781494140625" lon="-73.96746776998043060302734375">
        <ele>36</ele>
        <time>2025-09-26T23:50:37.000Z</time>
        <extensions>
          <ns3:TrackPointExtension>
            <ns3:hr>149</ns3:hr>
            <ns3:cad>81</ns3:cad>
          </ns3:TrackPointExtension>
        </extensions>
      </trkpt>
      <trkpt lat="40.786493383347988128662109375" lon="-73.967485539615154266357421875">
        <ele>36</ele>
        <time>2025-09-26T23:50:41.000Z</time>
        <extensions>
          <ns3:TrackPointExtension>
            <ns3:hr>146</ns3:hr>
            <ns3:cad>81</ns3:cad>
          </ns3:TrackPointExtension>
        </extensions>
      </trkpt>
      <trkpt lat="40.78642758540809154510498046875" lon="-73.96751026622951030731201171875">
        <ele>35.799999237060546875</ele>
        <time>2025-09-26T23:50:45.000Z</time>
        <extensions>
          <ns3:TrackPointExtension>
            <ns3:hr>143</ns3:hr>
            <ns3:cad>82</ns3:cad>
          </ns3:TrackPointExtension>
        </extensions>
      </trkpt>
      <trkpt lat="40.78637176193296909332275390625" lon="-73.967502303421497344970703125">
        <ele>36</ele>
        <time>2025-09-26T23:50:48.000Z</time>
        <extensions>
          <ns3:TrackPointExtension>
            <ns3:hr>140</ns3:hr>
            <ns3:cad>83</ns3:cad>
          </ns3:TrackPointExtension>
        </extensions>
      </trkpt>
      <trkpt lat="40.78625835478305816650390625" lon="-73.9674796722829341888427734375">
        <ele>36</ele>
        <time>2025-09-26T23:50:54.000Z</time>
        <extensions>
          <ns3:TrackPointExtension>
            <ns3:hr>143</ns3:hr>
            <ns3:cad>82</ns3:cad>
          </ns3:TrackPointExtension>
        </extensions>
      </trkpt>
      <trkpt lat="40.7860764674842357635498046875" lon="-73.9674377627670764923095703125">
        <ele>36</ele>
        <time>2025-09-26T23:51:05.000Z</time>
        <extensions>
          <ns3:TrackPointExtension>
            <ns3:hr>143</ns3:hr>
            <ns3:cad>79</ns3:cad>
          </ns3:TrackPointExtension>
        </extensions>
      </trkpt>
      <trkpt lat="40.7858903892338275909423828125" lon="-73.96739778108894824981689453125">
        <ele>36</ele>
        <time>2025-09-26T23:51:15.000Z</time>
        <extensions>
          <ns3:TrackPointExtension>
            <ns3:hr>143</ns3:hr>
            <ns3:cad>81</ns3:cad>
          </ns3:TrackPointExtension>
        </extensions>
      </trkpt>
      <trkpt lat="40.78571110032498836517333984375" lon="-73.96731513552367687225341796875">
        <ele>36</ele>
        <time>2025-09-26T23:51:25.000Z</time>
        <extensions>
          <ns3:TrackPointExtension>
            <ns3:hr>145</ns3:hr>
            <ns3:cad>80</ns3:cad>
          </ns3:TrackPointExtension>
        </extensions>
      </trkpt>
      <trkpt lat="40.78559123910963535308837890625" lon="-73.96726517938077449798583984375">
        <ele>36</ele>
        <time>2025-09-26T23:51:31.000Z</time>
        <extensions>
          <ns3:TrackPointExtension>
            <ns3:hr>148</ns3:hr>
            <ns3:cad>80</ns3:cad>
          </ns3:TrackPointExtension>
        </extensions>
      </trkpt>
      <trkpt lat="40.78541035763919353485107421875" lon="-73.9671983756124973297119140625">
        <ele>36</ele>
        <time>2025-09-26T23:51:41.000Z</time>
        <extensions>
          <ns3:TrackPointExtension>
            <ns3:hr>150</ns3:hr>
            <ns3:cad>81</ns3:cad>
          </ns3:TrackPointExtension>
        </extensions>
      </trkpt>
      <trkpt lat="40.785376243293285369873046875" lon="-73.96718747913837432861328125">
        <ele>36</ele>
        <time>2025-09-26T23:51:43.000Z</time>
        <extensions>
          <ns3:TrackPointExtension>
            <ns3:hr>154</ns3:hr>
            <ns3:cad>78</ns3:cad>
          </ns3:TrackPointExtension>
        </extensions>
      </trkpt>
      <trkpt lat="40.78519083559513092041015625" lon="-73.96714196540415287017822265625">
        <ele>36</ele>
        <time>2025-09-26T23:51:54.000Z</time>
        <extensions>
          <ns3:TrackPointExtension>
            <ns3:hr>155</ns3:hr>
            <ns3:cad>82</ns3:cad>
          </ns3:TrackPointExtension>
        </extensions>
      </trkpt>
      <trkpt lat="40.785091258585453033447265625" lon="-73.96712486632168292999267578125">
        <ele>36.200000762939453125</ele>
        <time>2025-09-26T23:52:00.000Z</time>
        <extensions>
          <ns3:TrackPointExtension>
            <ns3:hr>158</ns3:hr>
            <ns3:cad>78</ns3:cad>
          </ns3:TrackPointExtension>
        </extensions>
      </trkpt>
      <trkpt lat="40.784895457327365875244140625" lon="-73.96711598150432109832763671875">
        <ele>36.59999847412109375</ele>
        <time>2025-09-26T23:52:11.000Z</time>
        <extensions>
          <ns3:TrackPointExtension>
            <ns3:hr>158</ns3:hr>
            <ns3:cad>81</ns3:cad>
          </ns3:TrackPointExtension>
        </extensions>
      </trkpt>
      <trkpt lat="40.78469973988831043243408203125" lon="-73.96711447276175022125244140625">
        <ele>36.59999847412109375</ele>
        <time>2025-09-26T23:52:20.000Z</time>
        <extensions>
          <ns3:TrackPointExtension>
            <ns3:hr>158</ns3:hr>
            <ns3:cad>82</ns3:cad>
          </ns3:TrackPointExtension>
        </extensions>
      </trkpt>
      <trkpt lat="40.7844993285834789276123046875" lon="-73.96716074086725711822509765625">
        <ele>35.799999237060546875</ele>
        <time>2025-09-26T23:52:30.000Z</time>
        <extensions>
          <ns3:TrackPointExtension>
            <ns3:hr>160</ns3:hr>
            <ns3:cad>80</ns3:cad>
          </ns3:TrackPointExtension>
        </extensions>
      </trkpt>
      <trkpt lat="40.78440553508698940277099609375" lon="-73.9672097750008106231689453125">
        <ele>34.799999237060546875</ele>
        <time>2025-09-26T23:52:35.000Z</time>
        <extensions>
          <ns3:TrackPointExtension>
            <ns3:hr>160</ns3:hr>
            <ns3:cad>81</ns3:cad>
          </ns3:TrackPointExtension>
        </extensions>
      </trkpt>
      <trkpt lat="40.78430243767797946929931640625" lon="-73.9672672748565673828125">
        <ele>34.40000152587890625</ele>
        <time>2025-09-26T23:52:41.000Z</time>
        <extensions>
          <ns3:TrackPointExtension>
            <ns3:hr>157</ns3:hr>
            <ns3:cad>78</ns3:cad>
          </ns3:TrackPointExtension>
        </extensions>
      </trkpt>
      <trkpt lat="40.78413949348032474517822265625" lon="-73.96740448661148548126220703125">
        <ele>36</ele>
        <time>2025-09-26T23:52:52.000Z</time>
        <extensions>
          <ns3:TrackPointExtension>
            <ns3:hr>159</ns3:hr>
            <ns3:cad>78</ns3:cad>
          </ns3:TrackPointExtension>
        </extensions>
      </trkpt>
      <trkpt lat="40.78407428227365016937255859375" lon="-73.96746148355305194854736328125">
        <ele>36.799999237060546875</ele>
        <time>2025-09-26T23:52:56.000Z</time>
        <extensions>
          <ns3:TrackPointExtension>
            <ns3:hr>162</ns3:hr>
            <ns3:cad>79</ns3:cad>
          </ns3:TrackPointExtension>
        </extensions>
      </trkpt>
      <trkpt lat="40.7839363999664783477783203125" lon="-73.967602550983428955078125">
        <ele>37</ele>
        <time>2025-09-26T23:53:06.000Z</time>
        <extensions>
          <ns3:TrackPointExtension>
            <ns3:hr>159</ns3:hr>
            <ns3:cad>82</ns3:cad>
          </ns3:TrackPointExtension>
        </extensions>
      </trkpt>
      <trkpt lat="40.7839214801788330078125" lon="-73.96761705167591571807861328125">
        <ele>37</ele>
        <time>2025-09-26T23:53:07.000Z</time>
        <extensions>
          <ns3:TrackPointExtension>
            <ns3:hr>153</ns3:hr>
            <ns3:cad>81</ns3:cad>
          </ns3:TrackPointExtension>
        </extensions>
      </trkpt>
      <trkpt lat="40.783903039991855621337890625" lon="-73.967631720006465911865234375">
        <ele>37</ele>
        <time>2025-09-26T23:53:08.000Z</time>
        <extensions>
          <ns3:TrackPointExtension>
            <ns3:hr>148</ns3:hr>
            <ns3:cad>80</ns3:cad>
          </ns3:TrackPointExtension>
        </extensions>
      </trkpt>
      <trkpt lat="40.783886611461639404296875" lon="-73.96764605306088924407958984375">
        <ele>37</ele>
        <time>2025-09-26T23:53:09.000Z</time>
        <extensions>
          <ns3:TrackPointExtension>
            <ns3:hr>145</ns3:hr>
            <ns3:cad>80</ns3:cad>
          </ns3:TrackPointExtension>
        </extensions>
      </trkpt>
      <trkpt lat="40.783868841826915740966796875" lon="-73.9676566980779170989990234375">
        <ele>37</ele>
        <time>2025-09-26T23:53:10.000Z</time>
        <extensions>
          <ns3:TrackPointExtension>
            <ns3:hr>142</ns3:hr>
            <ns3:cad>80</ns3:cad>
          </ns3:TrackPointExtension>
        </extensions>
      </trkpt>
      <trkpt lat="40.78380371443927288055419921875" lon="-73.9677006192505359649658203125">
        <ele>37</ele>
        <time>2025-09-26T23:53:14.000Z</time>
        <extensions>
          <ns3:TrackPointExtension>
            <ns3:hr>145</ns3:hr>
            <ns3:cad>82</ns3:cad>
          </ns3:TrackPointExtension>
        </extensions>
      </trkpt>
      <trkpt lat="40.78364185988903045654296875" lon="-73.96784302778542041778564453125">
        <ele>36.799999237060546875</ele>
        <time>2025-09-26T23:53:25.000Z</time>
        <extensions>
          <ns3:TrackPointExtension>
            <ns3:hr>143</ns3:hr>
            <ns3:cad>79</ns3:cad>
          </ns3:TrackPointExtension>
        </extensions>
      </trkpt>
      <trkpt lat="40.78353415243327617645263671875" lon="-73.96795970387756824493408203125">
        <ele>36.799999237060546875</ele>
        <time>2025-09-26T23:53:32.000Z</time>
        <extensions>
          <ns3:TrackPointExtension>
            <ns3:hr>146</ns3:hr>
            <ns3:cad>81</ns3:cad>
          </ns3:TrackPointExtension>
        </extensions>
      </trkpt>
      <trkpt lat="40.78339769504964351654052734375" lon="-73.96814905107021331787109375">
        <ele>37</ele>
        <time>2025-09-26T23:53:42.000Z</time>
        <extensions>
          <ns3:TrackPointExtension>
            <ns3:hr>147</ns3:hr>
            <ns3:cad>79</ns3:cad>
          </ns3:TrackPointExtension>
        </extensions>
      </trkpt>
      <trkpt lat="40.78338713385164737701416015625" lon="-73.96816648542881011962890625">
        <ele>37</ele>
        <time>2025-09-26T23:53:43.000Z</time>
        <extensions>
          <ns3:TrackPointExtension>
            <ns3:hr>150</ns3:hr>
            <ns3:cad>80</ns3:cad>
          </ns3:TrackPointExtension>
        </extensions>
      </trkpt>
      <trkpt lat="40.78325486741960048675537109375" lon="-73.968349881470203399658203125">
        <ele>37</ele>
        <time>2025-09-26T23:53:54.000Z</time>
        <extensions>
          <ns3:TrackPointExtension>
            <ns3:hr>150</ns3:hr>
            <ns3:cad>79</ns3:cad>
          </ns3:TrackPointExtension>
        </extensions>
      </trkpt>
      <trkpt lat="40.78312955796718597412109375" lon="-73.96854492835700511932373046875">
        <ele>37</ele>
        <time>2025-09-26T23:54:04.000Z</time>
        <extensions>
          <ns3:TrackPointExtension>
            <ns3:hr>151</ns3:hr>
            <ns3:cad>79</ns3:cad>
          </ns3:TrackPointExtension>
        </extensions>
      </trkpt>
      <trkpt lat="40.7830412127077579498291015625" lon="-73.96876604296267032623291015625">
        <ele>37</ele>
        <time>2025-09-26T23:54:13.000Z</time>
        <extensions>
          <ns3:TrackPointExtension>
            <ns3:hr>152</ns3:hr>
            <ns3:cad>82</ns3:cad>
          </ns3:TrackPointExtension>
        </extensions>
      </trkpt>
      <trkpt lat="40.78297088854014873504638671875" lon="-73.9688881672918796539306640625">
        <ele>37</ele>
        <time>2025-09-26T23:54:18.000Z</time>
        <extensions>
          <ns3:TrackPointExtension>
            <ns3:hr>155</ns3:hr>
            <ns3:cad>82</ns3:cad>
          </ns3:TrackPointExtension>
        </extensions>
      </trkpt>
      <trkpt lat="40.78284834511578083038330078125" lon="-73.96907164715230464935302734375">
        <ele>36.200000762939453125</ele>
        <time>2025-09-26T23:54:28.000Z</time>
        <extensions>
          <ns3:TrackPointExtension>
            <ns3:hr>157</ns3:hr>
            <ns3:cad>79</ns3:cad>
          </ns3:TrackPointExtension>
        </extensions>
      </trkpt>
      <trkpt lat="40.78280861489474773406982421875" lon="-73.96911858581006526947021484375">
        <ele>36.200000762939453125</ele>
        <time>2025-09-26T23:54:31.000Z</time>
        <extensions>
          <ns3:TrackPointExtension>
            <ns3:hr>154</ns3:hr>
            <ns3:cad>80</ns3:cad>
          </ns3:TrackPointExtension>
        </extensions>
      </trkpt>
      <trkpt lat="40.78270266763865947723388671875" lon="-73.96922193467617034912109375">
        <ele>35.799999237060546875</ele>
        <time>2025-09-26T23:54:38.000Z</time>
        <extensions>
          <ns3:TrackPointExtension>
            <ns3:hr>151</ns3:hr>
            <ns3:cad>79</ns3:cad>
          </ns3:TrackPointExtension>
        </extensions>
      </trkpt>
      <trkpt lat="40.78254190273582935333251953125" lon="-73.96932461299002170562744140625">
        <ele>35</ele>
        <time>2025-09-26T23:54:47.000Z</time>
        <extensions>
          <ns3:TrackPointExtension>
            <ns3:hr>156</ns3:hr>
            <ns3:cad>80</ns3:cad>
          </ns3:TrackPointExtension>
        </extensions>
      </trkpt>
      <trkpt lat="40.78252698294818401336669921875" lon="-73.9693365991115570068359375">
        <ele>34.799999237060546875</ele>
        <time>2025-09-26T23:54:48.000Z</time>
        <extensions>
          <ns3:TrackPointExtension>
            <ns3:hr>159</ns3:hr>
            <ns3:cad>80</ns3:cad>
          </ns3:TrackPointExtension>
        </extensions>
      </trkpt>
      <trkpt lat="40.782511644065380096435546875" lon="-73.96934791468083858489990234375">
        <ele>34.799999237060546875</ele>
        <time>2025-09-26T23:54:49.000Z</time>
        <extensions>
          <ns3:TrackPointExtension>
            <ns3:hr>163</ns3:hr>
            <ns3:cad>80</ns3:cad>
          </ns3:TrackPointExtension>
        </extensions>
      </trkpt>
      <trkpt lat="40.78249454498291015625" lon="-73.96935948170721530914306640625">
        <ele>34.59999847412109375</ele>
        <time>2025-09-26T23:54:50.000Z</time>
        <extensions>
          <ns3:TrackPointExtension>
            <ns3:hr>168</ns3:hr>
            <ns3:cad>80</ns3:cad>
          </ns3:TrackPointExtension>
        </extensions>
      </trkpt>
      <trkpt lat="40.7824779488146305084228515625" lon="-73.96937088109552860260009765625">
        <ele>34.59999847412109375</ele>
        <time>2025-09-26T23:54:51.000Z</time>
        <extensions>
          <ns3:TrackPointExtension>
            <ns3:hr>168</ns3:hr>
            <ns3:cad>81</ns3:cad>
          </ns3:TrackPointExtension>
        </extensions>
      </trkpt>
      <trkpt lat="40.7822895236313343048095703125" lon="-73.96943240426480770111083984375">
        <ele>33.40000152587890625</ele>
        <time>2025-09-26T23:55:01.000Z</time>
        <extensions>
          <ns3:TrackPointExtension>
            <ns3:hr>167</ns3:hr>
            <ns3:cad>82</ns3:cad>
          </ns3:TrackPointExtension>
        </extensions>
      </trkpt>
      <trkpt lat="40.78221064992249011993408203125" lon="-73.96943843923509120941162109375">
        <ele>32.799999237060546875</ele>
        <time>2025-09-26T23:55:05.000Z</time>
        <extensions>
          <ns3:TrackPointExtension>
            <ns3:hr>164</ns3:hr>
            <ns3:cad>83</ns3:cad>
          </ns3:TrackPointExtension>
        </extensions>
      </trkpt>
      <trkpt lat="40.78217678703367710113525390625" lon="-73.96944263018667697906494140625">
        <ele>32.59999847412109375</ele>
        <time>2025-09-26T23:55:07.000Z</time>
        <extensions>
          <ns3:TrackPointExtension>
            <ns3:hr>158</ns3:hr>
            <ns3:cad>83</ns3:cad>
          </ns3:TrackPointExtension>
        </extensions>
      </trkpt>
      <trkpt lat="40.78215952031314373016357421875" lon="-73.96944631822407245635986328125">
        <ele>32.40000152587890625</ele>
        <time>2025-09-26T23:55:08.000Z</time>
        <extensions>
          <ns3:TrackPointExtension>
            <ns3:hr>153</ns3:hr>
            <ns3:cad>83</ns3:cad>
          </ns3:TrackPointExtension>
        </extensions>
      </trkpt>
      <trkpt lat="40.7821406610310077667236328125" lon="-73.96945084445178508758544921875">
        <ele>32.200000762939453125</ele>
        <time>2025-09-26T23:55:09.000Z</time>
        <extensions>
          <ns3:TrackPointExtension>
            <ns3:hr>149</ns3:hr>
            <ns3:cad>83</ns3:cad>
          </ns3:TrackPointExtension>
        </extensions>
      </trkpt>
      <trkpt lat="40.7821230590343475341796875" lon="-73.96945168264210224151611328125">
        <ele>32.200000762939453125</ele>
        <time>2025-09-26T23:55:10.000Z</time>
        <extensions>
          <ns3:TrackPointExtension>
            <ns3:hr>143</ns3:hr>
            <ns3:cad>83</ns3:cad>
          </ns3:TrackPointExtension>
        </extensions>
      </trkpt>
      <trkpt lat="40.782105289399623870849609375" lon="-73.9694494195282459259033203125">
        <ele>32</ele>
        <time>2025-09-26T23:55:11.000Z</time>
        <extensions>
          <ns3:TrackPointExtension>
            <ns3:hr>140</ns3:hr>
            <ns3:cad>82</ns3:cad>
          </ns3:TrackPointExtension>
        </extensions>
      </trkpt>
      <trkpt lat="40.78208609484136104583740234375" lon="-73.96944883279502391815185546875">
        <ele>32</ele>
        <time>2025-09-26T23:55:12.000Z</time>
        <extensions>
          <ns3:TrackPointExtension>
            <ns3:hr>144</ns3:hr>
            <ns3:cad>82</ns3:cad>
          </ns3:TrackPointExtension>
        </extensions>
      </trkpt>
      <trkpt lat="40.78199909068644046783447265625" lon="-73.96943659521639347076416015625">
        <ele>31.200000762939453125</ele>
        <time>2025-09-26T23:55:17.000Z</time>
        <extensions>
          <ns3:TrackPointExtension>
            <ns3:hr>140</ns3:hr>
            <ns3:cad>83</ns3:cad>
          </ns3:TrackPointExtension>
        </extensions>
      </trkpt>
      <trkpt lat="40.7818097434937953948974609375" lon="-73.96941262297332286834716796875">
        <ele>30</ele>
        <time>2025-09-26T23:55:27.000Z</time>
        <extensions>
          <ns3:TrackPointExtension>
            <ns3:hr>138</ns3:hr>
            <ns3:cad>81</ns3:cad>
          </ns3:TrackPointExtension>
        </extensions>
      </trkpt>
      <trkpt lat="40.78166641294956207275390625" lon="-73.96938160993158817291259765625">
        <ele>30</ele>
        <time>2025-09-26T23:55:34.000Z</time>
        <extensions>
          <ns3:TrackPointExtension>
            <ns3:hr>135</ns3:hr>
            <ns3:cad>81</ns3:cad>
          </ns3:TrackPointExtension>
        </extensions>
      </trkpt>
      <trkpt lat="40.7814766466617584228515625" lon="-73.969376496970653533935546875">
        <ele>30</ele>
        <time>2025-09-26T23:55:43.000Z</time>
        <extensions>
          <ns3:TrackPointExtension>
            <ns3:hr>135</ns3:hr>
            <ns3:cad>82</ns3:cad>
          </ns3:TrackPointExtension>
        </extensions>
      </trkpt>
      <trkpt lat="40.78137111850082874298095703125" lon="-73.96937557496130466461181640625">
        <ele>30</ele>
        <time>2025-09-26T23:55:48.000Z</time>
        <extensions>
          <ns3:TrackPointExtension>
            <ns3:hr>139</ns3:hr>
            <ns3:cad>82</ns3:cad>
          </ns3:TrackPointExtension>
        </extensions>
      </trkpt>
      <trkpt lat="40.78118688426911830902099609375" lon="-73.96939418278634548187255859375">
        <ele>29.799999237060546875</ele>
        <time>2025-09-26T23:55:57.000Z</time>
        <extensions>
          <ns3:TrackPointExtension>
            <ns3:hr>138</ns3:hr>
            <ns3:cad>80</ns3:cad>
          </ns3:TrackPointExtension>
        </extensions>
      </trkpt>
      <trkpt lat="40.781018994748592376708984375" lon="-73.96951270289719104766845703125">
        <ele>28.799999237060546875</ele>
        <time>2025-09-26T23:56:06.000Z</time>
        <extensions>
          <ns3:TrackPointExtension>
            <ns3:hr>136</ns3:hr>
            <ns3:cad>80</ns3:cad>
          </ns3:TrackPointExtension>
        </extensions>
      </trkpt>
      <trkpt lat="40.78096769750118255615234375" lon="-73.969538100063800811767578125">
        <ele>28.6000003814697265625</ele>
        <time>2025-09-26T23:56:09.000Z</time>
        <extensions>
          <ns3:TrackPointExtension>
            <ns3:hr>139</ns3:hr>
            <ns3:cad>81</ns3:cad>
          </ns3:TrackPointExtension>
        </extensions>
      </trkpt>
      <trkpt lat="40.78081221319735050201416015625" lon="-73.9696557819843292236328125">
        <ele>27.6000003814697265625</ele>
        <time>2025-09-26T23:56:18.000Z</time>
        <extensions>
          <ns3:TrackPointExtension>
            <ns3:hr>138</ns3:hr>
            <ns3:cad>80</ns3:cad>
          </ns3:TrackPointExtension>
        </extensions>
      </trkpt>
      <trkpt lat="40.78068397007882595062255859375" lon="-73.96981160156428813934326171875">
        <ele>27</ele>
        <time>2025-09-26T23:56:27.000Z</time>
        <extensions>
          <ns3:TrackPointExtension>
            <ns3:hr>135</ns3:hr>
            <ns3:cad>83</ns3:cad>
          </ns3:TrackPointExtension>
        </extensions>
      </trkpt>
      <trkpt lat="40.780638791620731353759765625" lon="-73.96986507810652256011962890625">
        <ele>27</ele>
        <time>2025-09-26T23:56:30.000Z</time>
        <extensions>
          <ns3:TrackPointExtension>
            <ns3:hr>133</ns3:hr>
            <ns3:cad>83</ns3:cad>
          </ns3:TrackPointExtension>
        </extensions>
      </trkpt>
      <trkpt lat="40.7805886678397655487060546875" lon="-73.9699224941432476043701171875">
        <ele>27</ele>
        <time>2025-09-26T23:56:33.000Z</time>
        <extensions>
          <ns3:TrackPointExtension>
            <ns3:hr>130</ns3:hr>
            <ns3:cad>83</ns3:cad>
          </ns3:TrackPointExtension>
        </extensions>
      </trkpt>
      <trkpt lat="40.780465789139270782470703125" lon="-73.970116786658763885498046875">
        <ele>27</ele>
        <time>2025-09-26T23:56:43.000Z</time>
        <extensions>
          <ns3:TrackPointExtension>
            <ns3:hr>133</ns3:hr>
            <ns3:cad>84</ns3:cad>
          </ns3:TrackPointExtension>
        </extensions>
      </trkpt>
      <trkpt lat="40.78036017715930938720703125" lon="-73.97030093707144260406494140625">
        <ele>26.799999237060546875</ele>
        <time>2025-09-26T23:56:52.000Z</time>
        <extensions>
          <ns3:TrackPointExtension>
            <ns3:hr>136</ns3:hr>
            <ns3:cad>83</ns3:cad>
          </ns3:TrackPointExtension>
        </extensions>
      </trkpt>
      <trkpt lat="40.78027308918535709381103515625" lon="-73.97041308693587779998779296875">
        <ele>26.3999996185302734375</ele>
        <time>2025-09-26T23:56:58.000Z</time>
        <extensions>
          <ns3:TrackPointExtension>
            <ns3:hr>140</ns3:hr>
            <ns3:cad>83</ns3:cad>
          </ns3:TrackPointExtension>
        </extensions>
      </trkpt>
      <trkpt lat="40.780131854116916656494140625" lon="-73.9705920405685901641845703125">
        <ele>26</ele>
        <time>2025-09-26T23:57:08.000Z</time>
        <extensions>
          <ns3:TrackPointExtension>
            <ns3:hr>141</ns3:hr>
            <ns3:cad>81</ns3:cad>
          </ns3:TrackPointExtension>
        </extensions>
      </trkpt>
      <trkpt lat="40.77999548055231571197509765625" lon="-73.97079546935856342315673828125">
        <ele>26</ele>
        <time>2025-09-26T23:57:18.000Z</time>
        <extensions>
          <ns3:TrackPointExtension>
            <ns3:hr>141</ns3:hr>
            <ns3:cad>81</ns3:cad>
          </ns3:TrackPointExtension>
        </extensions>
      </trkpt>
      <trkpt lat="40.779889784753322601318359375" lon="-73.97092052735388278961181640625">
        <ele>25.6000003814697265625</ele>
        <time>2025-09-26T23:57:24.000Z</time>
        <extensions>
          <ns3:TrackPointExtension>
            <ns3:hr>144</ns3:hr>
            <ns3:cad>82</ns3:cad>
          </ns3:TrackPointExtension>
        </extensions>
      </trkpt>
      <trkpt lat="40.77987612225115299224853515625" lon="-73.97094332613050937652587890625">
        <ele>25.6000003814697265625</ele>
        <time>2025-09-26T23:57:25.000Z</time>
        <extensions>
          <ns3:TrackPointExtension>
            <ns3:hr>147</ns3:hr>
            <ns3:cad>82</ns3:cad>
          </ns3:TrackPointExtension>
        </extensions>
      </trkpt>
      <trkpt lat="40.77974469400942325592041015625" lon="-73.9711100421845912933349609375">
        <ele>24.6000003814697265625</ele>
        <time>2025-09-26T23:57:33.000Z</time>
        <extensions>
          <ns3:TrackPointExtension>
            <ns3:hr>147</ns3:hr>
            <ns3:cad>86</ns3:cad>
          </ns3:TrackPointExtension>
        </extensions>
      </trkpt>
      <trkpt lat="40.779616199433803558349609375" lon="-73.97129804827272891998291015625">
        <ele>24.799999237060546875</ele>
        <time>2025-09-26T23:57:42.000Z</time>
        <extensions>
          <ns3:TrackPointExtension>
            <ns3:hr>146</ns3:hr>
            <ns3:cad>83</ns3:cad>
          </ns3:TrackPointExtension>
        </extensions>
      </trkpt>
      <trkpt lat="40.7794705219566822052001953125" lon="-73.97144204936921596527099609375">
        <ele>23.3999996185302734375</ele>
        <time>2025-09-26T23:57:51.000Z</time>
        <extensions>
          <ns3:TrackPointExtension>
            <ns3:hr>147</ns3:hr>
            <ns3:cad>82</ns3:cad>
          </ns3:TrackPointExtension>
        </extensions>
      </trkpt>
      <trkpt lat="40.779421068727970123291015625" lon="-73.9714982919394969940185546875">
        <ele>23.200000762939453125</ele>
        <time>2025-09-26T23:57:55.000Z</time>
        <extensions>
          <ns3:TrackPointExtension>
            <ns3:hr>144</ns3:hr>
            <ns3:cad>82</ns3:cad>
          </ns3:TrackPointExtension>
        </extensions>
      </trkpt>
      <trkpt lat="40.7792747206985950469970703125" lon="-73.9716397784650325775146484375">
        <ele>22.200000762939453125</ele>
        <time>2025-09-26T23:58:04.000Z</time>
        <extensions>
          <ns3:TrackPointExtension>
            <ns3:hr>144</ns3:hr>
            <ns3:cad>81</ns3:cad>
          </ns3:TrackPointExtension>
        </extensions>
      </trkpt>
      <trkpt lat="40.77924278564751148223876953125" lon="-73.97165738046169281005859375">
        <ele>22</ele>
        <time>2025-09-26T23:58:06.000Z</time>
        <extensions>
          <ns3:TrackPointExtension>
            <ns3:hr>147</ns3:hr>
            <ns3:cad>80</ns3:cad>
          </ns3:TrackPointExtension>
        </extensions>
      </trkpt>
      <trkpt lat="40.77916114591062068939208984375" lon="-73.97171345539391040802001953125">
        <ele>21.6000003814697265625</ele>
        <time>2025-09-26T23:58:11.000Z</time>
        <extensions>
          <ns3:TrackPointExtension>
            <ns3:hr>151</ns3:hr>
            <ns3:cad>79</ns3:cad>
          </ns3:TrackPointExtension>
        </extensions>
      </trkpt>
      <trkpt lat="40.779018402099609375" lon="-73.9718707837164402008056640625">
        <ele>21.799999237060546875</ele>
        <time>2025-09-26T23:58:19.000Z</time>
        <extensions>
          <ns3:TrackPointExtension>
            <ns3:hr>151</ns3:hr>
            <ns3:cad>82</ns3:cad>
          </ns3:TrackPointExtension>
        </extensions>
      </trkpt>
      <trkpt lat="40.77893064357340335845947265625" lon="-73.971948064863681793212890625">
        <ele>21.799999237060546875</ele>
        <time>2025-09-26T23:58:25.000Z</time>
        <extensions>
          <ns3:TrackPointExtension>
            <ns3:hr>148</ns3:hr>
            <ns3:cad>81</ns3:cad>
          </ns3:TrackPointExtension>
        </extensions>
      </trkpt>
      <trkpt lat="40.7787858881056308746337890625" lon="-73.97212064824998378753662109375">
        <ele>21</ele>
        <time>2025-09-26T23:58:35.000Z</time>
        <extensions>
          <ns3:TrackPointExtension>
            <ns3:hr>148</ns3:hr>
            <ns3:cad>79</ns3:cad>
          </ns3:TrackPointExtension>
        </extensions>
      </trkpt>
      <trkpt lat="40.77875596471130847930908203125" lon="-73.97215417586266994476318359375">
        <ele>20.799999237060546875</ele>
        <time>2025-09-26T23:58:37.000Z</time>
        <extensions>
          <ns3:TrackPointExtension>
            <ns3:hr>145</ns3:hr>
            <ns3:cad>81</ns3:cad>
          </ns3:TrackPointExtension>
        </extensions>
      </trkpt>
      <trkpt lat="40.77867734245955944061279296875" lon="-73.972257860004901885986328125">
        <ele>20.3999996185302734375</ele>
        <time>2025-09-26T23:58:43.000Z</time>
        <extensions>
          <ns3:TrackPointExtension>
            <ns3:hr>148</ns3:hr>
            <ns3:cad>81</ns3:cad>
          </ns3:TrackPointExtension>
        </extensions>
      </trkpt>
      <trkpt lat="40.778637863695621490478515625" lon="-73.97232650779187679290771484375">
        <ele>20</ele>
        <time>2025-09-26T23:58:46.000Z</time>
        <extensions>
          <ns3:TrackPointExtension>
            <ns3:hr>152</ns3:hr>
            <ns3:cad>83</ns3:cad>
          </ns3:TrackPointExtension>
        </extensions>
      </trkpt>
      <trkpt lat="40.7785357721149921417236328125" lon="-73.97253052331507205963134765625">
        <ele>20</ele>
        <time>2025-09-26T23:58:55.000Z</time>
        <extensions>
          <ns3:TrackPointExtension>
            <ns3:hr>154</ns3:hr>
            <ns3:cad>80</ns3:cad>
          </ns3:TrackPointExtension>
        </extensions>
      </trkpt>
      <trkpt lat="40.77847726643085479736328125" lon="-73.97266681306064128875732421875">
        <ele>20.799999237060546875</ele>
        <time>2025-09-26T23:59:01.000Z</time>
        <extensions>
          <ns3:TrackPointExtension>
            <ns3:hr>149</ns3:hr>
            <ns3:cad>82</ns3:cad>
          </ns3:TrackPointExtension>
        </extensions>
      </trkpt>
      <trkpt lat="40.77845052815973758697509765625" lon="-73.9727099798619747161865234375">
        <ele>21.200000762939453125</ele>
        <time>2025-09-26T23:59:03.000Z</time>
        <extensions>
          <ns3:TrackPointExtension>
            <ns3:hr>146</ns3:hr>
            <ns3:cad>83</ns3:cad>
          </ns3:TrackPointExtension>
        </extensions>
      </trkpt>
      <trkpt lat="40.77834256924688816070556640625" lon="-73.97290863096714019775390625">
        <ele>22</ele>
        <time>2025-09-26T23:59:13.000Z</time>
        <extensions>
          <ns3:TrackPointExtension>
            <ns3:hr>147</ns3:hr>
            <ns3:cad>81</ns3:cad>
          </ns3:TrackPointExtension>
        </extensions>
      </trkpt>
      <trkpt lat="40.77825372107326984405517578125" lon="-73.9730838127434253692626953125">
        <ele>22.6000003814697265625</ele>
        <time>2025-09-26T23:59:21.000Z</time>
        <extensions>
          <ns3:TrackPointExtension>
            <ns3:hr>144</ns3:hr>
            <ns3:cad>82</ns3:cad>
          </ns3:TrackPointExtension>
        </extensions>
      </trkpt>
      <trkpt lat="40.77815942466259002685546875" lon="-73.973201997578144073486328125">
        <ele>22</ele>
        <time>2025-09-26T23:59:27.000Z</time>
        <extensions>
          <ns3:TrackPointExtension>
            <ns3:hr>141</ns3:hr>
            <ns3:cad>83</ns3:cad>
          </ns3:TrackPointExtension>
        </extensions>
      </trkpt>
      <trkpt lat="40.77809329144656658172607421875" lon="-73.97328724153339862823486328125">
        <ele>21.6000003814697265625</ele>
        <time>2025-09-26T23:59:32.000Z</time>
        <extensions>
          <ns3:TrackPointExtension>
            <ns3:hr>145</ns3:hr>
            <ns3:cad>82</ns3:cad>
          </ns3:TrackPointExtension>
        </extensions>
      </trkpt>
      <trkpt lat="40.77806680463254451751708984375" lon="-73.97332479245960712432861328125">
        <ele>21.3999996185302734375</ele>
        <time>2025-09-26T23:59:34.000Z</time>
        <extensions>
          <ns3:TrackPointExtension>
            <ns3:hr>148</ns3:hr>
            <ns3:cad>79</ns3:cad>
          </ns3:TrackPointExtension>
        </extensions>
      </trkpt>
      <trkpt lat="40.77800947241485118865966796875" lon="-73.973406516015529632568359375">
        <ele>20.799999237060546875</ele>
        <time>2025-09-26T23:59:39.000Z</time>
        <extensions>
          <ns3:TrackPointExtension>
            <ns3:hr>144</ns3:hr>
            <ns3:cad>81</ns3:cad>
          </ns3:TrackPointExtension>
        </extensions>
      </trkpt>
      <trkpt lat="40.77799807302653789520263671875" lon="-73.97342353127896785736083984375">
        <ele>20.799999237060546875</ele>
        <time>2025-09-26T23:59:40.000Z</time>
        <extensions>
          <ns3:TrackPointExtension>
            <ns3:hr>140</ns3:hr>
            <ns3:cad>80</ns3:cad>
          </ns3:TrackPointExtension>
        </extensions>
      </trkpt>
      <trkpt lat="40.7779845781624317169189453125" lon="-73.973442055284976959228515625">
        <ele>20.6000003814697265625</ele>
        <time>2025-09-26T23:59:41.000Z</time>
        <extensions>
          <ns3:TrackPointExtension>
            <ns3:hr>141</ns3:hr>
            <ns3:cad>79</ns3:cad>
          </ns3:TrackPointExtension>
        </extensions>
      </trkpt>
      <trkpt lat="40.77794426120817661285400390625" lon="-73.973502404987812042236328125">
        <ele>20.200000762939453125</ele>
        <time>2025-09-26T23:59:44.000Z</time>
        <extensions>
          <ns3:TrackPointExtension>
            <ns3:hr>144</ns3:hr>
            <ns3:cad>78</ns3:cad>
          </ns3:TrackPointExtension>
        </extensions>
      </trkpt>
      <trkpt lat="40.77791324816644191741943359375" lon="-73.97354523651301860809326171875">
        <ele>19.799999237060546875</ele>
        <time>2025-09-26T23:59:46.000Z</time>
        <extensions>
          <ns3:TrackPointExtension>
            <ns3:hr>141</ns3:hr>
            <ns3:cad>81</ns3:cad>
          </ns3:TrackPointExtension>
        </extensions>
      </trkpt>
      <trkpt lat="40.777760446071624755859375" lon="-73.97370197810232639312744140625">
        <ele>19.200000762939453125</ele>
        <time>2025-09-26T23:59:57.000Z</time>
        <extensions>
          <ns3:TrackPointExtension>
            <ns3:hr>141</ns3:hr>
            <ns3:cad>79</ns3:cad>
          </ns3:TrackPointExtension>
        </extensions>
      </trkpt>
      <trkpt lat="40.7776633836328983306884765625" lon="-73.97379501722753047943115234375">
        <ele>18.799999237060546875</ele>
        <time>2025-09-27T00:00:04.000Z</time>
        <extensions>
          <ns3:TrackPointExtension>
            <ns3:hr>137</ns3:hr>
            <ns3:cad>79</ns3:cad>
          </ns3:TrackPointExtension>
        </extensions>
      </trkpt>
      <trkpt lat="40.777497254312038421630859375" lon="-73.97389023564755916595458984375">
        <ele>18.3999996185302734375</ele>
        <time>2025-09-27T00:00:14.000Z</time>
        <extensions>
          <ns3:TrackPointExtension>
            <ns3:hr>137</ns3:hr>
            <ns3:cad>81</ns3:cad>
          </ns3:TrackPointExtension>
        </extensions>
      </trkpt>
      <trkpt lat="40.77731662429869174957275390625" lon="-73.97396651096642017364501953125">
        <ele>18.200000762939453125</ele>
        <time>2025-09-27T00:00:23.000Z</time>
        <extensions>
          <ns3:TrackPointExtension>
            <ns3:hr>138</ns3:hr>
            <ns3:cad>86</ns3:cad>
          </ns3:TrackPointExtension>
        </extensions>
      </trkpt>
      <trkpt lat="40.777298770844936370849609375" lon="-73.97397371940314769744873046875">
        <ele>18</ele>
        <time>2025-09-27T00:00:24.000Z</time>
        <extensions>
          <ns3:TrackPointExtension>
            <ns3:hr>142</ns3:hr>
            <ns3:cad>86</ns3:cad>
          </ns3:TrackPointExtension>
        </extensions>
      </trkpt>
      <trkpt lat="40.7772543467581272125244140625" lon="-73.973981179296970367431640625">
        <ele>18</ele>
        <time>2025-09-27T00:00:26.000Z</time>
        <extensions>
          <ns3:TrackPointExtension>
            <ns3:hr>145</ns3:hr>
            <ns3:cad>84</ns3:cad>
          </ns3:TrackPointExtension>
        </extensions>
      </trkpt>
      <trkpt lat="40.777159966528415679931640625" lon="-73.9740131981670856475830078125">
        <ele>18</ele>
        <time>2025-09-27T00:00:31.000Z</time>
        <extensions>
          <ns3:TrackPointExtension>
            <ns3:hr>142</ns3:hr>
            <ns3:cad>85</ns3:cad>
          </ns3:TrackPointExtension>
        </extensions>
      </trkpt>
      <trkpt lat="40.77709416858851909637451171875" lon="-73.97403423674404621124267578125">
        <ele>18</ele>
        <time>2025-09-27T00:00:35.000Z</time>
        <extensions>
          <ns3:TrackPointExtension>
            <ns3:hr>145</ns3:hr>
            <ns3:cad>84</ns3:cad>
          </ns3:TrackPointExtension>
        </extensions>
      </trkpt>
      <trkpt lat="40.77703633345663547515869140625" lon="-73.97403926588594913482666015625">
        <ele>18.200000762939453125</ele>
        <time>2025-09-27T00:00:38.000Z</time>
        <extensions>
          <ns3:TrackPointExtension>
            <ns3:hr>148</ns3:hr>
            <ns3:cad>83</ns3:cad>
          </ns3:TrackPointExtension>
        </extensions>
      </trkpt>
      <trkpt lat="40.77698403038084506988525390625" lon="-73.97403641603887081146240234375">
        <ele>18.3999996185302734375</ele>
        <time>2025-09-27T00:00:41.000Z</time>
        <extensions>
          <ns3:TrackPointExtension>
            <ns3:hr>151</ns3:hr>
            <ns3:cad>81</ns3:cad>
          </ns3:TrackPointExtension>
        </extensions>
      </trkpt>
      <trkpt lat="40.776966847479343414306640625" lon="-73.97403457202017307281494140625">
        <ele>18.3999996185302734375</ele>
        <time>2025-09-27T00:00:42.000Z</time>
        <extensions>
          <ns3:TrackPointExtension>
            <ns3:hr>156</ns3:hr>
            <ns3:cad>81</ns3:cad>
          </ns3:TrackPointExtension>
        </extensions>
      </trkpt>
      <trkpt lat="40.77678370289504528045654296875" lon="-73.974032811820507049560546875">
        <ele>18.6000003814697265625</ele>
        <time>2025-09-27T00:00:52.000Z</time>
        <extensions>
          <ns3:TrackPointExtension>
            <ns3:hr>154</ns3:hr>
            <ns3:cad>80</ns3:cad>
          </ns3:TrackPointExtension>
        </extensions>
      </trkpt>
      <trkpt lat="40.77670206315815448760986328125" lon="-73.9740423671901226043701171875">
        <ele>18.6000003814697265625</ele>
        <time>2025-09-27T00:00:57.000Z</time>
        <extensions>
          <ns3:TrackPointExtension>
            <ns3:hr>150</ns3:hr>
            <ns3:cad>79</ns3:cad>
          </ns3:TrackPointExtension>
        </extensions>
      </trkpt>
      <trkpt lat="40.776685215532779693603515625" lon="-73.97404697723686695098876953125">
        <ele>18.6000003814697265625</ele>
        <time>2025-09-27T00:00:58.000Z</time>
        <extensions>
          <ns3:TrackPointExtension>
            <ns3:hr>145</ns3:hr>
            <ns3:cad>79</ns3:cad>
          </ns3:TrackPointExtension>
        </extensions>
      </trkpt>
      <trkpt lat="40.77666602097451686859130859375" lon="-73.9740494079887866973876953125">
        <ele>18.6000003814697265625</ele>
        <time>2025-09-27T00:00:59.000Z</time>
        <extensions>
          <ns3:TrackPointExtension>
            <ns3:hr>146</ns3:hr>
            <ns3:cad>79</ns3:cad>
          </ns3:TrackPointExtension>
        </extensions>
      </trkpt>
      <trkpt lat="40.77660885639488697052001953125" lon="-73.97405049763619899749755859375">
        <ele>18.6000003814697265625</ele>
        <time>2025-09-27T00:01:02.000Z</time>
        <extensions>
          <ns3:TrackPointExtension>
            <ns3:hr>152</ns3:hr>
            <ns3:cad>82</ns3:cad>
          </ns3:TrackPointExtension>
        </extensions>
      </trkpt>
      <trkpt lat="40.77655906789004802703857421875" lon="-73.9740517549216747283935546875">
        <ele>18.6000003814697265625</ele>
        <time>2025-09-27T00:01:05.000Z</time>
        <extensions>
          <ns3:TrackPointExtension>
            <ns3:hr>148</ns3:hr>
            <ns3:cad>81</ns3:cad>
          </ns3:TrackPointExtension>
        </extensions>
      </trkpt>
      <trkpt lat="40.776419006288051605224609375" lon="-73.97405485622584819793701171875">
        <ele>18.6000003814697265625</ele>
        <time>2025-09-27T00:01:13.000Z</time>
        <extensions>
          <ns3:TrackPointExtension>
            <ns3:hr>152</ns3:hr>
            <ns3:cad>79</ns3:cad>
          </ns3:TrackPointExtension>
        </extensions>
      </trkpt>
      <trkpt lat="40.7763417251408100128173828125" lon="-73.97404588758945465087890625">
        <ele>18.6000003814697265625</ele>
        <time>2025-09-27T00:01:17.000Z</time>
        <extensions>
          <ns3:TrackPointExtension>
            <ns3:hr>157</ns3:hr>
            <ns3:cad>80</ns3:cad>
          </ns3:TrackPointExtension>
        </extensions>
      </trkpt>
      <trkpt lat="40.7761469297111034393310546875" lon="-73.9740349911153316497802734375">
        <ele>18.200000762939453125</ele>
        <time>2025-09-27T00:01:28.000Z</time>
        <extensions>
          <ns3:TrackPointExtension>
            <ns3:hr>154</ns3:hr>
            <ns3:cad>80</ns3:cad>
          </ns3:TrackPointExtension>
        </extensions>
      </trkpt>
      <trkpt lat="40.776086412370204925537109375" lon="-73.97403423674404621124267578125">
        <ele>18</ele>
        <time>2025-09-27T00:01:31.000Z</time>
        <extensions>
          <ns3:TrackPointExtension>
            <ns3:hr>149</ns3:hr>
            <ns3:cad>79</ns3:cad>
          </ns3:TrackPointExtension>
        </extensions>
      </trkpt>
      <trkpt lat="40.7760678045451641082763671875" lon="-73.97403356619179248809814453125">
        <ele>18</ele>
        <time>2025-09-27T00:01:32.000Z</time>
        <extensions>
          <ns3:TrackPointExtension>
            <ns3:hr>144</ns3:hr>
            <ns3:cad>80</ns3:cad>
          </ns3:TrackPointExtension>
        </extensions>
      </trkpt>
      <trkpt lat="40.776049196720123291015625" lon="-73.97403339855372905731201171875">
        <ele>18</ele>
        <time>2025-09-27T00:01:33.000Z</time>
        <extensions>
          <ns3:TrackPointExtension>
            <ns3:hr>144</ns3:hr>
            <ns3:cad>82</ns3:cad>
          </ns3:TrackPointExtension>
        </extensions>
      </trkpt>
      <trkpt lat="40.77597250230610370635986328125" lon="-73.97403457202017307281494140625">
        <ele>18</ele>
        <time>2025-09-27T00:01:37.000Z</time>
        <extensions>
          <ns3:TrackPointExtension>
            <ns3:hr>141</ns3:hr>
            <ns3:cad>83</ns3:cad>
          </ns3:TrackPointExtension>
        </extensions>
      </trkpt>
      <trkpt lat="40.7757849991321563720703125" lon="-73.97401395253837108612060546875">
        <ele>17.200000762939453125</ele>
        <time>2025-09-27T00:01:47.000Z</time>
        <extensions>
          <ns3:TrackPointExtension>
            <ns3:hr>141</ns3:hr>
            <ns3:cad>83</ns3:cad>
          </ns3:TrackPointExtension>
        </extensions>
      </trkpt>
      <trkpt lat="40.77559984289109706878662109375" lon="-73.97400171495974063873291015625">
        <ele>17.3999996185302734375</ele>
        <time>2025-09-27T00:01:56.000Z</time>
        <extensions>
          <ns3:TrackPointExtension>
            <ns3:hr>146</ns3:hr>
            <ns3:cad>80</ns3:cad>
          </ns3:TrackPointExtension>
        </extensions>
      </trkpt>
      <trkpt lat="40.7754190452396869659423828125" lon="-73.97403490729629993438720703125">
        <ele>17.6000003814697265625</ele>
        <time>2025-09-27T00:02:05.000Z</time>
        <extensions>
          <ns3:TrackPointExtension>
            <ns3:hr>146</ns3:hr>
            <ns3:cad>82</ns3:cad>
          </ns3:TrackPointExtension>
        </extensions>
      </trkpt>
      <trkpt lat="40.77522885985672473907470703125" lon="-73.97408545017242431640625">
        <ele>17.799999237060546875</ele>
        <time>2025-09-27T00:02:14.000Z</time>
        <extensions>
          <ns3:TrackPointExtension>
            <ns3:hr>145</ns3:hr>
            <ns3:cad>82</ns3:cad>
          </ns3:TrackPointExtension>
        </extensions>
      </trkpt>
      <trkpt lat="40.7751645706593990325927734375" lon="-73.9741157926619052886962890625">
        <ele>18</ele>
        <time>2025-09-27T00:02:17.000Z</time>
        <extensions>
          <ns3:TrackPointExtension>
            <ns3:hr>149</ns3:hr>
            <ns3:cad>84</ns3:cad>
          </ns3:TrackPointExtension>
        </extensions>
      </trkpt>
      <trkpt lat="40.7749910652637481689453125" lon="-73.974207155406475067138671875">
        <ele>18.6000003814697265625</ele>
        <time>2025-09-27T00:02:26.000Z</time>
        <extensions>
          <ns3:TrackPointExtension>
            <ns3:hr>149</ns3:hr>
            <ns3:cad>82</ns3:cad>
          </ns3:TrackPointExtension>
        </extensions>
      </trkpt>
      <trkpt lat="40.77482937835156917572021484375" lon="-73.97432290948927402496337890625">
        <ele>19.200000762939453125</ele>
        <time>2025-09-27T00:02:35.000Z</time>
        <extensions>
          <ns3:TrackPointExtension>
            <ns3:hr>150</ns3:hr>
            <ns3:cad>82</ns3:cad>
          </ns3:TrackPointExtension>
        </extensions>
      </trkpt>
      <trkpt lat="40.77480171807110309600830078125" lon="-73.974359035491943359375">
        <ele>19.200000762939453125</ele>
        <time>2025-09-27T00:02:37.000Z</time>
        <extensions>
          <ns3:TrackPointExtension>
            <ns3:hr>153</ns3:hr>
            <ns3:cad>82</ns3:cad>
          </ns3:TrackPointExtension>
        </extensions>
      </trkpt>
      <trkpt lat="40.7747414521872997283935546875" lon="-73.97446825169026851654052734375">
        <ele>19.3999996185302734375</ele>
        <time>2025-09-27T00:02:42.000Z</time>
        <extensions>
          <ns3:TrackPointExtension>
            <ns3:hr>150</ns3:hr>
            <ns3:cad>84</ns3:cad>
          </ns3:TrackPointExtension>
        </extensions>
      </trkpt>
      <trkpt lat="40.77466174028813838958740234375" lon="-73.9745640568435192108154296875">
        <ele>19.799999237060546875</ele>
        <time>2025-09-27T00:02:48.000Z</time>
        <extensions>
          <ns3:TrackPointExtension>
            <ns3:hr>153</ns3:hr>
            <ns3:cad>82</ns3:cad>
          </ns3:TrackPointExtension>
        </extensions>
      </trkpt>
      <trkpt lat="40.77464497648179531097412109375" lon="-73.9745928905904293060302734375">
        <ele>19.799999237060546875</ele>
        <time>2025-09-27T00:02:50.000Z</time>
        <extensions>
          <ns3:TrackPointExtension>
            <ns3:hr>153</ns3:hr>
            <ns3:cad>80</ns3:cad>
          </ns3:TrackPointExtension>
        </extensions>
      </trkpt>
      <trkpt lat="40.77464170753955841064453125" lon="-73.97478751838207244873046875">
        <ele>20.200000762939453125</ele>
        <time>2025-09-27T00:02:58.000Z</time>
        <extensions>
          <ns3:TrackPointExtension>
            <ns3:hr>156</ns3:hr>
            <ns3:cad>80</ns3:cad>
          </ns3:TrackPointExtension>
        </extensions>
      </trkpt>
      <trkpt lat="40.77464229427278041839599609375" lon="-73.9748161844909191131591796875">
        <ele>20.3999996185302734375</ele>
        <time>2025-09-27T00:02:59.000Z</time>
        <extensions>
          <ns3:TrackPointExtension>
            <ns3:hr>153</ns3:hr>
            <ns3:cad>80</ns3:cad>
          </ns3:TrackPointExtension>
        </extensions>
      </trkpt>
      <trkpt lat="40.7746294699609279632568359375" lon="-73.97495205514132976531982421875">
        <ele>20.799999237060546875</ele>
        <time>2025-09-27T00:03:05.000Z</time>
        <extensions>
          <ns3:TrackPointExtension>
            <ns3:hr>156</ns3:hr>
            <ns3:cad>79</ns3:cad>
          </ns3:TrackPointExtension>
        </extensions>
      </trkpt>
      <trkpt lat="40.7746271230280399322509765625" lon="-73.97502422332763671875">
        <ele>21.200000762939453125</ele>
        <time>2025-09-27T00:03:08.000Z</time>
        <extensions>
          <ns3:TrackPointExtension>
            <ns3:hr>159</ns3:hr>
            <ns3:cad>81</ns3:cad>
          </ns3:TrackPointExtension>
        </extensions>
      </trkpt>
      <trkpt lat="40.77455126680433750152587890625" lon="-73.97523787803947925567626953125">
        <ele>21.200000762939453125</ele>
        <time>2025-09-27T00:03:17.000Z</time>
        <extensions>
          <ns3:TrackPointExtension>
            <ns3:hr>158</ns3:hr>
            <ns3:cad>79</ns3:cad>
          </ns3:TrackPointExtension>
        </extensions>
      </trkpt>
      <trkpt lat="40.7744242809712886810302734375" lon="-73.97543870843946933746337890625">
        <ele>22.200000762939453125</ele>
        <time>2025-09-27T00:03:27.000Z</time>
        <extensions>
          <ns3:TrackPointExtension>
            <ns3:hr>157</ns3:hr>
            <ns3:cad>80</ns3:cad>
          </ns3:TrackPointExtension>
        </extensions>
      </trkpt>
      <trkpt lat="40.77434205450117588043212890625" lon="-73.97554867900907993316650390625">
        <ele>23</ele>
        <time>2025-09-27T00:03:33.000Z</time>
        <extensions>
          <ns3:TrackPointExtension>
            <ns3:hr>151</ns3:hr>
            <ns3:cad>81</ns3:cad>
          </ns3:TrackPointExtension>
        </extensions>
      </trkpt>
      <trkpt lat="40.7743124663829803466796875" lon="-73.97557751275599002838134765625">
        <ele>23</ele>
        <time>2025-09-27T00:03:35.000Z</time>
        <extensions>
          <ns3:TrackPointExtension>
            <ns3:hr>148</ns3:hr>
            <ns3:cad>81</ns3:cad>
          </ns3:TrackPointExtension>
        </extensions>
      </trkpt>
      <trkpt lat="40.77428606338798999786376953125" lon="-73.9756143093109130859375">
        <ele>23.200000762939453125</ele>
        <time>2025-09-27T00:03:37.000Z</time>
        <extensions>
          <ns3:TrackPointExtension>
            <ns3:hr>152</ns3:hr>
            <ns3:cad>80</ns3:cad>
          </ns3:TrackPointExtension>
        </extensions>
      </trkpt>
      <trkpt lat="40.77413485385477542877197265625" lon="-73.9757626689970493316650390625">
        <ele>23.6000003814697265625</ele>
        <time>2025-09-27T00:03:48.000Z</time>
        <extensions>
          <ns3:TrackPointExtension>
            <ns3:hr>154</ns3:hr>
            <ns3:cad>79</ns3:cad>
          </ns3:TrackPointExtension>
        </extensions>
      </trkpt>
      <trkpt lat="40.77397727407515048980712890625" lon="-73.9758865535259246826171875">
        <ele>24.3999996185302734375</ele>
        <time>2025-09-27T00:03:58.000Z</time>
        <extensions>
          <ns3:TrackPointExtension>
            <ns3:hr>154</ns3:hr>
            <ns3:cad>80</ns3:cad>
          </ns3:TrackPointExtension>
        </extensions>
      </trkpt>
      <trkpt lat="40.77393972314894199371337890625" lon="-73.97591211833059787750244140625">
        <ele>24.6000003814697265625</ele>
        <time>2025-09-27T00:04:00.000Z</time>
        <extensions>
          <ns3:TrackPointExtension>
            <ns3:hr>158</ns3:hr>
            <ns3:cad>80</ns3:cad>
          </ns3:TrackPointExtension>
        </extensions>
      </trkpt>
      <trkpt lat="40.7739233784377574920654296875" lon="-73.9759241044521331787109375">
        <ele>24.799999237060546875</ele>
        <time>2025-09-27T00:04:01.000Z</time>
        <extensions>
          <ns3:TrackPointExtension>
            <ns3:hr>161</ns3:hr>
            <ns3:cad>81</ns3:cad>
          </ns3:TrackPointExtension>
        </extensions>
      </trkpt>
      <trkpt lat="40.77375884167850017547607421875" lon="-73.9760506711900234222412109375">
        <ele>25.799999237060546875</ele>
        <time>2025-09-27T00:04:12.000Z</time>
        <extensions>
          <ns3:TrackPointExtension>
            <ns3:hr>161</ns3:hr>
            <ns3:cad>80</ns3:cad>
          </ns3:TrackPointExtension>
        </extensions>
      </trkpt>
      <trkpt lat="40.773581564426422119140625" lon="-73.97615636698901653289794921875">
        <ele>26.200000762939453125</ele>
        <time>2025-09-27T00:04:23.000Z</time>
        <extensions>
          <ns3:TrackPointExtension>
            <ns3:hr>159</ns3:hr>
            <ns3:cad>80</ns3:cad>
          </ns3:TrackPointExtension>
        </extensions>
      </trkpt>
      <trkpt lat="40.7733986712992191314697265625" lon="-73.97624622099101543426513671875">
        <ele>26.6000003814697265625</ele>
        <time>2025-09-27T00:04:34.000Z</time>
        <extensions>
          <ns3:TrackPointExtension>
            <ns3:hr>157</ns3:hr>
            <ns3:cad>77</ns3:cad>
          </ns3:TrackPointExtension>
        </extensions>
      </trkpt>
      <trkpt lat="40.77321971766650676727294921875" lon="-73.9763141982257366180419921875">
        <ele>26.6000003814697265625</ele>
        <time>2025-09-27T00:04:45.000Z</time>
        <extensions>
          <ns3:TrackPointExtension>
            <ns3:hr>155</ns3:hr>
            <ns3:cad>78</ns3:cad>
          </ns3:TrackPointExtension>
        </extensions>
      </trkpt>
      <trkpt lat="40.77309449203312397003173828125" lon="-73.97635619156062602996826171875">
        <ele>26.799999237060546875</ele>
        <time>2025-09-27T00:04:52.000Z</time>
        <extensions>
          <ns3:TrackPointExtension>
            <ns3:hr>158</ns3:hr>
            <ns3:cad>79</ns3:cad>
          </ns3:TrackPointExtension>
        </extensions>
      </trkpt>
      <trkpt lat="40.77290774323046207427978515625" lon="-73.976441435515880584716796875">
        <ele>27</ele>
        <time>2025-09-27T00:05:01.000Z</time>
        <extensions>
          <ns3:TrackPointExtension>
            <ns3:hr>160</ns3:hr>
            <ns3:cad>82</ns3:cad>
          </ns3:TrackPointExtension>
        </extensions>
      </trkpt>
      <trkpt lat="40.7727192342281341552734375" lon="-73.97652131505310535430908203125">
        <ele>26</ele>
        <time>2025-09-27T00:05:09.000Z</time>
        <extensions>
          <ns3:TrackPointExtension>
            <ns3:hr>162</ns3:hr>
            <ns3:cad>81</ns3:cad>
          </ns3:TrackPointExtension>
        </extensions>
      </trkpt>
      <trkpt lat="40.7726992852985858917236328125" lon="-73.97653405554592609405517578125">
        <ele>26</ele>
        <time>2025-09-27T00:05:10.000Z</time>
        <extensions>
          <ns3:TrackPointExtension>
            <ns3:hr>159</ns3:hr>
            <ns3:cad>80</ns3:cad>
          </ns3:TrackPointExtension>
        </extensions>
      </trkpt>
      <trkpt lat="40.77252544462680816650390625" lon="-73.97661049850285053253173828125">
        <ele>25.3999996185302734375</ele>
        <time>2025-09-27T00:05:20.000Z</time>
        <extensions>
          <ns3:TrackPointExtension>
            <ns3:hr>161</ns3:hr>
            <ns3:cad>81</ns3:cad>
          </ns3:TrackPointExtension>
        </extensions>
      </trkpt>
      <trkpt lat="40.77246149070560932159423828125" lon="-73.97663916461169719696044921875">
        <ele>25.200000762939453125</ele>
        <time>2025-09-27T00:05:24.000Z</time>
        <extensions>
          <ns3:TrackPointExtension>
            <ns3:hr>158</ns3:hr>
            <ns3:cad>79</ns3:cad>
          </ns3:TrackPointExtension>
        </extensions>
      </trkpt>
      <trkpt lat="40.772280357778072357177734375" lon="-73.97673874162137508392333984375">
        <ele>25</ele>
        <time>2025-09-27T00:05:34.000Z</time>
        <extensions>
          <ns3:TrackPointExtension>
            <ns3:hr>158</ns3:hr>
            <ns3:cad>80</ns3:cad>
          </ns3:TrackPointExtension>
        </extensions>
      </trkpt>
      <trkpt lat="40.77222797088325023651123046875" lon="-73.97676422260701656341552734375">
        <ele>24.799999237060546875</ele>
        <time>2025-09-27T00:05:37.000Z</time>
        <extensions>
          <ns3:TrackPointExtension>
            <ns3:hr>154</ns3:hr>
            <ns3:cad>78</ns3:cad>
          </ns3:TrackPointExtension>
        </extensions>
      </trkpt>
      <trkpt lat="40.77218069694936275482177734375" lon="-73.976793475449085235595703125">
        <ele>24.799999237060546875</ele>
        <time>2025-09-27T00:05:40.000Z</time>
        <extensions>
          <ns3:TrackPointExtension>
            <ns3:hr>153</ns3:hr>
            <ns3:cad>77</ns3:cad>
          </ns3:TrackPointExtension>
        </extensions>
      </trkpt>
      <trkpt lat="40.77215018682181835174560546875" lon="-73.9768187887966632843017578125">
        <ele>24.799999237060546875</ele>
        <time>2025-09-27T00:05:42.000Z</time>
        <extensions>
          <ns3:TrackPointExtension>
            <ns3:hr>157</ns3:hr>
            <ns3:cad>79</ns3:cad>
          </ns3:TrackPointExtension>
        </extensions>
      </trkpt>
      <trkpt lat="40.7720853947103023529052734375" lon="-73.97685759700834751129150390625">
        <ele>24.6000003814697265625</ele>
        <time>2025-09-27T00:05:46.000Z</time>
        <extensions>
          <ns3:TrackPointExtension>
            <ns3:hr>162</ns3:hr>
            <ns3:cad>82</ns3:cad>
          </ns3:TrackPointExtension>
        </extensions>
      </trkpt>
      <trkpt lat="40.77192370779812335968017578125" lon="-73.97697326727211475372314453125">
        <ele>24.6000003814697265625</ele>
        <time>2025-09-27T00:05:55.000Z</time>
        <extensions>
          <ns3:TrackPointExtension>
            <ns3:hr>158</ns3:hr>
            <ns3:cad>79</ns3:cad>
          </ns3:TrackPointExtension>
        </extensions>
      </trkpt>
      <trkpt lat="40.7717551477253437042236328125" lon="-73.9770935475826263427734375">
        <ele>24.3999996185302734375</ele>
        <time>2025-09-27T00:06:04.000Z</time>
        <extensions>
          <ns3:TrackPointExtension>
            <ns3:hr>158</ns3:hr>
            <ns3:cad>81</ns3:cad>
          </ns3:TrackPointExtension>
        </extensions>
      </trkpt>
      <trkpt lat="40.771606452763080596923828125" lon="-73.9772147499024868011474609375">
        <ele>24.200000762939453125</ele>
        <time>2025-09-27T00:06:13.000Z</time>
        <extensions>
          <ns3:TrackPointExtension>
            <ns3:hr>155</ns3:hr>
            <ns3:cad>78</ns3:cad>
          </ns3:TrackPointExtension>
        </extensions>
      </trkpt>
      <trkpt lat="40.771556831896305084228515625" lon="-73.9772693999111652374267578125">
        <ele>23.3999996185302734375</ele>
        <time>2025-09-27T00:06:17.000Z</time>
        <extensions>
          <ns3:TrackPointExtension>
            <ns3:hr>152</ns3:hr>
            <ns3:cad>78</ns3:cad>
          </ns3:TrackPointExtension>
        </extensions>
      </trkpt>
      <trkpt lat="40.77152858488261699676513671875" lon="-73.97729010321199893951416015625">
        <ele>23</ele>
        <time>2025-09-27T00:06:19.000Z</time>
        <extensions>
          <ns3:TrackPointExtension>
            <ns3:hr>145</ns3:hr>
            <ns3:cad>78</ns3:cad>
          </ns3:TrackPointExtension>
        </extensions>
      </trkpt>
      <trkpt lat="40.77146689407527446746826171875" lon="-73.97734844125807285308837890625">
        <ele>22.200000762939453125</ele>
        <time>2025-09-27T00:06:23.000Z</time>
        <extensions>
          <ns3:TrackPointExtension>
            <ns3:hr>142</ns3:hr>
            <ns3:cad>71</ns3:cad>
          </ns3:TrackPointExtension>
        </extensions>
      </trkpt>
      <trkpt lat="40.7713447697460651397705078125" lon="-73.97752446122467517852783203125">
        <ele>20.3999996185302734375</ele>
        <time>2025-09-27T00:06:32.000Z</time>
        <extensions>
          <ns3:TrackPointExtension>
            <ns3:hr>143</ns3:hr>
            <ns3:cad>80</ns3:cad>
          </ns3:TrackPointExtension>
        </extensions>
      </trkpt>
      <trkpt lat="40.7712203823029994964599609375" lon="-73.97771221585571765899658203125">
        <ele>20.799999237060546875</ele>
        <time>2025-09-27T00:06:41.000Z</time>
        <extensions>
          <ns3:TrackPointExtension>
            <ns3:hr>145</ns3:hr>
            <ns3:cad>81</ns3:cad>
          </ns3:TrackPointExtension>
        </extensions>
      </trkpt>
      <trkpt lat="40.7711627148091793060302734375" lon="-73.9778202585875988006591796875">
        <ele>21.200000762939453125</ele>
        <time>2025-09-27T00:06:46.000Z</time>
        <extensions>
          <ns3:TrackPointExtension>
            <ns3:hr>148</ns3:hr>
            <ns3:cad>82</ns3:cad>
          </ns3:TrackPointExtension>
        </extensions>
      </trkpt>
      <trkpt lat="40.77109473757445812225341796875" lon="-73.9779292233288288116455078125">
        <ele>21.6000003814697265625</ele>
        <time>2025-09-27T00:06:51.000Z</time>
        <extensions>
          <ns3:TrackPointExtension>
            <ns3:hr>151</ns3:hr>
            <ns3:cad>82</ns3:cad>
          </ns3:TrackPointExtension>
        </extensions>
      </trkpt>
      <trkpt lat="40.77097655273973941802978515625" lon="-73.97814053110778331756591796875">
        <ele>22</ele>
        <time>2025-09-27T00:07:01.000Z</time>
        <extensions>
          <ns3:TrackPointExtension>
            <ns3:hr>153</ns3:hr>
            <ns3:cad>78</ns3:cad>
          </ns3:TrackPointExtension>
        </extensions>
      </trkpt>
      <trkpt lat="40.77086574397981166839599609375" lon="-73.9782738871872425079345703125">
        <ele>21.200000762939453125</ele>
        <time>2025-09-27T00:07:08.000Z</time>
        <extensions>
          <ns3:TrackPointExtension>
            <ns3:hr>158</ns3:hr>
            <ns3:cad>84</ns3:cad>
          </ns3:TrackPointExtension>
        </extensions>
      </trkpt>
      <trkpt lat="40.7708515785634517669677734375" lon="-73.9782951772212982177734375">
        <ele>21</ele>
        <time>2025-09-27T00:07:09.000Z</time>
        <extensions>
          <ns3:TrackPointExtension>
            <ns3:hr>161</ns3:hr>
            <ns3:cad>84</ns3:cad>
          </ns3:TrackPointExtension>
        </extensions>
      </trkpt>
      <trkpt lat="40.77083875425159931182861328125" lon="-73.97831638343632221221923828125">
        <ele>21</ele>
        <time>2025-09-27T00:07:10.000Z</time>
        <extensions>
          <ns3:TrackPointExtension>
            <ns3:hr>155</ns3:hr>
            <ns3:cad>84</ns3:cad>
          </ns3:TrackPointExtension>
        </extensions>
      </trkpt>
      <trkpt lat="40.77082584612071514129638671875" lon="-73.97833608090877532958984375">
        <ele>20.799999237060546875</ele>
        <time>2025-09-27T00:07:11.000Z</time>
        <extensions>
          <ns3:TrackPointExtension>
            <ns3:hr>152</ns3:hr>
            <ns3:cad>84</ns3:cad>
          </ns3:TrackPointExtension>
        </extensions>
      </trkpt>
      <trkpt lat="40.77081427909433841705322265625" lon="-73.9783540181815624237060546875">
        <ele>20.799999237060546875</ele>
        <time>2025-09-27T00:07:12.000Z</time>
        <extensions>
          <ns3:TrackPointExtension>
            <ns3:hr>152</ns3:hr>
            <ns3:cad>83</ns3:cad>
          </ns3:TrackPointExtension>
        </extensions>
      </trkpt>
      <trkpt lat="40.77078762464225292205810546875" lon="-73.9783863723278045654296875">
        <ele>20.6000003814697265625</ele>
        <time>2025-09-27T00:07:14.000Z</time>
        <extensions>
          <ns3:TrackPointExtension>
            <ns3:hr>149</ns3:hr>
            <ns3:cad>82</ns3:cad>
          </ns3:TrackPointExtension>
        </extensions>
      </trkpt>
      <trkpt lat="40.77070950530469417572021484375" lon="-73.97846155799925327301025390625">
        <ele>20</ele>
        <time>2025-09-27T00:07:19.000Z</time>
        <extensions>
          <ns3:TrackPointExtension>
            <ns3:hr>143</ns3:hr>
            <ns3:cad>80</ns3:cad>
          </ns3:TrackPointExtension>
        </extensions>
      </trkpt>
      <trkpt lat="40.77067832462489604949951171875" lon="-73.97849692963063716888427734375">
        <ele>19.799999237060546875</ele>
        <time>2025-09-27T00:07:21.000Z</time>
        <extensions>
          <ns3:TrackPointExtension>
            <ns3:hr>146</ns3:hr>
            <ns3:cad>81</ns3:cad>
          </ns3:TrackPointExtension>
        </extensions>
      </trkpt>
      <trkpt lat="40.77055494301021099090576171875" lon="-73.9786862768232822418212890625">
        <ele>19.200000762939453125</ele>
        <time>2025-09-27T00:07:32.000Z</time>
        <extensions>
          <ns3:TrackPointExtension>
            <ns3:hr>144</ns3:hr>
            <ns3:cad>79</ns3:cad>
          </ns3:TrackPointExtension>
        </extensions>
      </trkpt>
      <trkpt lat="40.77043466269969940185546875" lon="-73.9788663201034069061279296875">
        <ele>19</ele>
        <time>2025-09-27T00:07:43.000Z</time>
        <extensions>
          <ns3:TrackPointExtension>
            <ns3:hr>145</ns3:hr>
            <ns3:cad>79</ns3:cad>
          </ns3:TrackPointExtension>
        </extensions>
      </trkpt>
      <trkpt lat="40.770384706556797027587890625" lon="-73.978949300944805145263671875">
        <ele>19.3999996185302734375</ele>
        <time>2025-09-27T00:07:48.000Z</time>
        <extensions>
          <ns3:TrackPointExtension>
            <ns3:hr>148</ns3:hr>
            <ns3:cad>76</ns3:cad>
          </ns3:TrackPointExtension>
        </extensions>
      </trkpt>
      <trkpt lat="40.7703376002609729766845703125" lon="-73.9790262468159198760986328125">
        <ele>19.799999237060546875</ele>
        <time>2025-09-27T00:07:52.000Z</time>
        <extensions>
          <ns3:TrackPointExtension>
            <ns3:hr>151</ns3:hr>
            <ns3:cad>80</ns3:cad>
          </ns3:TrackPointExtension>
        </extensions>
      </trkpt>
      <trkpt lat="40.77019334770739078521728515625" lon="-73.9791762828826904296875">
        <ele>21</ele>
        <time>2025-09-27T00:08:02.000Z</time>
        <extensions>
          <ns3:TrackPointExtension>
            <ns3:hr>149</ns3:hr>
            <ns3:cad>79</ns3:cad>
          </ns3:TrackPointExtension>
        </extensions>
      </trkpt>
      <trkpt lat="40.77002830803394317626953125" lon="-73.979318439960479736328125">
        <ele>21.6000003814697265625</ele>
        <time>2025-09-27T00:08:12.000Z</time>
        <extensions>
          <ns3:TrackPointExtension>
            <ns3:hr>150</ns3:hr>
            <ns3:cad>81</ns3:cad>
          </ns3:TrackPointExtension>
        </extensions>
      </trkpt>
      <trkpt lat="40.76987399719655513763427734375" lon="-73.97948666475713253021240234375">
        <ele>22</ele>
        <time>2025-09-27T00:08:23.000Z</time>
        <extensions>
          <ns3:TrackPointExtension>
            <ns3:hr>147</ns3:hr>
            <ns3:cad>82</ns3:cad>
          </ns3:TrackPointExtension>
        </extensions>
      </trkpt>
      <trkpt lat="40.76975279487669467926025390625" lon="-73.97955087013542652130126953125">
        <ele>21.6000003814697265625</ele>
        <time>2025-09-27T00:08:31.000Z</time>
        <extensions>
          <ns3:TrackPointExtension>
            <ns3:hr>150</ns3:hr>
            <ns3:cad>78</ns3:cad>
          </ns3:TrackPointExtension>
        </extensions>
      </trkpt>
      <trkpt lat="40.76958037912845611572265625" lon="-73.97966804914176464080810546875">
        <ele>21</ele>
        <time>2025-09-27T00:08:42.000Z</time>
        <extensions>
          <ns3:TrackPointExtension>
            <ns3:hr>149</ns3:hr>
            <ns3:cad>83</ns3:cad>
          </ns3:TrackPointExtension>
        </extensions>
      </trkpt>
      <trkpt lat="40.7694115675985813140869140625" lon="-73.979801237583160400390625">
        <ele>21</ele>
        <time>2025-09-27T00:08:54.000Z</time>
        <extensions>
          <ns3:TrackPointExtension>
            <ns3:hr>147</ns3:hr>
            <ns3:cad>83</ns3:cad>
          </ns3:TrackPointExtension>
        </extensions>
      </trkpt>
      <trkpt lat="40.76922389678657054901123046875" lon="-73.97984373383224010467529296875">
        <ele>21</ele>
        <time>2025-09-27T00:09:02.000Z</time>
        <extensions>
          <ns3:TrackPointExtension>
            <ns3:hr>145</ns3:hr>
            <ns3:cad>82</ns3:cad>
          </ns3:TrackPointExtension>
        </extensions>
      </trkpt>
      <trkpt lat="40.76913890428841114044189453125" lon="-73.979827724397182464599609375">
        <ele>21</ele>
        <time>2025-09-27T00:09:06.000Z</time>
        <extensions>
          <ns3:TrackPointExtension>
            <ns3:hr>148</ns3:hr>
            <ns3:cad>80</ns3:cad>
          </ns3:TrackPointExtension>
        </extensions>
      </trkpt>
      <trkpt lat="40.76904469169676303863525390625" lon="-73.9797782711684703826904296875">
        <ele>21</ele>
        <time>2025-09-27T00:09:12.000Z</time>
        <extensions>
          <ns3:TrackPointExtension>
            <ns3:hr>147</ns3:hr>
            <ns3:cad>80</ns3:cad>
          </ns3:TrackPointExtension>
        </extensions>
      </trkpt>
      <trkpt lat="40.76901317574083805084228515625" lon="-73.97964877076447010040283203125">
        <ele>21.3999996185302734375</ele>
        <time>2025-09-27T00:09:17.000Z</time>
        <extensions>
          <ns3:TrackPointExtension>
            <ns3:hr>151</ns3:hr>
            <ns3:cad>80</ns3:cad>
          </ns3:TrackPointExtension>
        </extensions>
      </trkpt>
      <trkpt lat="40.7690055482089519500732421875" lon="-73.97960317321121692657470703125">
        <ele>21.799999237060546875</ele>
        <time>2025-09-27T00:09:19.000Z</time>
        <extensions>
          <ns3:TrackPointExtension>
            <ns3:hr>154</ns3:hr>
            <ns3:cad>80</ns3:cad>
          </ns3:TrackPointExtension>
        </extensions>
      </trkpt>
      <trkpt lat="40.76895148493349552154541015625" lon="-73.979416005313396453857421875">
        <ele>23.6000003814697265625</ele>
        <time>2025-09-27T00:09:27.000Z</time>
        <extensions>
          <ns3:TrackPointExtension>
            <ns3:hr>149</ns3:hr>
            <ns3:cad>78</ns3:cad>
          </ns3:TrackPointExtension>
        </extensions>
      </trkpt>
      <trkpt lat="40.76891921460628509521484375" lon="-73.97929321043193340301513671875">
        <ele>24.3999996185302734375</ele>
        <time>2025-09-27T00:09:31.000Z</time>
        <extensions>
          <ns3:TrackPointExtension>
            <ns3:hr>146</ns3:hr>
            <ns3:cad>77</ns3:cad>
          </ns3:TrackPointExtension>
        </extensions>
      </trkpt>
      <trkpt lat="40.7689183764159679412841796875" lon="-73.97905281744897365570068359375">
        <ele>23.200000762939453125</ele>
        <time>2025-09-27T00:09:41.000Z</time>
        <extensions>
          <ns3:TrackPointExtension>
            <ns3:hr>145</ns3:hr>
            <ns3:cad>77</ns3:cad>
          </ns3:TrackPointExtension>
        </extensions>
      </trkpt>
      <trkpt lat="40.76882391236722469329833984375" lon="-73.9788502268493175506591796875">
        <ele>21.200000762939453125</ele>
        <time>2025-09-27T00:09:53.000Z</time>
        <extensions>
          <ns3:TrackPointExtension>
            <ns3:hr>146</ns3:hr>
            <ns3:cad>74</ns3:cad>
          </ns3:TrackPointExtension>
        </extensions>
      </trkpt>
      <trkpt lat="40.76870732009410858154296875" lon="-73.978661634027957916259765625">
        <ele>19.799999237060546875</ele>
        <time>2025-09-27T00:10:04.000Z</time>
        <extensions>
          <ns3:TrackPointExtension>
            <ns3:hr>144</ns3:hr>
            <ns3:cad>60</ns3:cad>
          </ns3:TrackPointExtension>
        </extensions>
      </trkpt>
      <trkpt lat="40.768645964562892913818359375" lon="-73.978559710085391998291015625">
        <ele>19.6000003814697265625</ele>
        <time>2025-09-27T00:10:10.000Z</time>
        <extensions>
          <ns3:TrackPointExtension>
            <ns3:hr>137</ns3:hr>
            <ns3:cad>60</ns3:cad>
          </ns3:TrackPointExtension>
        </extensions>
      </trkpt>
      <trkpt lat="40.76863531954586505889892578125" lon="-73.97854655049741268157958984375">
        <ele>19.6000003814697265625</ele>
        <time>2025-09-27T00:10:11.000Z</time>
        <extensions>
          <ns3:TrackPointExtension>
            <ns3:hr>137</ns3:hr>
            <ns3:cad>60</ns3:cad>
          </ns3:TrackPointExtension>
        </extensions>
      </trkpt>
      <trkpt lat="40.768601037561893463134765625" lon="-73.97848234511911869049072265625">
        <ele>19.3999996185302734375</ele>
        <time>2025-09-27T00:10:15.000Z</time>
        <extensions>
          <ns3:TrackPointExtension>
            <ns3:hr>134</ns3:hr>
            <ns3:cad>60</ns3:cad>
          </ns3:TrackPointExtension>
        </extensions>
      </trkpt>
      <trkpt lat="40.7685592956840991973876953125" lon="-73.9784180559217929840087890625">
        <ele>19</ele>
        <time>2025-09-27T00:10:19.000Z</time>
        <extensions>
          <ns3:TrackPointExtension>
            <ns3:hr>131</ns3:hr>
            <ns3:cad>60</ns3:cad>
          </ns3:TrackPointExtension>
        </extensions>
      </trkpt>
      <trkpt lat="40.7685140334069728851318359375" lon="-73.9783729612827301025390625">
        <ele>18.3999996185302734375</ele>
        <time>2025-09-27T00:10:23.000Z</time>
        <extensions>
          <ns3:TrackPointExtension>
            <ns3:hr>128</ns3:hr>
            <ns3:cad>60</ns3:cad>
          </ns3:TrackPointExtension>
        </extensions>
      </trkpt>
      <trkpt lat="40.76849408447742462158203125" lon="-73.9783453010022640228271484375">
        <ele>18.200000762939453125</ele>
        <time>2025-09-27T00:10:25.000Z</time>
        <extensions>
          <ns3:TrackPointExtension>
            <ns3:hr>126</ns3:hr>
            <ns3:cad>60</ns3:cad>
          </ns3:TrackPointExtension>
        </extensions>
      </trkpt>
      <trkpt lat="40.76843080110847949981689453125" lon="-73.97828117944300174713134765625">
        <ele>18</ele>
        <time>2025-09-27T00:10:30.000Z</time>
        <extensions>
          <ns3:TrackPointExtension>
            <ns3:hr>123</ns3:hr>
            <ns3:cad>57</ns3:cad>
          </ns3:TrackPointExtension>
        </extensions>
      </trkpt>
      <trkpt lat="40.76831144280731678009033203125" lon="-73.97809677757322788238525390625">
        <ele>18</ele>
        <time>2025-09-27T00:10:43.000Z</time>
        <extensions>
          <ns3:TrackPointExtension>
            <ns3:hr>121</ns3:hr>
            <ns3:cad>57</ns3:cad>
          </ns3:TrackPointExtension>
        </extensions>
      </trkpt>
      <trkpt lat="40.76821521855890750885009765625" lon="-73.97788412868976593017578125">
        <ele>17.3999996185302734375</ele>
        <time>2025-09-27T00:10:56.000Z</time>
        <extensions>
          <ns3:TrackPointExtension>
            <ns3:hr>121</ns3:hr>
            <ns3:cad>57</ns3:cad>
          </ns3:TrackPointExtension>
        </extensions>
      </trkpt>
      <trkpt lat="40.7681648433208465576171875" lon="-73.97773518227040767669677734375">
        <ele>17</ele>
        <time>2025-09-27T00:11:05.000Z</time>
        <extensions>
          <ns3:TrackPointExtension>
            <ns3:hr>118</ns3:hr>
            <ns3:cad>56</ns3:cad>
          </ns3:TrackPointExtension>
        </extensions>
      </trkpt>
      <trkpt lat="40.7681066729128360748291015625" lon="-73.97756754420697689056396484375">
        <ele>17</ele>
        <time>2025-09-27T00:11:16.000Z</time>
        <extensions>
          <ns3:TrackPointExtension>
            <ns3:hr>114</ns3:hr>
            <ns3:cad>57</ns3:cad>
          </ns3:TrackPointExtension>
        </extensions>
      </trkpt>
      <trkpt lat="40.76809384860098361968994140625" lon="-73.97732966579496860504150390625">
        <ele>16.3999996185302734375</ele>
        <time>2025-09-27T00:11:30.000Z</time>
        <extensions>
          <ns3:TrackPointExtension>
            <ns3:hr>115</ns3:hr>
            <ns3:cad>56</ns3:cad>
          </ns3:TrackPointExtension>
        </extensions>
      </trkpt>
      <trkpt lat="40.768136680126190185546875" lon="-73.97710628807544708251953125">
        <ele>16.6000003814697265625</ele>
        <time>2025-09-27T00:11:44.000Z</time>
        <extensions>
          <ns3:TrackPointExtension>
            <ns3:hr>113</ns3:hr>
            <ns3:cad>54</ns3:cad>
          </ns3:TrackPointExtension>
        </extensions>
      </trkpt>
      <trkpt lat="40.7681884802877902984619140625" lon="-73.97702288813889026641845703125">
        <ele>16.799999237060546875</ele>
        <time>2025-09-27T00:11:50.000Z</time>
        <extensions>
          <ns3:TrackPointExtension>
            <ns3:hr>109</ns3:hr>
            <ns3:cad>54</ns3:cad>
          </ns3:TrackPointExtension>
        </extensions>
      </trkpt>
      <trkpt lat="40.76820733956992626190185546875" lon="-73.97700143046677112579345703125">
        <ele>16.799999237060546875</ele>
        <time>2025-09-27T00:11:52.000Z</time>
        <extensions>
          <ns3:TrackPointExtension>
            <ns3:hr>113</ns3:hr>
            <ns3:cad>54</ns3:cad>
          </ns3:TrackPointExtension>
        </extensions>
      </trkpt>
      <trkpt lat="40.7682411186397075653076171875" lon="-73.9769589342176914215087890625">
        <ele>16.6000003814697265625</ele>
        <time>2025-09-27T00:11:56.000Z</time>
        <extensions>
          <ns3:TrackPointExtension>
            <ns3:hr>116</ns3:hr>
            <ns3:cad>55</ns3:cad>
          </ns3:TrackPointExtension>
        </extensions>
      </trkpt>
      <trkpt lat="40.7683923281729221343994140625" lon="-73.97680428810417652130126953125">
        <ele>15.6000003814697265625</ele>
        <time>2025-09-27T00:12:10.000Z</time>
        <extensions>
          <ns3:TrackPointExtension>
            <ns3:hr>116</ns3:hr>
            <ns3:cad>54</ns3:cad>
          </ns3:TrackPointExtension>
        </extensions>
      </trkpt>
      <trkpt lat="40.7684147916734218597412109375" lon="-73.97678442299365997314453125">
        <ele>15.3999996185302734375</ele>
        <time>2025-09-27T00:12:12.000Z</time>
        <extensions>
          <ns3:TrackPointExtension>
            <ns3:hr>112</ns3:hr>
            <ns3:cad>56</ns3:cad>
          </ns3:TrackPointExtension>
        </extensions>
      </trkpt>
      <trkpt lat="40.7684697769582271575927734375" lon="-73.9767252467572689056396484375">
        <ele>15</ele>
        <time>2025-09-27T00:12:17.000Z</time>
        <extensions>
          <ns3:TrackPointExtension>
            <ns3:hr>109</ns3:hr>
            <ns3:cad>54</ns3:cad>
          </ns3:TrackPointExtension>
        </extensions>
      </trkpt>
      <trkpt lat="40.768535993993282318115234375" lon="-73.9765586145222187042236328125">
        <ele>15</ele>
        <time>2025-09-27T00:12:27.000Z</time>
        <extensions>
          <ns3:TrackPointExtension>
            <ns3:hr>112</ns3:hr>
            <ns3:cad>54</ns3:cad>
          </ns3:TrackPointExtension>
        </extensions>
      </trkpt>
      <trkpt lat="40.768617130815982818603515625" lon="-73.97639877162873744964599609375">
        <ele>15</ele>
        <time>2025-09-27T00:12:39.000Z</time>
        <extensions>
          <ns3:TrackPointExtension>
            <ns3:hr>109</ns3:hr>
            <ns3:cad>55</ns3:cad>
          </ns3:TrackPointExtension>
        </extensions>
      </trkpt>
      <trkpt lat="40.7686759717762470245361328125" lon="-73.97636474110186100006103515625">
        <ele>15</ele>
        <time>2025-09-27T00:12:44.000Z</time>
        <extensions>
          <ns3:TrackPointExtension>
            <ns3:hr>108</ns3:hr>
            <ns3:cad>54</ns3:cad>
          </ns3:TrackPointExtension>
        </extensions>
      </trkpt>
      <trkpt lat="40.768713019788265228271484375" lon="-73.9763608016073703765869140625">
        <ele>15</ele>
        <time>2025-09-27T00:12:47.000Z</time>
        <extensions>
          <ns3:TrackPointExtension>
            <ns3:hr>107</ns3:hr>
            <ns3:cad>54</ns3:cad>
          </ns3:TrackPointExtension>
        </extensions>
      </trkpt>
      <trkpt lat="40.7687758840620517730712890625" lon="-73.97640086710453033447265625">
        <ele>15.19999980926513671875</ele>
        <time>2025-09-27T00:12:52.000Z</time>
        <extensions>
          <ns3:TrackPointExtension>
            <ns3:hr>108</ns3:hr>
            <ns3:cad>53</ns3:cad>
          </ns3:TrackPointExtension>
        </extensions>
      </trkpt>
      <trkpt lat="40.7687936536967754364013671875" lon="-73.97643028758466243743896484375">
        <ele>15.19999980926513671875</ele>
        <time>2025-09-27T00:12:54.000Z</time>
        <extensions>
          <ns3:TrackPointExtension>
            <ns3:hr>108</ns3:hr>
            <ns3:cad>54</ns3:cad>
          </ns3:TrackPointExtension>
        </extensions>
      </trkpt>
    </trkseg>
  </trk>
</gpx>
