<gpx xmlns:ns3="http://www.garmin.com/xmlschemas/TrackPointExtension/v1" xmlns="http://www.topografix.com/GPX/1/1" xmlns:xsi="http://www.w3.org/2001/XMLSchema-instance" xmlns:ns2="http://www.garmin.com/xmlschemas/GpxExtensions/v3" creator="Garmin Connect" version="1.1" xsi:schemaLocation="http://www.topografix.com/GPX/1/1 http://www.topografix.com/GPX/11.xsd">
  <extensions>
<distance>10020.55</distance>
<average_hr>163.0</average_hr>
<average_speed>2.4649999141693115</average_speed>
<start_time>2025-10-04T16:55:00+00:00</start_time>
<end_time>2025-10-04T18:02:44.492000+00:00</end_time>
<moving_time>4064.492</moving_time>
<elapsed_time>4064.492</elapsed_time>
</extensions>
<metadata>
    <link href="connect.garmin.com">
      <text>Garmin Connect</text>
    </link>
    <time>2025-10-04T16:55:00.000Z</time>
  </metadata>
  <trk>
    <name>New York Running</name>
    <type>running</type>
    <trkseg>
      <trkpt lat="40.7680355943739414215087890625" lon="-73.98068125359714031219482421875">
        <ele>23</ele>
        <time>2025-10-04T16:55:00.000Z</time>
        <extensions>
          <ns3:TrackPointExtension>
            <ns3:hr>69</ns3:hr>
            <ns3:cad>60</ns3:cad>
          </ns3:TrackPointExtension>
        </extensions>
      </trkpt>
      <trkpt lat="40.768038444221019744873046875" lon="-73.98066817782819271087646484375">
        <ele>23</ele>
        <time>2025-10-04T16:55:01.000Z</time>
        <extensions>
          <ns3:TrackPointExtension>
            <ns3:hr>70</ns3:hr>
            <ns3:cad>60</ns3:cad>
          </ns3:TrackPointExtension>
        </extensions>
      </trkpt>
      <trkpt lat="40.76804037205874919891357421875" lon="-73.9806077443063259124755859375">
        <ele>23</ele>
        <time>2025-10-04T16:55:03.000Z</time>
        <extensions>
          <ns3:TrackPointExtension>
            <ns3:hr>70</ns3:hr>
            <ns3:cad>53</ns3:cad>
          </ns3:TrackPointExtension>
        </extensions>
      </trkpt>
      <trkpt lat="40.76803567819297313690185546875" lon="-73.9803696982562541961669921875">
        <ele>23</ele>
        <time>2025-10-04T16:55:09.000Z</time>
        <extensions>
          <ns3:TrackPointExtension>
            <ns3:hr>79</ns3:hr>
            <ns3:cad>86</ns3:cad>
          </ns3:TrackPointExtension>
        </extensions>
      </trkpt>
      <trkpt lat="40.76803601346909999847412109375" lon="-73.98032887838780879974365234375">
        <ele>23</ele>
        <time>2025-10-04T16:55:10.000Z</time>
        <extensions>
          <ns3:TrackPointExtension>
            <ns3:hr>82</ns3:hr>
            <ns3:cad>85</ns3:cad>
          </ns3:TrackPointExtension>
        </extensions>
      </trkpt>
      <trkpt lat="40.7680312357842922210693359375" lon="-73.9802054129540920257568359375">
        <ele>23</ele>
        <time>2025-10-04T16:55:14.000Z</time>
        <extensions>
          <ns3:TrackPointExtension>
            <ns3:hr>89</ns3:hr>
            <ns3:cad>88</ns3:cad>
          </ns3:TrackPointExtension>
        </extensions>
      </trkpt>
      <trkpt lat="40.7680241949856281280517578125" lon="-73.98017783649265766143798828125">
        <ele>23</ele>
        <time>2025-10-04T16:55:15.000Z</time>
        <extensions>
          <ns3:TrackPointExtension>
            <ns3:hr>92</ns3:hr>
            <ns3:cad>88</ns3:cad>
          </ns3:TrackPointExtension>
        </extensions>
      </trkpt>
      <trkpt lat="40.76800617389380931854248046875" lon="-73.9801225997507572174072265625">
        <ele>23.200000762939453125</ele>
        <time>2025-10-04T16:55:17.000Z</time>
        <extensions>
          <ns3:TrackPointExtension>
            <ns3:hr>99</ns3:hr>
            <ns3:cad>88</ns3:cad>
          </ns3:TrackPointExtension>
        </extensions>
      </trkpt>
      <trkpt lat="40.76797985471785068511962890625" lon="-73.9800632558763027191162109375">
        <ele>23.6000003814697265625</ele>
        <time>2025-10-04T16:55:19.000Z</time>
        <extensions>
          <ns3:TrackPointExtension>
            <ns3:hr>102</ns3:hr>
            <ns3:cad>88</ns3:cad>
          </ns3:TrackPointExtension>
        </extensions>
      </trkpt>
      <trkpt lat="40.7679655216634273529052734375" lon="-73.9800337515771389007568359375">
        <ele>23.6000003814697265625</ele>
        <time>2025-10-04T16:55:20.000Z</time>
        <extensions>
          <ns3:TrackPointExtension>
            <ns3:hr>106</ns3:hr>
            <ns3:cad>88</ns3:cad>
          </ns3:TrackPointExtension>
        </extensions>
      </trkpt>
      <trkpt lat="40.76795504428446292877197265625" lon="-73.98000332526862621307373046875">
        <ele>23.799999237060546875</ele>
        <time>2025-10-04T16:55:21.000Z</time>
        <extensions>
          <ns3:TrackPointExtension>
            <ns3:hr>109</ns3:hr>
            <ns3:cad>88</ns3:cad>
          </ns3:TrackPointExtension>
        </extensions>
      </trkpt>
      <trkpt lat="40.76793492771685123443603515625" lon="-73.97994465194642543792724609375">
        <ele>24</ele>
        <time>2025-10-04T16:55:23.000Z</time>
        <extensions>
          <ns3:TrackPointExtension>
            <ns3:hr>115</ns3:hr>
            <ns3:cad>86</ns3:cad>
          </ns3:TrackPointExtension>
        </extensions>
      </trkpt>
      <trkpt lat="40.7679199241101741790771484375" lon="-73.97988514043390750885009765625">
        <ele>24</ele>
        <time>2025-10-04T16:55:25.000Z</time>
        <extensions>
          <ns3:TrackPointExtension>
            <ns3:hr>120</ns3:hr>
            <ns3:cad>85</ns3:cad>
          </ns3:TrackPointExtension>
        </extensions>
      </trkpt>
      <trkpt lat="40.76788899488747119903564453125" lon="-73.9798302389681339263916015625">
        <ele>24</ele>
        <time>2025-10-04T16:55:27.000Z</time>
        <extensions>
          <ns3:TrackPointExtension>
            <ns3:hr>125</ns3:hr>
            <ns3:cad>85</ns3:cad>
          </ns3:TrackPointExtension>
        </extensions>
      </trkpt>
      <trkpt lat="40.7678719796240329742431640625" lon="-73.97980165667831897735595703125">
        <ele>24</ele>
        <time>2025-10-04T16:55:28.000Z</time>
        <extensions>
          <ns3:TrackPointExtension>
            <ns3:hr>125</ns3:hr>
            <ns3:cad>87</ns3:cad>
          </ns3:TrackPointExtension>
        </extensions>
      </trkpt>
      <trkpt lat="40.7677920162677764892578125" lon="-73.97964223287999629974365234375">
        <ele>23.799999237060546875</ele>
        <time>2025-10-04T16:55:33.000Z</time>
        <extensions>
          <ns3:TrackPointExtension>
            <ns3:hr>128</ns3:hr>
            <ns3:cad>88</ns3:cad>
          </ns3:TrackPointExtension>
        </extensions>
      </trkpt>
      <trkpt lat="40.76777885667979717254638671875" lon="-73.97960476577281951904296875">
        <ele>23.6000003814697265625</ele>
        <time>2025-10-04T16:55:34.000Z</time>
        <extensions>
          <ns3:TrackPointExtension>
            <ns3:hr>131</ns3:hr>
            <ns3:cad>87</ns3:cad>
          </ns3:TrackPointExtension>
        </extensions>
      </trkpt>
      <trkpt lat="40.7677707262337207794189453125" lon="-73.9795650355517864227294921875">
        <ele>23.3999996185302734375</ele>
        <time>2025-10-04T16:55:35.000Z</time>
        <extensions>
          <ns3:TrackPointExtension>
            <ns3:hr>137</ns3:hr>
            <ns3:cad>87</ns3:cad>
          </ns3:TrackPointExtension>
        </extensions>
      </trkpt>
      <trkpt lat="40.76776125468313694000244140625" lon="-73.9795301668345928192138671875">
        <ele>23.3999996185302734375</ele>
        <time>2025-10-04T16:55:36.000Z</time>
        <extensions>
          <ns3:TrackPointExtension>
            <ns3:hr>141</ns3:hr>
            <ns3:cad>87</ns3:cad>
          </ns3:TrackPointExtension>
        </extensions>
      </trkpt>
      <trkpt lat="40.76775471679866313934326171875" lon="-73.9794946275651454925537109375">
        <ele>23.200000762939453125</ele>
        <time>2025-10-04T16:55:37.000Z</time>
        <extensions>
          <ns3:TrackPointExtension>
            <ns3:hr>141</ns3:hr>
            <ns3:cad>87</ns3:cad>
          </ns3:TrackPointExtension>
        </extensions>
      </trkpt>
      <trkpt lat="40.76775102876126766204833984375" lon="-73.97942648269236087799072265625">
        <ele>23</ele>
        <time>2025-10-04T16:55:39.000Z</time>
        <extensions>
          <ns3:TrackPointExtension>
            <ns3:hr>145</ns3:hr>
            <ns3:cad>88</ns3:cad>
          </ns3:TrackPointExtension>
        </extensions>
      </trkpt>
      <trkpt lat="40.76775354333221912384033203125" lon="-73.979392535984516143798828125">
        <ele>22.799999237060546875</ele>
        <time>2025-10-04T16:55:40.000Z</time>
        <extensions>
          <ns3:TrackPointExtension>
            <ns3:hr>148</ns3:hr>
            <ns3:cad>88</ns3:cad>
          </ns3:TrackPointExtension>
        </extensions>
      </trkpt>
      <trkpt lat="40.76776477508246898651123046875" lon="-73.97932606749236583709716796875">
        <ele>22.6000003814697265625</ele>
        <time>2025-10-04T16:55:42.000Z</time>
        <extensions>
          <ns3:TrackPointExtension>
            <ns3:hr>152</ns3:hr>
            <ns3:cad>87</ns3:cad>
          </ns3:TrackPointExtension>
        </extensions>
      </trkpt>
      <trkpt lat="40.76777332462370395660400390625" lon="-73.9792927913367748260498046875">
        <ele>22.3999996185302734375</ele>
        <time>2025-10-04T16:55:43.000Z</time>
        <extensions>
          <ns3:TrackPointExtension>
            <ns3:hr>155</ns3:hr>
            <ns3:cad>87</ns3:cad>
          </ns3:TrackPointExtension>
        </extensions>
      </trkpt>
      <trkpt lat="40.76778589747846126556396484375" lon="-73.97923621349036693572998046875">
        <ele>22</ele>
        <time>2025-10-04T16:55:45.000Z</time>
        <extensions>
          <ns3:TrackPointExtension>
            <ns3:hr>150</ns3:hr>
            <ns3:cad>88</ns3:cad>
          </ns3:TrackPointExtension>
        </extensions>
      </trkpt>
      <trkpt lat="40.76779478229582309722900390625" lon="-73.97917754016816616058349609375">
        <ele>21.6000003814697265625</ele>
        <time>2025-10-04T16:55:47.000Z</time>
        <extensions>
          <ns3:TrackPointExtension>
            <ns3:hr>147</ns3:hr>
            <ns3:cad>88</ns3:cad>
          </ns3:TrackPointExtension>
        </extensions>
      </trkpt>
      <trkpt lat="40.7678052596747875213623046875" lon="-73.9791083894670009613037109375">
        <ele>21.200000762939453125</ele>
        <time>2025-10-04T16:55:49.000Z</time>
        <extensions>
          <ns3:TrackPointExtension>
            <ns3:hr>144</ns3:hr>
            <ns3:cad>86</ns3:cad>
          </ns3:TrackPointExtension>
        </extensions>
      </trkpt>
      <trkpt lat="40.7678190059959888458251953125" lon="-73.97903001867234706878662109375">
        <ele>20.799999237060546875</ele>
        <time>2025-10-04T16:55:51.000Z</time>
        <extensions>
          <ns3:TrackPointExtension>
            <ns3:hr>141</ns3:hr>
            <ns3:cad>87</ns3:cad>
          </ns3:TrackPointExtension>
        </extensions>
      </trkpt>
      <trkpt lat="40.76783451251685619354248046875" lon="-73.978954665362834930419921875">
        <ele>20.200000762939453125</ele>
        <time>2025-10-04T16:55:53.000Z</time>
        <extensions>
          <ns3:TrackPointExtension>
            <ns3:hr>137</ns3:hr>
            <ns3:cad>87</ns3:cad>
          </ns3:TrackPointExtension>
        </extensions>
      </trkpt>
      <trkpt lat="40.767844654619693756103515625" lon="-73.97891535423696041107177734375">
        <ele>20.200000762939453125</ele>
        <time>2025-10-04T16:55:54.000Z</time>
        <extensions>
          <ns3:TrackPointExtension>
            <ns3:hr>134</ns3:hr>
            <ns3:cad>87</ns3:cad>
          </ns3:TrackPointExtension>
        </extensions>
      </trkpt>
      <trkpt lat="40.7678528688848018646240234375" lon="-73.9788763783872127532958984375">
        <ele>20</ele>
        <time>2025-10-04T16:55:55.000Z</time>
        <extensions>
          <ns3:TrackPointExtension>
            <ns3:hr>134</ns3:hr>
            <ns3:cad>87</ns3:cad>
          </ns3:TrackPointExtension>
        </extensions>
      </trkpt>
      <trkpt lat="40.76781355775892734527587890625" lon="-73.97864076308906078338623046875">
        <ele>18.6000003814697265625</ele>
        <time>2025-10-04T16:56:02.000Z</time>
        <extensions>
          <ns3:TrackPointExtension>
            <ns3:hr>132</ns3:hr>
            <ns3:cad>87</ns3:cad>
          </ns3:TrackPointExtension>
        </extensions>
      </trkpt>
      <trkpt lat="40.76772655360400676727294921875" lon="-73.9784921519458293914794921875">
        <ele>18.6000003814697265625</ele>
        <time>2025-10-04T16:56:07.000Z</time>
        <extensions>
          <ns3:TrackPointExtension>
            <ns3:hr>138</ns3:hr>
            <ns3:cad>87</ns3:cad>
          </ns3:TrackPointExtension>
        </extensions>
      </trkpt>
      <trkpt lat="40.7677090354263782501220703125" lon="-73.9784680120646953582763671875">
        <ele>18.6000003814697265625</ele>
        <time>2025-10-04T16:56:08.000Z</time>
        <extensions>
          <ns3:TrackPointExtension>
            <ns3:hr>142</ns3:hr>
            <ns3:cad>87</ns3:cad>
          </ns3:TrackPointExtension>
        </extensions>
      </trkpt>
      <trkpt lat="40.76769202016294002532958984375" lon="-73.97844135761260986328125">
        <ele>18.3999996185302734375</ele>
        <time>2025-10-04T16:56:09.000Z</time>
        <extensions>
          <ns3:TrackPointExtension>
            <ns3:hr>145</ns3:hr>
            <ns3:cad>87</ns3:cad>
          </ns3:TrackPointExtension>
        </extensions>
      </trkpt>
      <trkpt lat="40.76766452752053737640380859375" lon="-73.97837908007204532623291015625">
        <ele>18.200000762939453125</ele>
        <time>2025-10-04T16:56:11.000Z</time>
        <extensions>
          <ns3:TrackPointExtension>
            <ns3:hr>142</ns3:hr>
            <ns3:cad>87</ns3:cad>
          </ns3:TrackPointExtension>
        </extensions>
      </trkpt>
      <trkpt lat="40.76759160496294498443603515625" lon="-73.97823943756520748138427734375">
        <ele>18.200000762939453125</ele>
        <time>2025-10-04T16:56:16.000Z</time>
        <extensions>
          <ns3:TrackPointExtension>
            <ns3:hr>145</ns3:hr>
            <ns3:cad>86</ns3:cad>
          </ns3:TrackPointExtension>
        </extensions>
      </trkpt>
      <trkpt lat="40.76751130633056163787841796875" lon="-73.97806174121797084808349609375">
        <ele>18</ele>
        <time>2025-10-04T16:56:23.000Z</time>
        <extensions>
          <ns3:TrackPointExtension>
            <ns3:hr>142</ns3:hr>
            <ns3:cad>87</ns3:cad>
          </ns3:TrackPointExtension>
        </extensions>
      </trkpt>
      <trkpt lat="40.76745296828448772430419921875" lon="-73.97794355638325214385986328125">
        <ele>17.799999237060546875</ele>
        <time>2025-10-04T16:56:27.000Z</time>
        <extensions>
          <ns3:TrackPointExtension>
            <ns3:hr>139</ns3:hr>
            <ns3:cad>88</ns3:cad>
          </ns3:TrackPointExtension>
        </extensions>
      </trkpt>
      <trkpt lat="40.7674059458076953887939453125" lon="-73.977844901382923126220703125">
        <ele>17.799999237060546875</ele>
        <time>2025-10-04T16:56:30.000Z</time>
        <extensions>
          <ns3:TrackPointExtension>
            <ns3:hr>136</ns3:hr>
            <ns3:cad>87</ns3:cad>
          </ns3:TrackPointExtension>
        </extensions>
      </trkpt>
      <trkpt lat="40.7673563249409198760986328125" lon="-73.97770048119127750396728515625">
        <ele>18</ele>
        <time>2025-10-04T16:56:34.000Z</time>
        <extensions>
          <ns3:TrackPointExtension>
            <ns3:hr>140</ns3:hr>
            <ns3:cad>88</ns3:cad>
          </ns3:TrackPointExtension>
        </extensions>
      </trkpt>
      <trkpt lat="40.7673107273876667022705078125" lon="-73.97756159305572509765625">
        <ele>18.200000762939453125</ele>
        <time>2025-10-04T16:56:38.000Z</time>
        <extensions>
          <ns3:TrackPointExtension>
            <ns3:hr>143</ns3:hr>
            <ns3:cad>87</ns3:cad>
          </ns3:TrackPointExtension>
        </extensions>
      </trkpt>
      <trkpt lat="40.7672582566738128662109375" lon="-73.97735397331416606903076171875">
        <ele>18.799999237060546875</ele>
        <time>2025-10-04T16:56:44.000Z</time>
        <extensions>
          <ns3:TrackPointExtension>
            <ns3:hr>140</ns3:hr>
            <ns3:cad>88</ns3:cad>
          </ns3:TrackPointExtension>
        </extensions>
      </trkpt>
      <trkpt lat="40.76723084785044193267822265625" lon="-73.97713168524205684661865234375">
        <ele>19.799999237060546875</ele>
        <time>2025-10-04T16:56:50.000Z</time>
        <extensions>
          <ns3:TrackPointExtension>
            <ns3:hr>143</ns3:hr>
            <ns3:cad>86</ns3:cad>
          </ns3:TrackPointExtension>
        </extensions>
      </trkpt>
      <trkpt lat="40.767234452068805694580078125" lon="-73.97693621926009654998779296875">
        <ele>20</ele>
        <time>2025-10-04T16:56:56.000Z</time>
        <extensions>
          <ns3:TrackPointExtension>
            <ns3:hr>147</ns3:hr>
            <ns3:cad>87</ns3:cad>
          </ns3:TrackPointExtension>
        </extensions>
      </trkpt>
      <trkpt lat="40.76723570935428142547607421875" lon="-73.97690872661769390106201171875">
        <ele>20</ele>
        <time>2025-10-04T16:56:57.000Z</time>
        <extensions>
          <ns3:TrackPointExtension>
            <ns3:hr>153</ns3:hr>
            <ns3:cad>87</ns3:cad>
          </ns3:TrackPointExtension>
        </extensions>
      </trkpt>
      <trkpt lat="40.76723746955394744873046875" lon="-73.97688056342303752899169921875">
        <ele>20.200000762939453125</ele>
        <time>2025-10-04T16:56:58.000Z</time>
        <extensions>
          <ns3:TrackPointExtension>
            <ns3:hr>156</ns3:hr>
            <ns3:cad>87</ns3:cad>
          </ns3:TrackPointExtension>
        </extensions>
      </trkpt>
      <trkpt lat="40.76724140904843807220458984375" lon="-73.9768536575138568878173828125">
        <ele>20.200000762939453125</ele>
        <time>2025-10-04T16:56:59.000Z</time>
        <extensions>
          <ns3:TrackPointExtension>
            <ns3:hr>159</ns3:hr>
            <ns3:cad>86</ns3:cad>
          </ns3:TrackPointExtension>
        </extensions>
      </trkpt>
      <trkpt lat="40.7673238031566143035888671875" lon="-73.97661854512989521026611328125">
        <ele>21</ele>
        <time>2025-10-04T16:57:08.000Z</time>
        <extensions>
          <ns3:TrackPointExtension>
            <ns3:hr>157</ns3:hr>
            <ns3:cad>87</ns3:cad>
          </ns3:TrackPointExtension>
        </extensions>
      </trkpt>
      <trkpt lat="40.7674327678978443145751953125" lon="-73.9764268510043621063232421875">
        <ele>20.799999237060546875</ele>
        <time>2025-10-04T16:57:16.000Z</time>
        <extensions>
          <ns3:TrackPointExtension>
            <ns3:hr>159</ns3:hr>
            <ns3:cad>87</ns3:cad>
          </ns3:TrackPointExtension>
        </extensions>
      </trkpt>
      <trkpt lat="40.76759018003940582275390625" lon="-73.9762769825756549835205078125">
        <ele>19.3999996185302734375</ele>
        <time>2025-10-04T16:57:23.000Z</time>
        <extensions>
          <ns3:TrackPointExtension>
            <ns3:hr>159</ns3:hr>
            <ns3:cad>89</ns3:cad>
          </ns3:TrackPointExtension>
        </extensions>
      </trkpt>
      <trkpt lat="40.76775379478931427001953125" lon="-73.976175896823406219482421875">
        <ele>19</ele>
        <time>2025-10-04T16:57:30.000Z</time>
        <extensions>
          <ns3:TrackPointExtension>
            <ns3:hr>159</ns3:hr>
            <ns3:cad>91</ns3:cad>
          </ns3:TrackPointExtension>
        </extensions>
      </trkpt>
      <trkpt lat="40.7679262943565845489501953125" lon="-73.97609400562942028045654296875">
        <ele>19</ele>
        <time>2025-10-04T16:57:38.000Z</time>
        <extensions>
          <ns3:TrackPointExtension>
            <ns3:hr>160</ns3:hr>
            <ns3:cad>87</ns3:cad>
          </ns3:TrackPointExtension>
        </extensions>
      </trkpt>
      <trkpt lat="40.76811212114989757537841796875" lon="-73.97600431926548480987548828125">
        <ele>17.3999996185302734375</ele>
        <time>2025-10-04T16:57:46.000Z</time>
        <extensions>
          <ns3:TrackPointExtension>
            <ns3:hr>159</ns3:hr>
            <ns3:cad>89</ns3:cad>
          </ns3:TrackPointExtension>
        </extensions>
      </trkpt>
      <trkpt lat="40.76829425990581512451171875" lon="-73.975892923772335052490234375">
        <ele>16</ele>
        <time>2025-10-04T16:57:55.000Z</time>
        <extensions>
          <ns3:TrackPointExtension>
            <ns3:hr>159</ns3:hr>
            <ns3:cad>86</ns3:cad>
          </ns3:TrackPointExtension>
        </extensions>
      </trkpt>
      <trkpt lat="40.76840364374220371246337890625" lon="-73.9758270420134067535400390625">
        <ele>15.3999996185302734375</ele>
        <time>2025-10-04T16:57:59.000Z</time>
        <extensions>
          <ns3:TrackPointExtension>
            <ns3:hr>158</ns3:hr>
            <ns3:cad>88</ns3:cad>
          </ns3:TrackPointExtension>
        </extensions>
      </trkpt>
      <trkpt lat="40.76857446692883968353271484375" lon="-73.97571782581508159637451171875">
        <ele>15.6000003814697265625</ele>
        <time>2025-10-04T16:58:06.000Z</time>
        <extensions>
          <ns3:TrackPointExtension>
            <ns3:hr>159</ns3:hr>
            <ns3:cad>87</ns3:cad>
          </ns3:TrackPointExtension>
        </extensions>
      </trkpt>
      <trkpt lat="40.76874084770679473876953125" lon="-73.97561925463378429412841796875">
        <ele>16.799999237060546875</ele>
        <time>2025-10-04T16:58:13.000Z</time>
        <extensions>
          <ns3:TrackPointExtension>
            <ns3:hr>158</ns3:hr>
            <ns3:cad>87</ns3:cad>
          </ns3:TrackPointExtension>
        </extensions>
      </trkpt>
      <trkpt lat="40.7687634788453578948974609375" lon="-73.9756064303219318389892578125">
        <ele>17</ele>
        <time>2025-10-04T16:58:14.000Z</time>
        <extensions>
          <ns3:TrackPointExtension>
            <ns3:hr>160</ns3:hr>
            <ns3:cad>87</ns3:cad>
          </ns3:TrackPointExtension>
        </extensions>
      </trkpt>
      <trkpt lat="40.7689265906810760498046875" lon="-73.9755112119019031524658203125">
        <ele>18.200000762939453125</ele>
        <time>2025-10-04T16:58:21.000Z</time>
        <extensions>
          <ns3:TrackPointExtension>
            <ns3:hr>163</ns3:hr>
            <ns3:cad>85</ns3:cad>
          </ns3:TrackPointExtension>
        </extensions>
      </trkpt>
      <trkpt lat="40.76895366422832012176513671875" lon="-73.97549352608621120452880859375">
        <ele>18.3999996185302734375</ele>
        <time>2025-10-04T16:58:22.000Z</time>
        <extensions>
          <ns3:TrackPointExtension>
            <ns3:hr>169</ns3:hr>
            <ns3:cad>85</ns3:cad>
          </ns3:TrackPointExtension>
        </extensions>
      </trkpt>
      <trkpt lat="40.768977887928485870361328125" lon="-73.9754780195653438568115234375">
        <ele>18.6000003814697265625</ele>
        <time>2025-10-04T16:58:23.000Z</time>
        <extensions>
          <ns3:TrackPointExtension>
            <ns3:hr>173</ns3:hr>
            <ns3:cad>86</ns3:cad>
          </ns3:TrackPointExtension>
        </extensions>
      </trkpt>
      <trkpt lat="40.76900102198123931884765625" lon="-73.97546167485415935516357421875">
        <ele>18.799999237060546875</ele>
        <time>2025-10-04T16:58:24.000Z</time>
        <extensions>
          <ns3:TrackPointExtension>
            <ns3:hr>173</ns3:hr>
            <ns3:cad>87</ns3:cad>
          </ns3:TrackPointExtension>
        </extensions>
      </trkpt>
      <trkpt lat="40.769024156033992767333984375" lon="-73.97544734179973602294921875">
        <ele>18.799999237060546875</ele>
        <time>2025-10-04T16:58:25.000Z</time>
        <extensions>
          <ns3:TrackPointExtension>
            <ns3:hr>169</ns3:hr>
            <ns3:cad>87</ns3:cad>
          </ns3:TrackPointExtension>
        </extensions>
      </trkpt>
      <trkpt lat="40.76906665228307247161865234375" lon="-73.9754203520715236663818359375">
        <ele>19.200000762939453125</ele>
        <time>2025-10-04T16:58:27.000Z</time>
        <extensions>
          <ns3:TrackPointExtension>
            <ns3:hr>164</ns3:hr>
            <ns3:cad>86</ns3:cad>
          </ns3:TrackPointExtension>
        </extensions>
      </trkpt>
      <trkpt lat="40.76923177577555179595947265625" lon="-73.9752882532775402069091796875">
        <ele>19.6000003814697265625</ele>
        <time>2025-10-04T16:58:35.000Z</time>
        <extensions>
          <ns3:TrackPointExtension>
            <ns3:hr>161</ns3:hr>
            <ns3:cad>87</ns3:cad>
          </ns3:TrackPointExtension>
        </extensions>
      </trkpt>
      <trkpt lat="40.769389607012271881103515625" lon="-73.975155316293239593505859375">
        <ele>19.799999237060546875</ele>
        <time>2025-10-04T16:58:43.000Z</time>
        <extensions>
          <ns3:TrackPointExtension>
            <ns3:hr>162</ns3:hr>
            <ns3:cad>86</ns3:cad>
          </ns3:TrackPointExtension>
        </extensions>
      </trkpt>
      <trkpt lat="40.769505612552165985107421875" lon="-73.97503201849758625030517578125">
        <ele>19.3999996185302734375</ele>
        <time>2025-10-04T16:58:49.000Z</time>
        <extensions>
          <ns3:TrackPointExtension>
            <ns3:hr>164</ns3:hr>
            <ns3:cad>87</ns3:cad>
          </ns3:TrackPointExtension>
        </extensions>
      </trkpt>
      <trkpt lat="40.76964877545833587646484375" lon="-73.9748470298945903778076171875">
        <ele>18.799999237060546875</ele>
        <time>2025-10-04T16:58:58.000Z</time>
        <extensions>
          <ns3:TrackPointExtension>
            <ns3:hr>164</ns3:hr>
            <ns3:cad>87</ns3:cad>
          </ns3:TrackPointExtension>
        </extensions>
      </trkpt>
      <trkpt lat="40.7696683891117572784423828125" lon="-73.9748285897076129913330078125">
        <ele>19</ele>
        <time>2025-10-04T16:58:59.000Z</time>
        <extensions>
          <ns3:TrackPointExtension>
            <ns3:hr>164</ns3:hr>
            <ns3:cad>87</ns3:cad>
          </ns3:TrackPointExtension>
        </extensions>
      </trkpt>
      <trkpt lat="40.76975212432444095611572265625" lon="-73.97471618838608264923095703125">
        <ele>19.200000762939453125</ele>
        <time>2025-10-04T16:59:04.000Z</time>
        <extensions>
          <ns3:TrackPointExtension>
            <ns3:hr>164</ns3:hr>
            <ns3:cad>87</ns3:cad>
          </ns3:TrackPointExtension>
        </extensions>
      </trkpt>
      <trkpt lat="40.76986259780824184417724609375" lon="-73.97452591918408870697021484375">
        <ele>21.200000762939453125</ele>
        <time>2025-10-04T16:59:11.000Z</time>
        <extensions>
          <ns3:TrackPointExtension>
            <ns3:hr>166</ns3:hr>
            <ns3:cad>86</ns3:cad>
          </ns3:TrackPointExtension>
        </extensions>
      </trkpt>
      <trkpt lat="40.76990492641925811767578125" lon="-73.9744326286017894744873046875">
        <ele>22.200000762939453125</ele>
        <time>2025-10-04T16:59:14.000Z</time>
        <extensions>
          <ns3:TrackPointExtension>
            <ns3:hr>166</ns3:hr>
            <ns3:cad>87</ns3:cad>
          </ns3:TrackPointExtension>
        </extensions>
      </trkpt>
      <trkpt lat="40.769972316920757293701171875" lon="-73.97420505993068218231201171875">
        <ele>22.3999996185302734375</ele>
        <time>2025-10-04T16:59:22.000Z</time>
        <extensions>
          <ns3:TrackPointExtension>
            <ns3:hr>168</ns3:hr>
            <ns3:cad>87</ns3:cad>
          </ns3:TrackPointExtension>
        </extensions>
      </trkpt>
      <trkpt lat="40.7699812017381191253662109375" lon="-73.974144458770751953125">
        <ele>22.3999996185302734375</ele>
        <time>2025-10-04T16:59:24.000Z</time>
        <extensions>
          <ns3:TrackPointExtension>
            <ns3:hr>169</ns3:hr>
            <ns3:cad>87</ns3:cad>
          </ns3:TrackPointExtension>
        </extensions>
      </trkpt>
      <trkpt lat="40.7699966244399547576904296875" lon="-73.9739491604268550872802734375">
        <ele>22</ele>
        <time>2025-10-04T16:59:30.000Z</time>
        <extensions>
          <ns3:TrackPointExtension>
            <ns3:hr>166</ns3:hr>
            <ns3:cad>87</ns3:cad>
          </ns3:TrackPointExtension>
        </extensions>
      </trkpt>
      <trkpt lat="40.7699788548052310943603515625" lon="-73.9737094379961490631103515625">
        <ele>22</ele>
        <time>2025-10-04T16:59:38.000Z</time>
        <extensions>
          <ns3:TrackPointExtension>
            <ns3:hr>164</ns3:hr>
            <ns3:cad>86</ns3:cad>
          </ns3:TrackPointExtension>
        </extensions>
      </trkpt>
      <trkpt lat="40.76991565525531768798828125" lon="-73.97345990873873233795166015625">
        <ele>22</ele>
        <time>2025-10-04T16:59:47.000Z</time>
        <extensions>
          <ns3:TrackPointExtension>
            <ns3:hr>164</ns3:hr>
            <ns3:cad>86</ns3:cad>
          </ns3:TrackPointExtension>
        </extensions>
      </trkpt>
      <trkpt lat="40.76983292587101459503173828125" lon="-73.9732417277991771697998046875">
        <ele>22</ele>
        <time>2025-10-04T16:59:54.000Z</time>
        <extensions>
          <ns3:TrackPointExtension>
            <ns3:hr>165</ns3:hr>
            <ns3:cad>85</ns3:cad>
          </ns3:TrackPointExtension>
        </extensions>
      </trkpt>
      <trkpt lat="40.769765116274356842041015625" lon="-73.97308741696178913116455078125">
        <ele>22</ele>
        <time>2025-10-04T16:59:59.000Z</time>
        <extensions>
          <ns3:TrackPointExtension>
            <ns3:hr>166</ns3:hr>
            <ns3:cad>87</ns3:cad>
          </ns3:TrackPointExtension>
        </extensions>
      </trkpt>
      <trkpt lat="40.7696781121194362640380859375" lon="-73.97287434898316860198974609375">
        <ele>22</ele>
        <time>2025-10-04T17:00:06.000Z</time>
        <extensions>
          <ns3:TrackPointExtension>
            <ns3:hr>165</ns3:hr>
            <ns3:cad>87</ns3:cad>
          </ns3:TrackPointExtension>
        </extensions>
      </trkpt>
      <trkpt lat="40.769622288644313812255859375" lon="-73.972614593803882598876953125">
        <ele>22</ele>
        <time>2025-10-04T17:00:14.000Z</time>
        <extensions>
          <ns3:TrackPointExtension>
            <ns3:hr>163</ns3:hr>
            <ns3:cad>86</ns3:cad>
          </ns3:TrackPointExtension>
        </extensions>
      </trkpt>
      <trkpt lat="40.76963058672845363616943359375" lon="-73.97235232405364513397216796875">
        <ele>22</ele>
        <time>2025-10-04T17:00:22.000Z</time>
        <extensions>
          <ns3:TrackPointExtension>
            <ns3:hr>162</ns3:hr>
            <ns3:cad>87</ns3:cad>
          </ns3:TrackPointExtension>
        </extensions>
      </trkpt>
      <trkpt lat="40.769670903682708740234375" lon="-73.9721034653484821319580078125">
        <ele>21.6000003814697265625</ele>
        <time>2025-10-04T17:00:30.000Z</time>
        <extensions>
          <ns3:TrackPointExtension>
            <ns3:hr>161</ns3:hr>
            <ns3:cad>84</ns3:cad>
          </ns3:TrackPointExtension>
        </extensions>
      </trkpt>
      <trkpt lat="40.76974332332611083984375" lon="-73.97190322168171405792236328125">
        <ele>21</ele>
        <time>2025-10-04T17:00:37.000Z</time>
        <extensions>
          <ns3:TrackPointExtension>
            <ns3:hr>164</ns3:hr>
            <ns3:cad>85</ns3:cad>
          </ns3:TrackPointExtension>
        </extensions>
      </trkpt>
      <trkpt lat="40.76985522173345088958740234375" lon="-73.9716813527047634124755859375">
        <ele>21</ele>
        <time>2025-10-04T17:00:45.000Z</time>
        <extensions>
          <ns3:TrackPointExtension>
            <ns3:hr>164</ns3:hr>
            <ns3:cad>83</ns3:cad>
          </ns3:TrackPointExtension>
        </extensions>
      </trkpt>
      <trkpt lat="40.7700046710669994354248046875" lon="-73.9715063385665416717529296875">
        <ele>21</ele>
        <time>2025-10-04T17:00:53.000Z</time>
        <extensions>
          <ns3:TrackPointExtension>
            <ns3:hr>164</ns3:hr>
            <ns3:cad>86</ns3:cad>
          </ns3:TrackPointExtension>
        </extensions>
      </trkpt>
      <trkpt lat="40.7701201736927032470703125" lon="-73.97138647735118865966796875">
        <ele>21</ele>
        <time>2025-10-04T17:00:59.000Z</time>
        <extensions>
          <ns3:TrackPointExtension>
            <ns3:hr>164</ns3:hr>
            <ns3:cad>86</ns3:cad>
          </ns3:TrackPointExtension>
        </extensions>
      </trkpt>
      <trkpt lat="40.77028445899486541748046875" lon="-73.97125496529042720794677734375">
        <ele>22</ele>
        <time>2025-10-04T17:01:08.000Z</time>
        <extensions>
          <ns3:TrackPointExtension>
            <ns3:hr>164</ns3:hr>
            <ns3:cad>86</ns3:cad>
          </ns3:TrackPointExtension>
        </extensions>
      </trkpt>
      <trkpt lat="40.77047263272106647491455078125" lon="-73.971155472099781036376953125">
        <ele>22.799999237060546875</ele>
        <time>2025-10-04T17:01:17.000Z</time>
        <extensions>
          <ns3:TrackPointExtension>
            <ns3:hr>162</ns3:hr>
            <ns3:cad>86</ns3:cad>
          </ns3:TrackPointExtension>
        </extensions>
      </trkpt>
      <trkpt lat="40.77052854001522064208984375" lon="-73.97114331834018230438232421875">
        <ele>22.799999237060546875</ele>
        <time>2025-10-04T17:01:19.000Z</time>
        <extensions>
          <ns3:TrackPointExtension>
            <ns3:hr>163</ns3:hr>
            <ns3:cad>88</ns3:cad>
          </ns3:TrackPointExtension>
        </extensions>
      </trkpt>
      <trkpt lat="40.77060699462890625" lon="-73.9711170829832553863525390625">
        <ele>23</ele>
        <time>2025-10-04T17:01:22.000Z</time>
        <extensions>
          <ns3:TrackPointExtension>
            <ns3:hr>166</ns3:hr>
            <ns3:cad>89</ns3:cad>
          </ns3:TrackPointExtension>
        </extensions>
      </trkpt>
      <trkpt lat="40.77078946866095066070556640625" lon="-73.970994539558887481689453125">
        <ele>23</ele>
        <time>2025-10-04T17:01:29.000Z</time>
        <extensions>
          <ns3:TrackPointExtension>
            <ns3:hr>167</ns3:hr>
            <ns3:cad>86</ns3:cad>
          </ns3:TrackPointExtension>
        </extensions>
      </trkpt>
      <trkpt lat="40.77093598432838916778564453125" lon="-73.97085330449044704437255859375">
        <ele>23</ele>
        <time>2025-10-04T17:01:36.000Z</time>
        <extensions>
          <ns3:TrackPointExtension>
            <ns3:hr>167</ns3:hr>
            <ns3:cad>86</ns3:cad>
          </ns3:TrackPointExtension>
        </extensions>
      </trkpt>
      <trkpt lat="40.77107596211135387420654296875" lon="-73.97068063728511333465576171875">
        <ele>22.799999237060546875</ele>
        <time>2025-10-04T17:01:43.000Z</time>
        <extensions>
          <ns3:TrackPointExtension>
            <ns3:hr>166</ns3:hr>
            <ns3:cad>85</ns3:cad>
          </ns3:TrackPointExtension>
        </extensions>
      </trkpt>
      <trkpt lat="40.77118811197578907012939453125" lon="-73.9705243147909641265869140625">
        <ele>22.799999237060546875</ele>
        <time>2025-10-04T17:01:50.000Z</time>
        <extensions>
          <ns3:TrackPointExtension>
            <ns3:hr>163</ns3:hr>
            <ns3:cad>85</ns3:cad>
          </ns3:TrackPointExtension>
        </extensions>
      </trkpt>
      <trkpt lat="40.771269500255584716796875" lon="-73.9702996797859668731689453125">
        <ele>23</ele>
        <time>2025-10-04T17:01:58.000Z</time>
        <extensions>
          <ns3:TrackPointExtension>
            <ns3:hr>163</ns3:hr>
            <ns3:cad>84</ns3:cad>
          </ns3:TrackPointExtension>
        </extensions>
      </trkpt>
      <trkpt lat="40.7713816501200199127197265625" lon="-73.970109410583972930908203125">
        <ele>23.3999996185302734375</ele>
        <time>2025-10-04T17:02:06.000Z</time>
        <extensions>
          <ns3:TrackPointExtension>
            <ns3:hr>163</ns3:hr>
            <ns3:cad>84</ns3:cad>
          </ns3:TrackPointExtension>
        </extensions>
      </trkpt>
      <trkpt lat="40.771463625133037567138671875" lon="-73.96996314637362957000732421875">
        <ele>23.799999237060546875</ele>
        <time>2025-10-04T17:02:12.000Z</time>
        <extensions>
          <ns3:TrackPointExtension>
            <ns3:hr>166</ns3:hr>
            <ns3:cad>85</ns3:cad>
          </ns3:TrackPointExtension>
        </extensions>
      </trkpt>
      <trkpt lat="40.771536715328693389892578125" lon="-73.96978042088449001312255859375">
        <ele>24</ele>
        <time>2025-10-04T17:02:19.000Z</time>
        <extensions>
          <ns3:TrackPointExtension>
            <ns3:hr>167</ns3:hr>
            <ns3:cad>86</ns3:cad>
          </ns3:TrackPointExtension>
        </extensions>
      </trkpt>
      <trkpt lat="40.77167258597910404205322265625" lon="-73.9695847034454345703125">
        <ele>24</ele>
        <time>2025-10-04T17:02:27.000Z</time>
        <extensions>
          <ns3:TrackPointExtension>
            <ns3:hr>167</ns3:hr>
            <ns3:cad>86</ns3:cad>
          </ns3:TrackPointExtension>
        </extensions>
      </trkpt>
      <trkpt lat="40.7718260586261749267578125" lon="-73.96943525411188602447509765625">
        <ele>24</ele>
        <time>2025-10-04T17:02:35.000Z</time>
        <extensions>
          <ns3:TrackPointExtension>
            <ns3:hr>166</ns3:hr>
            <ns3:cad>86</ns3:cad>
          </ns3:TrackPointExtension>
        </extensions>
      </trkpt>
      <trkpt lat="40.7720112986862659454345703125" lon="-73.96930986084043979644775390625">
        <ele>24</ele>
        <time>2025-10-04T17:02:43.000Z</time>
        <extensions>
          <ns3:TrackPointExtension>
            <ns3:hr>165</ns3:hr>
            <ns3:cad>88</ns3:cad>
          </ns3:TrackPointExtension>
        </extensions>
      </trkpt>
      <trkpt lat="40.772182457149028778076171875" lon="-73.969207517802715301513671875">
        <ele>24</ele>
        <time>2025-10-04T17:02:53.000Z</time>
        <extensions>
          <ns3:TrackPointExtension>
            <ns3:hr>163</ns3:hr>
            <ns3:cad>85</ns3:cad>
          </ns3:TrackPointExtension>
        </extensions>
      </trkpt>
      <trkpt lat="40.772376246750354766845703125" lon="-73.9691523648798465728759765625">
        <ele>24</ele>
        <time>2025-10-04T17:03:01.000Z</time>
        <extensions>
          <ns3:TrackPointExtension>
            <ns3:hr>164</ns3:hr>
            <ns3:cad>86</ns3:cad>
          </ns3:TrackPointExtension>
        </extensions>
      </trkpt>
      <trkpt lat="40.7725484110414981842041015625" lon="-73.9690836332738399505615234375">
        <ele>23.3999996185302734375</ele>
        <time>2025-10-04T17:03:08.000Z</time>
        <extensions>
          <ns3:TrackPointExtension>
            <ns3:hr>164</ns3:hr>
            <ns3:cad>86</ns3:cad>
          </ns3:TrackPointExtension>
        </extensions>
      </trkpt>
      <trkpt lat="40.77269165776669979095458984375" lon="-73.969011045992374420166015625">
        <ele>22.799999237060546875</ele>
        <time>2025-10-04T17:03:14.000Z</time>
        <extensions>
          <ns3:TrackPointExtension>
            <ns3:hr>166</ns3:hr>
            <ns3:cad>87</ns3:cad>
          </ns3:TrackPointExtension>
        </extensions>
      </trkpt>
      <trkpt lat="40.7728253491222858428955078125" lon="-73.96897458471357822418212890625">
        <ele>22.3999996185302734375</ele>
        <time>2025-10-04T17:03:20.000Z</time>
        <extensions>
          <ns3:TrackPointExtension>
            <ns3:hr>163</ns3:hr>
            <ns3:cad>85</ns3:cad>
          </ns3:TrackPointExtension>
        </extensions>
      </trkpt>
      <trkpt lat="40.773005224764347076416015625" lon="-73.9689605869352817535400390625">
        <ele>21.200000762939453125</ele>
        <time>2025-10-04T17:03:28.000Z</time>
        <extensions>
          <ns3:TrackPointExtension>
            <ns3:hr>164</ns3:hr>
            <ns3:cad>84</ns3:cad>
          </ns3:TrackPointExtension>
        </extensions>
      </trkpt>
      <trkpt lat="40.77319658361375331878662109375" lon="-73.96901833824813365936279296875">
        <ele>20</ele>
        <time>2025-10-04T17:03:36.000Z</time>
        <extensions>
          <ns3:TrackPointExtension>
            <ns3:hr>161</ns3:hr>
            <ns3:cad>85</ns3:cad>
          </ns3:TrackPointExtension>
        </extensions>
      </trkpt>
      <trkpt lat="40.77337696217000484466552734375" lon="-73.9691193401813507080078125">
        <ele>18.799999237060546875</ele>
        <time>2025-10-04T17:03:44.000Z</time>
        <extensions>
          <ns3:TrackPointExtension>
            <ns3:hr>163</ns3:hr>
            <ns3:cad>83</ns3:cad>
          </ns3:TrackPointExtension>
        </extensions>
      </trkpt>
      <trkpt lat="40.7735736854374408721923828125" lon="-73.9691917598247528076171875">
        <ele>17.6000003814697265625</ele>
        <time>2025-10-04T17:03:52.000Z</time>
        <extensions>
          <ns3:TrackPointExtension>
            <ns3:hr>164</ns3:hr>
            <ns3:cad>86</ns3:cad>
          </ns3:TrackPointExtension>
        </extensions>
      </trkpt>
      <trkpt lat="40.7736290059983730316162109375" lon="-73.9692046679556369781494140625">
        <ele>17.3999996185302734375</ele>
        <time>2025-10-04T17:03:54.000Z</time>
        <extensions>
          <ns3:TrackPointExtension>
            <ns3:hr>164</ns3:hr>
            <ns3:cad>87</ns3:cad>
          </ns3:TrackPointExtension>
        </extensions>
      </trkpt>
      <trkpt lat="40.77381315641105175018310546875" lon="-73.96921916864812374114990234375">
        <ele>16.799999237060546875</ele>
        <time>2025-10-04T17:04:01.000Z</time>
        <extensions>
          <ns3:TrackPointExtension>
            <ns3:hr>163</ns3:hr>
            <ns3:cad>86</ns3:cad>
          </ns3:TrackPointExtension>
        </extensions>
      </trkpt>
      <trkpt lat="40.773967467248439788818359375" lon="-73.969235680997371673583984375">
        <ele>16.3999996185302734375</ele>
        <time>2025-10-04T17:04:08.000Z</time>
        <extensions>
          <ns3:TrackPointExtension>
            <ns3:hr>160</ns3:hr>
            <ns3:cad>87</ns3:cad>
          </ns3:TrackPointExtension>
        </extensions>
      </trkpt>
      <trkpt lat="40.774139463901519775390625" lon="-73.969176001846790313720703125">
        <ele>15.80000019073486328125</ele>
        <time>2025-10-04T17:04:15.000Z</time>
        <extensions>
          <ns3:TrackPointExtension>
            <ns3:hr>163</ns3:hr>
            <ns3:cad>88</ns3:cad>
          </ns3:TrackPointExtension>
        </extensions>
      </trkpt>
      <trkpt lat="40.77426326461136341094970703125" lon="-73.96912294439971446990966796875">
        <ele>15.19999980926513671875</ele>
        <time>2025-10-04T17:04:20.000Z</time>
        <extensions>
          <ns3:TrackPointExtension>
            <ns3:hr>160</ns3:hr>
            <ns3:cad>88</ns3:cad>
          </ns3:TrackPointExtension>
        </extensions>
      </trkpt>
      <trkpt lat="40.7743099518120288848876953125" lon="-73.969096206128597259521484375">
        <ele>15</ele>
        <time>2025-10-04T17:04:22.000Z</time>
        <extensions>
          <ns3:TrackPointExtension>
            <ns3:hr>155</ns3:hr>
            <ns3:cad>88</ns3:cad>
          </ns3:TrackPointExtension>
        </extensions>
      </trkpt>
      <trkpt lat="40.7743387855589389801025390625" lon="-73.969081453979015350341796875">
        <ele>15</ele>
        <time>2025-10-04T17:04:23.000Z</time>
        <extensions>
          <ns3:TrackPointExtension>
            <ns3:hr>155</ns3:hr>
            <ns3:cad>88</ns3:cad>
          </ns3:TrackPointExtension>
        </extensions>
      </trkpt>
      <trkpt lat="40.77436904422938823699951171875" lon="-73.9690648578107357025146484375">
        <ele>15</ele>
        <time>2025-10-04T17:04:24.000Z</time>
        <extensions>
          <ns3:TrackPointExtension>
            <ns3:hr>158</ns3:hr>
            <ns3:cad>88</ns3:cad>
          </ns3:TrackPointExtension>
        </extensions>
      </trkpt>
      <trkpt lat="40.77450633980333805084228515625" lon="-73.96896150894463062286376953125">
        <ele>15</ele>
        <time>2025-10-04T17:04:29.000Z</time>
        <extensions>
          <ns3:TrackPointExtension>
            <ns3:hr>155</ns3:hr>
            <ns3:cad>90</ns3:cad>
          </ns3:TrackPointExtension>
        </extensions>
      </trkpt>
      <trkpt lat="40.774584375321865081787109375" lon="-73.96890166215598583221435546875">
        <ele>15</ele>
        <time>2025-10-04T17:04:32.000Z</time>
        <extensions>
          <ns3:TrackPointExtension>
            <ns3:hr>158</ns3:hr>
            <ns3:cad>90</ns3:cad>
          </ns3:TrackPointExtension>
        </extensions>
      </trkpt>
      <trkpt lat="40.77474622987210750579833984375" lon="-73.9687299169600009918212890625">
        <ele>15.6000003814697265625</ele>
        <time>2025-10-04T17:04:39.000Z</time>
        <extensions>
          <ns3:TrackPointExtension>
            <ns3:hr>160</ns3:hr>
            <ns3:cad>87</ns3:cad>
          </ns3:TrackPointExtension>
        </extensions>
      </trkpt>
      <trkpt lat="40.7748121954500675201416015625" lon="-73.96866546012461185455322265625">
        <ele>15.80000019073486328125</ele>
        <time>2025-10-04T17:04:42.000Z</time>
        <extensions>
          <ns3:TrackPointExtension>
            <ns3:hr>163</ns3:hr>
            <ns3:cad>86</ns3:cad>
          </ns3:TrackPointExtension>
        </extensions>
      </trkpt>
      <trkpt lat="40.7749694399535655975341796875" lon="-73.968493044376373291015625">
        <ele>16.3999996185302734375</ele>
        <time>2025-10-04T17:04:49.000Z</time>
        <extensions>
          <ns3:TrackPointExtension>
            <ns3:hr>165</ns3:hr>
            <ns3:cad>89</ns3:cad>
          </ns3:TrackPointExtension>
        </extensions>
      </trkpt>
      <trkpt lat="40.7750983536243438720703125" lon="-73.9682856760919094085693359375">
        <ele>16.799999237060546875</ele>
        <time>2025-10-04T17:04:56.000Z</time>
        <extensions>
          <ns3:TrackPointExtension>
            <ns3:hr>166</ns3:hr>
            <ns3:cad>89</ns3:cad>
          </ns3:TrackPointExtension>
        </extensions>
      </trkpt>
      <trkpt lat="40.7751991041004657745361328125" lon="-73.968070931732654571533203125">
        <ele>17.200000762939453125</ele>
        <time>2025-10-04T17:05:04.000Z</time>
        <extensions>
          <ns3:TrackPointExtension>
            <ns3:hr>167</ns3:hr>
            <ns3:cad>87</ns3:cad>
          </ns3:TrackPointExtension>
        </extensions>
      </trkpt>
      <trkpt lat="40.77528518624603748321533203125" lon="-73.96785643883049488067626953125">
        <ele>18</ele>
        <time>2025-10-04T17:05:12.000Z</time>
        <extensions>
          <ns3:TrackPointExtension>
            <ns3:hr>165</ns3:hr>
            <ns3:cad>87</ns3:cad>
          </ns3:TrackPointExtension>
        </extensions>
      </trkpt>
      <trkpt lat="40.77539809048175811767578125" lon="-73.96765887737274169921875">
        <ele>18.799999237060546875</ele>
        <time>2025-10-04T17:05:20.000Z</time>
        <extensions>
          <ns3:TrackPointExtension>
            <ns3:hr>167</ns3:hr>
            <ns3:cad>88</ns3:cad>
          </ns3:TrackPointExtension>
        </extensions>
      </trkpt>
      <trkpt lat="40.7755467854440212249755859375" lon="-73.96748294122517108917236328125">
        <ele>19.799999237060546875</ele>
        <time>2025-10-04T17:05:28.000Z</time>
        <extensions>
          <ns3:TrackPointExtension>
            <ns3:hr>168</ns3:hr>
            <ns3:cad>87</ns3:cad>
          </ns3:TrackPointExtension>
        </extensions>
      </trkpt>
      <trkpt lat="40.775734372437000274658203125" lon="-73.9674025587737560272216796875">
        <ele>21</ele>
        <time>2025-10-04T17:05:36.000Z</time>
        <extensions>
          <ns3:TrackPointExtension>
            <ns3:hr>170</ns3:hr>
            <ns3:cad>85</ns3:cad>
          </ns3:TrackPointExtension>
        </extensions>
      </trkpt>
      <trkpt lat="40.77579732052981853485107421875" lon="-73.96738403476774692535400390625">
        <ele>21.3999996185302734375</ele>
        <time>2025-10-04T17:05:39.000Z</time>
        <extensions>
          <ns3:TrackPointExtension>
            <ns3:hr>169</ns3:hr>
            <ns3:cad>84</ns3:cad>
          </ns3:TrackPointExtension>
        </extensions>
      </trkpt>
      <trkpt lat="40.77597635798156261444091796875" lon="-73.96738017909228801727294921875">
        <ele>22.6000003814697265625</ele>
        <time>2025-10-04T17:05:48.000Z</time>
        <extensions>
          <ns3:TrackPointExtension>
            <ns3:hr>166</ns3:hr>
            <ns3:cad>84</ns3:cad>
          </ns3:TrackPointExtension>
        </extensions>
      </trkpt>
      <trkpt lat="40.77615891583263874053955078125" lon="-73.967430554330348968505859375">
        <ele>24</ele>
        <time>2025-10-04T17:05:57.000Z</time>
        <extensions>
          <ns3:TrackPointExtension>
            <ns3:hr>167</ns3:hr>
            <ns3:cad>83</ns3:cad>
          </ns3:TrackPointExtension>
        </extensions>
      </trkpt>
      <trkpt lat="40.7763393782079219818115234375" lon="-73.9673834480345249176025390625">
        <ele>25.200000762939453125</ele>
        <time>2025-10-04T17:06:07.000Z</time>
        <extensions>
          <ns3:TrackPointExtension>
            <ns3:hr>165</ns3:hr>
            <ns3:cad>84</ns3:cad>
          </ns3:TrackPointExtension>
        </extensions>
      </trkpt>
      <trkpt lat="40.77644415199756622314453125" lon="-73.96734849549829959869384765625">
        <ele>25.799999237060546875</ele>
        <time>2025-10-04T17:06:12.000Z</time>
        <extensions>
          <ns3:TrackPointExtension>
            <ns3:hr>168</ns3:hr>
            <ns3:cad>84</ns3:cad>
          </ns3:TrackPointExtension>
        </extensions>
      </trkpt>
      <trkpt lat="40.77663098461925983428955078125" lon="-73.96726383827626705169677734375">
        <ele>27.200000762939453125</ele>
        <time>2025-10-04T17:06:22.000Z</time>
        <extensions>
          <ns3:TrackPointExtension>
            <ns3:hr>169</ns3:hr>
            <ns3:cad>85</ns3:cad>
          </ns3:TrackPointExtension>
        </extensions>
      </trkpt>
      <trkpt lat="40.7768097706139087677001953125" lon="-73.96719460375607013702392578125">
        <ele>28.799999237060546875</ele>
        <time>2025-10-04T17:06:30.000Z</time>
        <extensions>
          <ns3:TrackPointExtension>
            <ns3:hr>170</ns3:hr>
            <ns3:cad>86</ns3:cad>
          </ns3:TrackPointExtension>
        </extensions>
      </trkpt>
      <trkpt lat="40.77695913612842559814453125" lon="-73.96714079193770885467529296875">
        <ele>29.799999237060546875</ele>
        <time>2025-10-04T17:06:37.000Z</time>
        <extensions>
          <ns3:TrackPointExtension>
            <ns3:hr>174</ns3:hr>
            <ns3:cad>85</ns3:cad>
          </ns3:TrackPointExtension>
        </extensions>
      </trkpt>
      <trkpt lat="40.77698034234344959259033203125" lon="-73.9671383611857891082763671875">
        <ele>29.799999237060546875</ele>
        <time>2025-10-04T17:06:38.000Z</time>
        <extensions>
          <ns3:TrackPointExtension>
            <ns3:hr>177</ns3:hr>
            <ns3:cad>86</ns3:cad>
          </ns3:TrackPointExtension>
        </extensions>
      </trkpt>
      <trkpt lat="40.77716298401355743408203125" lon="-73.96710340864956378936767578125">
        <ele>30.6000003814697265625</ele>
        <time>2025-10-04T17:06:46.000Z</time>
        <extensions>
          <ns3:TrackPointExtension>
            <ns3:hr>175</ns3:hr>
            <ns3:cad>86</ns3:cad>
          </ns3:TrackPointExtension>
        </extensions>
      </trkpt>
      <trkpt lat="40.77723816968500614166259765625" lon="-73.9670889079570770263671875">
        <ele>30.799999237060546875</ele>
        <time>2025-10-04T17:06:49.000Z</time>
        <extensions>
          <ns3:TrackPointExtension>
            <ns3:hr>172</ns3:hr>
            <ns3:cad>86</ns3:cad>
          </ns3:TrackPointExtension>
        </extensions>
      </trkpt>
      <trkpt lat="40.7774129323661327362060546875" lon="-73.967028893530368804931640625">
        <ele>31.200000762939453125</ele>
        <time>2025-10-04T17:06:57.000Z</time>
        <extensions>
          <ns3:TrackPointExtension>
            <ns3:hr>172</ns3:hr>
            <ns3:cad>86</ns3:cad>
          </ns3:TrackPointExtension>
        </extensions>
      </trkpt>
      <trkpt lat="40.77745132148265838623046875" lon="-73.967020511627197265625">
        <ele>31</ele>
        <time>2025-10-04T17:06:59.000Z</time>
        <extensions>
          <ns3:TrackPointExtension>
            <ns3:hr>172</ns3:hr>
            <ns3:cad>85</ns3:cad>
          </ns3:TrackPointExtension>
        </extensions>
      </trkpt>
      <trkpt lat="40.7776425965130329132080078125" lon="-73.96694415248930454254150390625">
        <ele>31</ele>
        <time>2025-10-04T17:07:08.000Z</time>
        <extensions>
          <ns3:TrackPointExtension>
            <ns3:hr>170</ns3:hr>
            <ns3:cad>85</ns3:cad>
          </ns3:TrackPointExtension>
        </extensions>
      </trkpt>
      <trkpt lat="40.77771241776645183563232421875" lon="-73.9669040031731128692626953125">
        <ele>30.6000003814697265625</ele>
        <time>2025-10-04T17:07:11.000Z</time>
        <extensions>
          <ns3:TrackPointExtension>
            <ns3:hr>167</ns3:hr>
            <ns3:cad>85</ns3:cad>
          </ns3:TrackPointExtension>
        </extensions>
      </trkpt>
      <trkpt lat="40.7778878509998321533203125" lon="-73.96676377393305301666259765625">
        <ele>29.3999996185302734375</ele>
        <time>2025-10-04T17:07:19.000Z</time>
        <extensions>
          <ns3:TrackPointExtension>
            <ns3:hr>168</ns3:hr>
            <ns3:cad>85</ns3:cad>
          </ns3:TrackPointExtension>
        </extensions>
      </trkpt>
      <trkpt lat="40.777981393039226531982421875" lon="-73.96670375950634479522705078125">
        <ele>29</ele>
        <time>2025-10-04T17:07:23.000Z</time>
        <extensions>
          <ns3:TrackPointExtension>
            <ns3:hr>171</ns3:hr>
            <ns3:cad>85</ns3:cad>
          </ns3:TrackPointExtension>
        </extensions>
      </trkpt>
      <trkpt lat="40.77810636721551418304443359375" lon="-73.96662010811269283294677734375">
        <ele>28.799999237060546875</ele>
        <time>2025-10-04T17:07:29.000Z</time>
        <extensions>
          <ns3:TrackPointExtension>
            <ns3:hr>171</ns3:hr>
            <ns3:cad>85</ns3:cad>
          </ns3:TrackPointExtension>
        </extensions>
      </trkpt>
      <trkpt lat="40.77826394699513912200927734375" lon="-73.96653528325259685516357421875">
        <ele>29</ele>
        <time>2025-10-04T17:07:36.000Z</time>
        <extensions>
          <ns3:TrackPointExtension>
            <ns3:hr>167</ns3:hr>
            <ns3:cad>84</ns3:cad>
          </ns3:TrackPointExtension>
        </extensions>
      </trkpt>
      <trkpt lat="40.7784341834485530853271484375" lon="-73.9664010889828205108642578125">
        <ele>30.3999996185302734375</ele>
        <time>2025-10-04T17:07:44.000Z</time>
        <extensions>
          <ns3:TrackPointExtension>
            <ns3:hr>165</ns3:hr>
            <ns3:cad>83</ns3:cad>
          </ns3:TrackPointExtension>
        </extensions>
      </trkpt>
      <trkpt lat="40.7785535417497158050537109375" lon="-73.966314755380153656005859375">
        <ele>30.799999237060546875</ele>
        <time>2025-10-04T17:07:50.000Z</time>
        <extensions>
          <ns3:TrackPointExtension>
            <ns3:hr>169</ns3:hr>
            <ns3:cad>85</ns3:cad>
          </ns3:TrackPointExtension>
        </extensions>
      </trkpt>
      <trkpt lat="40.7787101157009601593017578125" lon="-73.96615223027765750885009765625">
        <ele>30.200000762939453125</ele>
        <time>2025-10-04T17:07:58.000Z</time>
        <extensions>
          <ns3:TrackPointExtension>
            <ns3:hr>170</ns3:hr>
            <ns3:cad>85</ns3:cad>
          </ns3:TrackPointExtension>
        </extensions>
      </trkpt>
      <trkpt lat="40.7788603194057941436767578125" lon="-73.9659645594656467437744140625">
        <ele>28.799999237060546875</ele>
        <time>2025-10-04T17:08:06.000Z</time>
        <extensions>
          <ns3:TrackPointExtension>
            <ns3:hr>168</ns3:hr>
            <ns3:cad>85</ns3:cad>
          </ns3:TrackPointExtension>
        </extensions>
      </trkpt>
      <trkpt lat="40.77899820171296596527099609375" lon="-73.96577202714979648590087890625">
        <ele>27.200000762939453125</ele>
        <time>2025-10-04T17:08:13.000Z</time>
        <extensions>
          <ns3:TrackPointExtension>
            <ns3:hr>168</ns3:hr>
            <ns3:cad>84</ns3:cad>
          </ns3:TrackPointExtension>
        </extensions>
      </trkpt>
      <trkpt lat="40.7791355811059474945068359375" lon="-73.9656014554202556610107421875">
        <ele>27.6000003814697265625</ele>
        <time>2025-10-04T17:08:20.000Z</time>
        <extensions>
          <ns3:TrackPointExtension>
            <ns3:hr>166</ns3:hr>
            <ns3:cad>84</ns3:cad>
          </ns3:TrackPointExtension>
        </extensions>
      </trkpt>
      <trkpt lat="40.77923725359141826629638671875" lon="-73.9654921554028987884521484375">
        <ele>28.3999996185302734375</ele>
        <time>2025-10-04T17:08:25.000Z</time>
        <extensions>
          <ns3:TrackPointExtension>
            <ns3:hr>169</ns3:hr>
            <ns3:cad>86</ns3:cad>
          </ns3:TrackPointExtension>
        </extensions>
      </trkpt>
      <trkpt lat="40.77939592301845550537109375" lon="-73.965351842343807220458984375">
        <ele>29.200000762939453125</ele>
        <time>2025-10-04T17:08:33.000Z</time>
        <extensions>
          <ns3:TrackPointExtension>
            <ns3:hr>172</ns3:hr>
            <ns3:cad>86</ns3:cad>
          </ns3:TrackPointExtension>
        </extensions>
      </trkpt>
      <trkpt lat="40.77944646589457988739013671875" lon="-73.96529325284063816070556640625">
        <ele>29.3999996185302734375</ele>
        <time>2025-10-04T17:08:36.000Z</time>
        <extensions>
          <ns3:TrackPointExtension>
            <ns3:hr>169</ns3:hr>
            <ns3:cad>85</ns3:cad>
          </ns3:TrackPointExtension>
        </extensions>
      </trkpt>
      <trkpt lat="40.77959784306585788726806640625" lon="-73.965162076056003570556640625">
        <ele>30</ele>
        <time>2025-10-04T17:08:45.000Z</time>
        <extensions>
          <ns3:TrackPointExtension>
            <ns3:hr>166</ns3:hr>
            <ns3:cad>84</ns3:cad>
          </ns3:TrackPointExtension>
        </extensions>
      </trkpt>
      <trkpt lat="40.779763720929622650146484375" lon="-73.96502955816686153411865234375">
        <ele>30.6000003814697265625</ele>
        <time>2025-10-04T17:08:54.000Z</time>
        <extensions>
          <ns3:TrackPointExtension>
            <ns3:hr>168</ns3:hr>
            <ns3:cad>86</ns3:cad>
          </ns3:TrackPointExtension>
        </extensions>
      </trkpt>
      <trkpt lat="40.77990629710257053375244140625" lon="-73.96496082656085491180419921875">
        <ele>31.200000762939453125</ele>
        <time>2025-10-04T17:09:01.000Z</time>
        <extensions>
          <ns3:TrackPointExtension>
            <ns3:hr>172</ns3:hr>
            <ns3:cad>85</ns3:cad>
          </ns3:TrackPointExtension>
        </extensions>
      </trkpt>
      <trkpt lat="40.77999698929488658905029296875" lon="-73.9648933522403240203857421875">
        <ele>31.3999996185302734375</ele>
        <time>2025-10-04T17:09:06.000Z</time>
        <extensions>
          <ns3:TrackPointExtension>
            <ns3:hr>167</ns3:hr>
            <ns3:cad>85</ns3:cad>
          </ns3:TrackPointExtension>
        </extensions>
      </trkpt>
      <trkpt lat="40.780018530786037445068359375" lon="-73.96488220430910587310791015625">
        <ele>31.6000003814697265625</ele>
        <time>2025-10-04T17:09:07.000Z</time>
        <extensions>
          <ns3:TrackPointExtension>
            <ns3:hr>164</ns3:hr>
            <ns3:cad>85</ns3:cad>
          </ns3:TrackPointExtension>
        </extensions>
      </trkpt>
      <trkpt lat="40.78004124574363231658935546875" lon="-73.9648708887398242950439453125">
        <ele>31.6000003814697265625</ele>
        <time>2025-10-04T17:09:08.000Z</time>
        <extensions>
          <ns3:TrackPointExtension>
            <ns3:hr>164</ns3:hr>
            <ns3:cad>85</ns3:cad>
          </ns3:TrackPointExtension>
        </extensions>
      </trkpt>
      <trkpt lat="40.78013193793594837188720703125" lon="-73.9648276381194591522216796875">
        <ele>32</ele>
        <time>2025-10-04T17:09:12.000Z</time>
        <extensions>
          <ns3:TrackPointExtension>
            <ns3:hr>169</ns3:hr>
            <ns3:cad>84</ns3:cad>
          </ns3:TrackPointExtension>
        </extensions>
      </trkpt>
      <trkpt lat="40.7803087122738361358642578125" lon="-73.9647092856466770172119140625">
        <ele>32.59999847412109375</ele>
        <time>2025-10-04T17:09:21.000Z</time>
        <extensions>
          <ns3:TrackPointExtension>
            <ns3:hr>167</ns3:hr>
            <ns3:cad>83</ns3:cad>
          </ns3:TrackPointExtension>
        </extensions>
      </trkpt>
      <trkpt lat="40.7804775238037109375" lon="-73.9645838923752307891845703125">
        <ele>33</ele>
        <time>2025-10-04T17:09:30.000Z</time>
        <extensions>
          <ns3:TrackPointExtension>
            <ns3:hr>168</ns3:hr>
            <ns3:cad>85</ns3:cad>
          </ns3:TrackPointExtension>
        </extensions>
      </trkpt>
      <trkpt lat="40.78051784075796604156494140625" lon="-73.9645580761134624481201171875">
        <ele>33</ele>
        <time>2025-10-04T17:09:32.000Z</time>
        <extensions>
          <ns3:TrackPointExtension>
            <ns3:hr>163</ns3:hr>
            <ns3:cad>84</ns3:cad>
          </ns3:TrackPointExtension>
        </extensions>
      </trkpt>
      <trkpt lat="40.78053695149719715118408203125" lon="-73.9645446650683879852294921875">
        <ele>33</ele>
        <time>2025-10-04T17:09:33.000Z</time>
        <extensions>
          <ns3:TrackPointExtension>
            <ns3:hr>158</ns3:hr>
            <ns3:cad>84</ns3:cad>
          </ns3:TrackPointExtension>
        </extensions>
      </trkpt>
      <trkpt lat="40.7805554755032062530517578125" lon="-73.96452966146171092987060546875">
        <ele>33</ele>
        <time>2025-10-04T17:09:34.000Z</time>
        <extensions>
          <ns3:TrackPointExtension>
            <ns3:hr>155</ns3:hr>
            <ns3:cad>84</ns3:cad>
          </ns3:TrackPointExtension>
        </extensions>
      </trkpt>
      <trkpt lat="40.78059596009552478790283203125" lon="-73.96450233645737171173095703125">
        <ele>33</ele>
        <time>2025-10-04T17:09:36.000Z</time>
        <extensions>
          <ns3:TrackPointExtension>
            <ns3:hr>158</ns3:hr>
            <ns3:cad>85</ns3:cad>
          </ns3:TrackPointExtension>
        </extensions>
      </trkpt>
      <trkpt lat="40.78064390458166599273681640625" lon="-73.96446998231112957000732421875">
        <ele>33</ele>
        <time>2025-10-04T17:09:38.000Z</time>
        <extensions>
          <ns3:TrackPointExtension>
            <ns3:hr>161</ns3:hr>
            <ns3:cad>85</ns3:cad>
          </ns3:TrackPointExtension>
        </extensions>
      </trkpt>
      <trkpt lat="40.78080433420836925506591796875" lon="-73.964350037276744842529296875">
        <ele>33</ele>
        <time>2025-10-04T17:09:46.000Z</time>
        <extensions>
          <ns3:TrackPointExtension>
            <ns3:hr>162</ns3:hr>
            <ns3:cad>86</ns3:cad>
          </ns3:TrackPointExtension>
        </extensions>
      </trkpt>
      <trkpt lat="40.78096576966345310211181640625" lon="-73.9642365463078022003173828125">
        <ele>33</ele>
        <time>2025-10-04T17:09:55.000Z</time>
        <extensions>
          <ns3:TrackPointExtension>
            <ns3:hr>164</ns3:hr>
            <ns3:cad>85</ns3:cad>
          </ns3:TrackPointExtension>
        </extensions>
      </trkpt>
      <trkpt lat="40.78098513185977935791015625" lon="-73.96422372199594974517822265625">
        <ele>33</ele>
        <time>2025-10-04T17:09:56.000Z</time>
        <extensions>
          <ns3:TrackPointExtension>
            <ns3:hr>168</ns3:hr>
            <ns3:cad>85</ns3:cad>
          </ns3:TrackPointExtension>
        </extensions>
      </trkpt>
      <trkpt lat="40.781006254255771636962890625" lon="-73.9642103947699069976806640625">
        <ele>33</ele>
        <time>2025-10-04T17:09:57.000Z</time>
        <extensions>
          <ns3:TrackPointExtension>
            <ns3:hr>167</ns3:hr>
            <ns3:cad>85</ns3:cad>
          </ns3:TrackPointExtension>
        </extensions>
      </trkpt>
      <trkpt lat="40.781152434647083282470703125" lon="-73.9640524797141551971435546875">
        <ele>32.59999847412109375</ele>
        <time>2025-10-04T17:10:05.000Z</time>
        <extensions>
          <ns3:TrackPointExtension>
            <ns3:hr>168</ns3:hr>
            <ns3:cad>82</ns3:cad>
          </ns3:TrackPointExtension>
        </extensions>
      </trkpt>
      <trkpt lat="40.78128210268914699554443359375" lon="-73.96386430598795413970947265625">
        <ele>32</ele>
        <time>2025-10-04T17:10:13.000Z</time>
        <extensions>
          <ns3:TrackPointExtension>
            <ns3:hr>165</ns3:hr>
            <ns3:cad>84</ns3:cad>
          </ns3:TrackPointExtension>
        </extensions>
      </trkpt>
      <trkpt lat="40.7813718728721141815185546875" lon="-73.9636980928480625152587890625">
        <ele>30.799999237060546875</ele>
        <time>2025-10-04T17:10:19.000Z</time>
        <extensions>
          <ns3:TrackPointExtension>
            <ns3:hr>168</ns3:hr>
            <ns3:cad>86</ns3:cad>
          </ns3:TrackPointExtension>
        </extensions>
      </trkpt>
      <trkpt lat="40.78148175962269306182861328125" lon="-73.96347404457628726959228515625">
        <ele>29.200000762939453125</ele>
        <time>2025-10-04T17:10:27.000Z</time>
        <extensions>
          <ns3:TrackPointExtension>
            <ns3:hr>168</ns3:hr>
            <ns3:cad>84</ns3:cad>
          </ns3:TrackPointExtension>
        </extensions>
      </trkpt>
      <trkpt lat="40.78157253563404083251953125" lon="-73.963253013789653778076171875">
        <ele>28.200000762939453125</ele>
        <time>2025-10-04T17:10:34.000Z</time>
        <extensions>
          <ns3:TrackPointExtension>
            <ns3:hr>169</ns3:hr>
            <ns3:cad>87</ns3:cad>
          </ns3:TrackPointExtension>
        </extensions>
      </trkpt>
      <trkpt lat="40.7816156186163425445556640625" lon="-73.96313088946044445037841796875">
        <ele>28.799999237060546875</ele>
        <time>2025-10-04T17:10:38.000Z</time>
        <extensions>
          <ns3:TrackPointExtension>
            <ns3:hr>172</ns3:hr>
            <ns3:cad>87</ns3:cad>
          </ns3:TrackPointExtension>
        </extensions>
      </trkpt>
      <trkpt lat="40.78163112513720989227294921875" lon="-73.963072299957275390625">
        <ele>29</ele>
        <time>2025-10-04T17:10:40.000Z</time>
        <extensions>
          <ns3:TrackPointExtension>
            <ns3:hr>167</ns3:hr>
            <ns3:cad>86</ns3:cad>
          </ns3:TrackPointExtension>
        </extensions>
      </trkpt>
      <trkpt lat="40.78163850121200084686279296875" lon="-73.96304489113390445709228515625">
        <ele>29</ele>
        <time>2025-10-04T17:10:41.000Z</time>
        <extensions>
          <ns3:TrackPointExtension>
            <ns3:hr>167</ns3:hr>
            <ns3:cad>86</ns3:cad>
          </ns3:TrackPointExtension>
        </extensions>
      </trkpt>
      <trkpt lat="40.7817235775291919708251953125" lon="-73.9627998881042003631591796875">
        <ele>31.3999996185302734375</ele>
        <time>2025-10-04T17:10:50.000Z</time>
        <extensions>
          <ns3:TrackPointExtension>
            <ns3:hr>165</ns3:hr>
            <ns3:cad>86</ns3:cad>
          </ns3:TrackPointExtension>
        </extensions>
      </trkpt>
      <trkpt lat="40.78172248788177967071533203125" lon="-73.96255790255963802337646484375">
        <ele>32.40000152587890625</ele>
        <time>2025-10-04T17:10:59.000Z</time>
        <extensions>
          <ns3:TrackPointExtension>
            <ns3:hr>166</ns3:hr>
            <ns3:cad>83</ns3:cad>
          </ns3:TrackPointExtension>
        </extensions>
      </trkpt>
      <trkpt lat="40.781686194241046905517578125" lon="-73.96230292506515979766845703125">
        <ele>32.59999847412109375</ele>
        <time>2025-10-04T17:11:07.000Z</time>
        <extensions>
          <ns3:TrackPointExtension>
            <ns3:hr>167</ns3:hr>
            <ns3:cad>84</ns3:cad>
          </ns3:TrackPointExtension>
        </extensions>
      </trkpt>
      <trkpt lat="40.7816778123378753662109375" lon="-73.96221441216766834259033203125">
        <ele>33</ele>
        <time>2025-10-04T17:11:10.000Z</time>
        <extensions>
          <ns3:TrackPointExtension>
            <ns3:hr>163</ns3:hr>
            <ns3:cad>82</ns3:cad>
          </ns3:TrackPointExtension>
        </extensions>
      </trkpt>
      <trkpt lat="40.78167521394789218902587890625" lon="-73.96218557842075824737548828125">
        <ele>33</ele>
        <time>2025-10-04T17:11:11.000Z</time>
        <extensions>
          <ns3:TrackPointExtension>
            <ns3:hr>168</ns3:hr>
            <ns3:cad>82</ns3:cad>
          </ns3:TrackPointExtension>
        </extensions>
      </trkpt>
      <trkpt lat="40.7816702686250209808349609375" lon="-73.96215909160673618316650390625">
        <ele>33</ele>
        <time>2025-10-04T17:11:12.000Z</time>
        <extensions>
          <ns3:TrackPointExtension>
            <ns3:hr>171</ns3:hr>
            <ns3:cad>82</ns3:cad>
          </ns3:TrackPointExtension>
        </extensions>
      </trkpt>
      <trkpt lat="40.7816333882510662078857421875" lon="-73.961991705000400543212890625">
        <ele>33</ele>
        <time>2025-10-04T17:11:19.000Z</time>
        <extensions>
          <ns3:TrackPointExtension>
            <ns3:hr>175</ns3:hr>
            <ns3:cad>82</ns3:cad>
          </ns3:TrackPointExtension>
        </extensions>
      </trkpt>
      <trkpt lat="40.7816161215305328369140625" lon="-73.96173714660108089447021484375">
        <ele>33.200000762939453125</ele>
        <time>2025-10-04T17:11:27.000Z</time>
        <extensions>
          <ns3:TrackPointExtension>
            <ns3:hr>174</ns3:hr>
            <ns3:cad>83</ns3:cad>
          </ns3:TrackPointExtension>
        </extensions>
      </trkpt>
      <trkpt lat="40.7816008664667606353759765625" lon="-73.9614876173436641693115234375">
        <ele>33.40000152587890625</ele>
        <time>2025-10-04T17:11:35.000Z</time>
        <extensions>
          <ns3:TrackPointExtension>
            <ns3:hr>172</ns3:hr>
            <ns3:cad>82</ns3:cad>
          </ns3:TrackPointExtension>
        </extensions>
      </trkpt>
      <trkpt lat="40.7816089130938053131103515625" lon="-73.9613716118037700653076171875">
        <ele>33.40000152587890625</ele>
        <time>2025-10-04T17:11:39.000Z</time>
        <extensions>
          <ns3:TrackPointExtension>
            <ns3:hr>169</ns3:hr>
            <ns3:cad>82</ns3:cad>
          </ns3:TrackPointExtension>
        </extensions>
      </trkpt>
      <trkpt lat="40.78163615427911281585693359375" lon="-73.9611298777163028717041015625">
        <ele>32.799999237060546875</ele>
        <time>2025-10-04T17:11:47.000Z</time>
        <extensions>
          <ns3:TrackPointExtension>
            <ns3:hr>169</ns3:hr>
            <ns3:cad>84</ns3:cad>
          </ns3:TrackPointExtension>
        </extensions>
      </trkpt>
      <trkpt lat="40.78169348649680614471435546875" lon="-73.9608857966959476470947265625">
        <ele>31.799999237060546875</ele>
        <time>2025-10-04T17:11:57.000Z</time>
        <extensions>
          <ns3:TrackPointExtension>
            <ns3:hr>170</ns3:hr>
            <ns3:cad>84</ns3:cad>
          </ns3:TrackPointExtension>
        </extensions>
      </trkpt>
      <trkpt lat="40.78180982731282711029052734375" lon="-73.9607422985136508941650390625">
        <ele>31.3999996185302734375</ele>
        <time>2025-10-04T17:12:04.000Z</time>
        <extensions>
          <ns3:TrackPointExtension>
            <ns3:hr>168</ns3:hr>
            <ns3:cad>85</ns3:cad>
          </ns3:TrackPointExtension>
        </extensions>
      </trkpt>
      <trkpt lat="40.78197486698627471923828125" lon="-73.96062771789729595184326171875">
        <ele>31.799999237060546875</ele>
        <time>2025-10-04T17:12:12.000Z</time>
        <extensions>
          <ns3:TrackPointExtension>
            <ns3:hr>166</ns3:hr>
            <ns3:cad>84</ns3:cad>
          </ns3:TrackPointExtension>
        </extensions>
      </trkpt>
      <trkpt lat="40.78202893026173114776611328125" lon="-73.96060374565422534942626953125">
        <ele>32</ele>
        <time>2025-10-04T17:12:15.000Z</time>
        <extensions>
          <ns3:TrackPointExtension>
            <ns3:hr>163</ns3:hr>
            <ns3:cad>84</ns3:cad>
          </ns3:TrackPointExtension>
        </extensions>
      </trkpt>
      <trkpt lat="40.7820658944547176361083984375" lon="-73.9605791866779327392578125">
        <ele>32</ele>
        <time>2025-10-04T17:12:17.000Z</time>
        <extensions>
          <ns3:TrackPointExtension>
            <ns3:hr>159</ns3:hr>
            <ns3:cad>83</ns3:cad>
          </ns3:TrackPointExtension>
        </extensions>
      </trkpt>
      <trkpt lat="40.78223026357591152191162109375" lon="-73.96046854555606842041015625">
        <ele>32.59999847412109375</ele>
        <time>2025-10-04T17:12:25.000Z</time>
        <extensions>
          <ns3:TrackPointExtension>
            <ns3:hr>161</ns3:hr>
            <ns3:cad>86</ns3:cad>
          </ns3:TrackPointExtension>
        </extensions>
      </trkpt>
      <trkpt lat="40.782343335449695587158203125" lon="-73.960398137569427490234375">
        <ele>33.200000762939453125</ele>
        <time>2025-10-04T17:12:31.000Z</time>
        <extensions>
          <ns3:TrackPointExtension>
            <ns3:hr>165</ns3:hr>
            <ns3:cad>85</ns3:cad>
          </ns3:TrackPointExtension>
        </extensions>
      </trkpt>
      <trkpt lat="40.7825275696814060211181640625" lon="-73.96029478870332241058349609375">
        <ele>33.200000762939453125</ele>
        <time>2025-10-04T17:12:40.000Z</time>
        <extensions>
          <ns3:TrackPointExtension>
            <ns3:hr>165</ns3:hr>
            <ns3:cad>86</ns3:cad>
          </ns3:TrackPointExtension>
        </extensions>
      </trkpt>
      <trkpt lat="40.78262572176754474639892578125" lon="-73.9602021686732769012451171875">
        <ele>33</ele>
        <time>2025-10-04T17:12:45.000Z</time>
        <extensions>
          <ns3:TrackPointExtension>
            <ns3:hr>162</ns3:hr>
            <ns3:cad>85</ns3:cad>
          </ns3:TrackPointExtension>
        </extensions>
      </trkpt>
      <trkpt lat="40.78271809034049510955810546875" lon="-73.9601203612983226776123046875">
        <ele>33</ele>
        <time>2025-10-04T17:12:49.000Z</time>
        <extensions>
          <ns3:TrackPointExtension>
            <ns3:hr>165</ns3:hr>
            <ns3:cad>84</ns3:cad>
          </ns3:TrackPointExtension>
        </extensions>
      </trkpt>
      <trkpt lat="40.78286360017955303192138671875" lon="-73.95999454893171787261962890625">
        <ele>33</ele>
        <time>2025-10-04T17:12:57.000Z</time>
        <extensions>
          <ns3:TrackPointExtension>
            <ns3:hr>168</ns3:hr>
            <ns3:cad>85</ns3:cad>
          </ns3:TrackPointExtension>
        </extensions>
      </trkpt>
      <trkpt lat="40.78301330097019672393798828125" lon="-73.95990771241486072540283203125">
        <ele>33.200000762939453125</ele>
        <time>2025-10-04T17:13:04.000Z</time>
        <extensions>
          <ns3:TrackPointExtension>
            <ns3:hr>171</ns3:hr>
            <ns3:cad>85</ns3:cad>
          </ns3:TrackPointExtension>
        </extensions>
      </trkpt>
      <trkpt lat="40.7831733115017414093017578125" lon="-73.95978366024792194366455078125">
        <ele>33.799999237060546875</ele>
        <time>2025-10-04T17:13:12.000Z</time>
        <extensions>
          <ns3:TrackPointExtension>
            <ns3:hr>168</ns3:hr>
            <ns3:cad>84</ns3:cad>
          </ns3:TrackPointExtension>
        </extensions>
      </trkpt>
      <trkpt lat="40.783248580992221832275390625" lon="-73.9597289264202117919921875">
        <ele>34.200000762939453125</ele>
        <time>2025-10-04T17:13:16.000Z</time>
        <extensions>
          <ns3:TrackPointExtension>
            <ns3:hr>165</ns3:hr>
            <ns3:cad>86</ns3:cad>
          </ns3:TrackPointExtension>
        </extensions>
      </trkpt>
      <trkpt lat="40.78340054489672183990478515625" lon="-73.9596278406679630279541015625">
        <ele>34.40000152587890625</ele>
        <time>2025-10-04T17:13:23.000Z</time>
        <extensions>
          <ns3:TrackPointExtension>
            <ns3:hr>168</ns3:hr>
            <ns3:cad>85</ns3:cad>
          </ns3:TrackPointExtension>
        </extensions>
      </trkpt>
      <trkpt lat="40.78357304446399211883544921875" lon="-73.95948995836079120635986328125">
        <ele>34.59999847412109375</ele>
        <time>2025-10-04T17:13:31.000Z</time>
        <extensions>
          <ns3:TrackPointExtension>
            <ns3:hr>165</ns3:hr>
            <ns3:cad>85</ns3:cad>
          </ns3:TrackPointExtension>
        </extensions>
      </trkpt>
      <trkpt lat="40.78370086848735809326171875" lon="-73.959386609494686126708984375">
        <ele>34.799999237060546875</ele>
        <time>2025-10-04T17:13:37.000Z</time>
        <extensions>
          <ns3:TrackPointExtension>
            <ns3:hr>168</ns3:hr>
            <ns3:cad>84</ns3:cad>
          </ns3:TrackPointExtension>
        </extensions>
      </trkpt>
      <trkpt lat="40.78371956013143062591552734375" lon="-73.95936858840286731719970703125">
        <ele>34.799999237060546875</ele>
        <time>2025-10-04T17:13:38.000Z</time>
        <extensions>
          <ns3:TrackPointExtension>
            <ns3:hr>173</ns3:hr>
            <ns3:cad>84</ns3:cad>
          </ns3:TrackPointExtension>
        </extensions>
      </trkpt>
      <trkpt lat="40.78379608690738677978515625" lon="-73.9593110047280788421630859375">
        <ele>35</ele>
        <time>2025-10-04T17:13:42.000Z</time>
        <extensions>
          <ns3:TrackPointExtension>
            <ns3:hr>168</ns3:hr>
            <ns3:cad>84</ns3:cad>
          </ns3:TrackPointExtension>
        </extensions>
      </trkpt>
      <trkpt lat="40.78381377272307872772216796875" lon="-73.95929549820721149444580078125">
        <ele>35.200000762939453125</ele>
        <time>2025-10-04T17:13:43.000Z</time>
        <extensions>
          <ns3:TrackPointExtension>
            <ns3:hr>168</ns3:hr>
            <ns3:cad>84</ns3:cad>
          </ns3:TrackPointExtension>
        </extensions>
      </trkpt>
      <trkpt lat="40.78397872857749462127685546875" lon="-73.95918301306664943695068359375">
        <ele>35.799999237060546875</ele>
        <time>2025-10-04T17:13:51.000Z</time>
        <extensions>
          <ns3:TrackPointExtension>
            <ns3:hr>168</ns3:hr>
            <ns3:cad>84</ns3:cad>
          </ns3:TrackPointExtension>
        </extensions>
      </trkpt>
      <trkpt lat="40.78402005136013031005859375" lon="-73.95915501751005649566650390625">
        <ele>36</ele>
        <time>2025-10-04T17:13:53.000Z</time>
        <extensions>
          <ns3:TrackPointExtension>
            <ns3:hr>171</ns3:hr>
            <ns3:cad>85</ns3:cad>
          </ns3:TrackPointExtension>
        </extensions>
      </trkpt>
      <trkpt lat="40.78414804302155971527099609375" lon="-73.95907136611640453338623046875">
        <ele>35.799999237060546875</ele>
        <time>2025-10-04T17:13:59.000Z</time>
        <extensions>
          <ns3:TrackPointExtension>
            <ns3:hr>171</ns3:hr>
            <ns3:cad>86</ns3:cad>
          </ns3:TrackPointExtension>
        </extensions>
      </trkpt>
      <trkpt lat="40.784223563969135284423828125" lon="-73.9590199850499629974365234375">
        <ele>35.59999847412109375</ele>
        <time>2025-10-04T17:14:03.000Z</time>
        <extensions>
          <ns3:TrackPointExtension>
            <ns3:hr>166</ns3:hr>
            <ns3:cad>85</ns3:cad>
          </ns3:TrackPointExtension>
        </extensions>
      </trkpt>
      <trkpt lat="40.78438642434775829315185546875" lon="-73.9588902331888675689697265625">
        <ele>35</ele>
        <time>2025-10-04T17:14:10.000Z</time>
        <extensions>
          <ns3:TrackPointExtension>
            <ns3:hr>168</ns3:hr>
            <ns3:cad>86</ns3:cad>
          </ns3:TrackPointExtension>
        </extensions>
      </trkpt>
      <trkpt lat="40.78454936854541301727294921875" lon="-73.9587591402232646942138671875">
        <ele>34.59999847412109375</ele>
        <time>2025-10-04T17:14:18.000Z</time>
        <extensions>
          <ns3:TrackPointExtension>
            <ns3:hr>169</ns3:hr>
            <ns3:cad>84</ns3:cad>
          </ns3:TrackPointExtension>
        </extensions>
      </trkpt>
      <trkpt lat="40.78458859585225582122802734375" lon="-73.95872888155281543731689453125">
        <ele>34.59999847412109375</ele>
        <time>2025-10-04T17:14:20.000Z</time>
        <extensions>
          <ns3:TrackPointExtension>
            <ns3:hr>166</ns3:hr>
            <ns3:cad>83</ns3:cad>
          </ns3:TrackPointExtension>
        </extensions>
      </trkpt>
      <trkpt lat="40.7847444154322147369384765625" lon="-73.9586062543094158172607421875">
        <ele>34.59999847412109375</ele>
        <time>2025-10-04T17:14:28.000Z</time>
        <extensions>
          <ns3:TrackPointExtension>
            <ns3:hr>166</ns3:hr>
            <ns3:cad>85</ns3:cad>
          </ns3:TrackPointExtension>
        </extensions>
      </trkpt>
      <trkpt lat="40.784781463444232940673828125" lon="-73.95857582800090312957763671875">
        <ele>34.59999847412109375</ele>
        <time>2025-10-04T17:14:30.000Z</time>
        <extensions>
          <ns3:TrackPointExtension>
            <ns3:hr>169</ns3:hr>
            <ns3:cad>85</ns3:cad>
          </ns3:TrackPointExtension>
        </extensions>
      </trkpt>
      <trkpt lat="40.78495890833437442779541015625" lon="-73.95846636034548282623291015625">
        <ele>34.40000152587890625</ele>
        <time>2025-10-04T17:14:38.000Z</time>
        <extensions>
          <ns3:TrackPointExtension>
            <ns3:hr>168</ns3:hr>
            <ns3:cad>84</ns3:cad>
          </ns3:TrackPointExtension>
        </extensions>
      </trkpt>
      <trkpt lat="40.785129480063915252685546875" lon="-73.95837374031543731689453125">
        <ele>34.200000762939453125</ele>
        <time>2025-10-04T17:14:46.000Z</time>
        <extensions>
          <ns3:TrackPointExtension>
            <ns3:hr>167</ns3:hr>
            <ns3:cad>83</ns3:cad>
          </ns3:TrackPointExtension>
        </extensions>
      </trkpt>
      <trkpt lat="40.78527532517910003662109375" lon="-73.9582371152937412261962890625">
        <ele>34.200000762939453125</ele>
        <time>2025-10-04T17:14:55.000Z</time>
        <extensions>
          <ns3:TrackPointExtension>
            <ns3:hr>168</ns3:hr>
            <ns3:cad>84</ns3:cad>
          </ns3:TrackPointExtension>
        </extensions>
      </trkpt>
      <trkpt lat="40.785331316292285919189453125" lon="-73.9581965468823909759521484375">
        <ele>34.200000762939453125</ele>
        <time>2025-10-04T17:14:58.000Z</time>
        <extensions>
          <ns3:TrackPointExtension>
            <ns3:hr>171</ns3:hr>
            <ns3:cad>85</ns3:cad>
          </ns3:TrackPointExtension>
        </extensions>
      </trkpt>
      <trkpt lat="40.7855085097253322601318359375" lon="-73.95811063237488269805908203125">
        <ele>34.59999847412109375</ele>
        <time>2025-10-04T17:15:06.000Z</time>
        <extensions>
          <ns3:TrackPointExtension>
            <ns3:hr>170</ns3:hr>
            <ns3:cad>84</ns3:cad>
          </ns3:TrackPointExtension>
        </extensions>
      </trkpt>
      <trkpt lat="40.78565561212599277496337890625" lon="-73.9580128155648708343505859375">
        <ele>34.59999847412109375</ele>
        <time>2025-10-04T17:15:13.000Z</time>
        <extensions>
          <ns3:TrackPointExtension>
            <ns3:hr>167</ns3:hr>
            <ns3:cad>85</ns3:cad>
          </ns3:TrackPointExtension>
        </extensions>
      </trkpt>
      <trkpt lat="40.785742364823818206787109375" lon="-73.95793410949409008026123046875">
        <ele>34.40000152587890625</ele>
        <time>2025-10-04T17:15:17.000Z</time>
        <extensions>
          <ns3:TrackPointExtension>
            <ns3:hr>164</ns3:hr>
            <ns3:cad>82</ns3:cad>
          </ns3:TrackPointExtension>
        </extensions>
      </trkpt>
      <trkpt lat="40.7859011180698871612548828125" lon="-73.95779647864401340484619140625">
        <ele>34.59999847412109375</ele>
        <time>2025-10-04T17:15:24.000Z</time>
        <extensions>
          <ns3:TrackPointExtension>
            <ns3:hr>165</ns3:hr>
            <ns3:cad>83</ns3:cad>
          </ns3:TrackPointExtension>
        </extensions>
      </trkpt>
      <trkpt lat="40.78604570589959621429443359375" lon="-73.95770964212715625762939453125">
        <ele>34.799999237060546875</ele>
        <time>2025-10-04T17:15:30.000Z</time>
        <extensions>
          <ns3:TrackPointExtension>
            <ns3:hr>168</ns3:hr>
            <ns3:cad>84</ns3:cad>
          </ns3:TrackPointExtension>
        </extensions>
      </trkpt>
      <trkpt lat="40.78622273169457912445068359375" lon="-73.95760470069944858551025390625">
        <ele>34.200000762939453125</ele>
        <time>2025-10-04T17:15:38.000Z</time>
        <extensions>
          <ns3:TrackPointExtension>
            <ns3:hr>167</ns3:hr>
            <ns3:cad>85</ns3:cad>
          </ns3:TrackPointExtension>
        </extensions>
      </trkpt>
      <trkpt lat="40.78640227206051349639892578125" lon="-73.9574944786727428436279296875">
        <ele>33.200000762939453125</ele>
        <time>2025-10-04T17:15:46.000Z</time>
        <extensions>
          <ns3:TrackPointExtension>
            <ns3:hr>167</ns3:hr>
            <ns3:cad>84</ns3:cad>
          </ns3:TrackPointExtension>
        </extensions>
      </trkpt>
      <trkpt lat="40.78648659400641918182373046875" lon="-73.95744410343468189239501953125">
        <ele>32.59999847412109375</ele>
        <time>2025-10-04T17:15:50.000Z</time>
        <extensions>
          <ns3:TrackPointExtension>
            <ns3:hr>170</ns3:hr>
            <ns3:cad>86</ns3:cad>
          </ns3:TrackPointExtension>
        </extensions>
      </trkpt>
      <trkpt lat="40.78666093759238719940185546875" lon="-73.9573060534894466400146484375">
        <ele>31.6000003814697265625</ele>
        <time>2025-10-04T17:15:58.000Z</time>
        <extensions>
          <ns3:TrackPointExtension>
            <ns3:hr>168</ns3:hr>
            <ns3:cad>84</ns3:cad>
          </ns3:TrackPointExtension>
        </extensions>
      </trkpt>
      <trkpt lat="40.7868241332471370697021484375" lon="-73.95719432272017002105712890625">
        <ele>31</ele>
        <time>2025-10-04T17:16:06.000Z</time>
        <extensions>
          <ns3:TrackPointExtension>
            <ns3:hr>166</ns3:hr>
            <ns3:cad>82</ns3:cad>
          </ns3:TrackPointExtension>
        </extensions>
      </trkpt>
      <trkpt lat="40.78695413656532764434814453125" lon="-73.9571427740156650543212890625">
        <ele>30.6000003814697265625</ele>
        <time>2025-10-04T17:16:12.000Z</time>
        <extensions>
          <ns3:TrackPointExtension>
            <ns3:hr>163</ns3:hr>
            <ns3:cad>82</ns3:cad>
          </ns3:TrackPointExtension>
        </extensions>
      </trkpt>
      <trkpt lat="40.7871399633586406707763671875" lon="-73.957104720175266265869140625">
        <ele>30.3999996185302734375</ele>
        <time>2025-10-04T17:16:20.000Z</time>
        <extensions>
          <ns3:TrackPointExtension>
            <ns3:hr>161</ns3:hr>
            <ns3:cad>83</ns3:cad>
          </ns3:TrackPointExtension>
        </extensions>
      </trkpt>
      <trkpt lat="40.78733123838901519775390625" lon="-73.95708301104605197906494140625">
        <ele>30.6000003814697265625</ele>
        <time>2025-10-04T17:16:29.000Z</time>
        <extensions>
          <ns3:TrackPointExtension>
            <ns3:hr>161</ns3:hr>
            <ns3:cad>82</ns3:cad>
          </ns3:TrackPointExtension>
        </extensions>
      </trkpt>
      <trkpt lat="40.78752561472356319427490234375" lon="-73.95711586810648441314697265625">
        <ele>30.200000762939453125</ele>
        <time>2025-10-04T17:16:38.000Z</time>
        <extensions>
          <ns3:TrackPointExtension>
            <ns3:hr>161</ns3:hr>
            <ns3:cad>82</ns3:cad>
          </ns3:TrackPointExtension>
        </extensions>
      </trkpt>
      <trkpt lat="40.78771890141069889068603515625" lon="-73.9571149460971355438232421875">
        <ele>29.6000003814697265625</ele>
        <time>2025-10-04T17:16:46.000Z</time>
        <extensions>
          <ns3:TrackPointExtension>
            <ns3:hr>162</ns3:hr>
            <ns3:cad>83</ns3:cad>
          </ns3:TrackPointExtension>
        </extensions>
      </trkpt>
      <trkpt lat="40.78791822306811809539794921875" lon="-73.957081921398639678955078125">
        <ele>29.6000003814697265625</ele>
        <time>2025-10-04T17:16:54.000Z</time>
        <extensions>
          <ns3:TrackPointExtension>
            <ns3:hr>164</ns3:hr>
            <ns3:cad>83</ns3:cad>
          </ns3:TrackPointExtension>
        </extensions>
      </trkpt>
      <trkpt lat="40.7880958355963230133056640625" lon="-73.95703137852251529693603515625">
        <ele>28.799999237060546875</ele>
        <time>2025-10-04T17:17:02.000Z</time>
        <extensions>
          <ns3:TrackPointExtension>
            <ns3:hr>166</ns3:hr>
            <ns3:cad>82</ns3:cad>
          </ns3:TrackPointExtension>
        </extensions>
      </trkpt>
      <trkpt lat="40.78813279978930950164794921875" lon="-73.95701277069747447967529296875">
        <ele>28.6000003814697265625</ele>
        <time>2025-10-04T17:17:04.000Z</time>
        <extensions>
          <ns3:TrackPointExtension>
            <ns3:hr>166</ns3:hr>
            <ns3:cad>82</ns3:cad>
          </ns3:TrackPointExtension>
        </extensions>
      </trkpt>
      <trkpt lat="40.78830999322235584259033203125" lon="-73.9569570310413837432861328125">
        <ele>28.200000762939453125</ele>
        <time>2025-10-04T17:17:12.000Z</time>
        <extensions>
          <ns3:TrackPointExtension>
            <ns3:hr>165</ns3:hr>
            <ns3:cad>83</ns3:cad>
          </ns3:TrackPointExtension>
        </extensions>
      </trkpt>
      <trkpt lat="40.78838090412318706512451171875" lon="-73.9569543488323688507080078125">
        <ele>28.200000762939453125</ele>
        <time>2025-10-04T17:17:15.000Z</time>
        <extensions>
          <ns3:TrackPointExtension>
            <ns3:hr>172</ns3:hr>
            <ns3:cad>84</ns3:cad>
          </ns3:TrackPointExtension>
        </extensions>
      </trkpt>
      <trkpt lat="40.78840588219463825225830078125" lon="-73.95695476792752742767333984375">
        <ele>28.200000762939453125</ele>
        <time>2025-10-04T17:17:16.000Z</time>
        <extensions>
          <ns3:TrackPointExtension>
            <ns3:hr>172</ns3:hr>
            <ns3:cad>84</ns3:cad>
          </ns3:TrackPointExtension>
        </extensions>
      </trkpt>
      <trkpt lat="40.78856195323169231414794921875" lon="-73.95696868188679218292236328125">
        <ele>27.799999237060546875</ele>
        <time>2025-10-04T17:17:22.000Z</time>
        <extensions>
          <ns3:TrackPointExtension>
            <ns3:hr>169</ns3:hr>
            <ns3:cad>82</ns3:cad>
          </ns3:TrackPointExtension>
        </extensions>
      </trkpt>
      <trkpt lat="40.78872053883969783782958984375" lon="-73.95697454921901226043701171875">
        <ele>26.799999237060546875</ele>
        <time>2025-10-04T17:17:29.000Z</time>
        <extensions>
          <ns3:TrackPointExtension>
            <ns3:hr>166</ns3:hr>
            <ns3:cad>82</ns3:cad>
          </ns3:TrackPointExtension>
        </extensions>
      </trkpt>
      <trkpt lat="40.78889572061598300933837890625" lon="-73.95704713650047779083251953125">
        <ele>26.3999996185302734375</ele>
        <time>2025-10-04T17:17:38.000Z</time>
        <extensions>
          <ns3:TrackPointExtension>
            <ns3:hr>163</ns3:hr>
            <ns3:cad>81</ns3:cad>
          </ns3:TrackPointExtension>
        </extensions>
      </trkpt>
      <trkpt lat="40.78904592432081699371337890625" lon="-73.957190215587615966796875">
        <ele>26</ele>
        <time>2025-10-04T17:17:45.000Z</time>
        <extensions>
          <ns3:TrackPointExtension>
            <ns3:hr>163</ns3:hr>
            <ns3:cad>84</ns3:cad>
          </ns3:TrackPointExtension>
        </extensions>
      </trkpt>
      <trkpt lat="40.7891435734927654266357421875" lon="-73.95729037933051586151123046875">
        <ele>26</ele>
        <time>2025-10-04T17:17:50.000Z</time>
        <extensions>
          <ns3:TrackPointExtension>
            <ns3:hr>166</ns3:hr>
            <ns3:cad>84</ns3:cad>
          </ns3:TrackPointExtension>
        </extensions>
      </trkpt>
      <trkpt lat="40.78930911608040332794189453125" lon="-73.9574257470667362213134765625">
        <ele>25</ele>
        <time>2025-10-04T17:17:58.000Z</time>
        <extensions>
          <ns3:TrackPointExtension>
            <ns3:hr>166</ns3:hr>
            <ns3:cad>83</ns3:cad>
          </ns3:TrackPointExtension>
        </extensions>
      </trkpt>
      <trkpt lat="40.78949586488306522369384765625" lon="-73.95747796632349491119384765625">
        <ele>25</ele>
        <time>2025-10-04T17:18:07.000Z</time>
        <extensions>
          <ns3:TrackPointExtension>
            <ns3:hr>165</ns3:hr>
            <ns3:cad>83</ns3:cad>
          </ns3:TrackPointExtension>
        </extensions>
      </trkpt>
      <trkpt lat="40.789691917598247528076171875" lon="-73.95745667628943920135498046875">
        <ele>25</ele>
        <time>2025-10-04T17:18:15.000Z</time>
        <extensions>
          <ns3:TrackPointExtension>
            <ns3:hr>166</ns3:hr>
            <ns3:cad>83</ns3:cad>
          </ns3:TrackPointExtension>
        </extensions>
      </trkpt>
      <trkpt lat="40.78985829837620258331298828125" lon="-73.95739280618727207183837890625">
        <ele>24.6000003814697265625</ele>
        <time>2025-10-04T17:18:22.000Z</time>
        <extensions>
          <ns3:TrackPointExtension>
            <ns3:hr>163</ns3:hr>
            <ns3:cad>81</ns3:cad>
          </ns3:TrackPointExtension>
        </extensions>
      </trkpt>
      <trkpt lat="40.79003850929439067840576171875" lon="-73.95729909650981426239013671875">
        <ele>24.3999996185302734375</ele>
        <time>2025-10-04T17:18:30.000Z</time>
        <extensions>
          <ns3:TrackPointExtension>
            <ns3:hr>162</ns3:hr>
            <ns3:cad>80</ns3:cad>
          </ns3:TrackPointExtension>
        </extensions>
      </trkpt>
      <trkpt lat="40.79021486453711986541748046875" lon="-73.9571957476437091827392578125">
        <ele>24</ele>
        <time>2025-10-04T17:18:38.000Z</time>
        <extensions>
          <ns3:TrackPointExtension>
            <ns3:hr>161</ns3:hr>
            <ns3:cad>81</ns3:cad>
          </ns3:TrackPointExtension>
        </extensions>
      </trkpt>
      <trkpt lat="40.79037361778318881988525390625" lon="-73.95708988420665264129638671875">
        <ele>23.6000003814697265625</ele>
        <time>2025-10-04T17:18:45.000Z</time>
        <extensions>
          <ns3:TrackPointExtension>
            <ns3:hr>164</ns3:hr>
            <ns3:cad>83</ns3:cad>
          </ns3:TrackPointExtension>
        </extensions>
      </trkpt>
      <trkpt lat="40.79053371213376522064208984375" lon="-73.95696692168712615966796875">
        <ele>23.200000762939453125</ele>
        <time>2025-10-04T17:18:53.000Z</time>
        <extensions>
          <ns3:TrackPointExtension>
            <ns3:hr>165</ns3:hr>
            <ns3:cad>82</ns3:cad>
          </ns3:TrackPointExtension>
        </extensions>
      </trkpt>
      <trkpt lat="40.7907032780349254608154296875" lon="-73.9568185620009899139404296875">
        <ele>23</ele>
        <time>2025-10-04T17:19:02.000Z</time>
        <extensions>
          <ns3:TrackPointExtension>
            <ns3:hr>167</ns3:hr>
            <ns3:cad>82</ns3:cad>
          </ns3:TrackPointExtension>
        </extensions>
      </trkpt>
      <trkpt lat="40.79087334685027599334716796875" lon="-73.95668034441769123077392578125">
        <ele>23.6000003814697265625</ele>
        <time>2025-10-04T17:19:10.000Z</time>
        <extensions>
          <ns3:TrackPointExtension>
            <ns3:hr>167</ns3:hr>
            <ns3:cad>82</ns3:cad>
          </ns3:TrackPointExtension>
        </extensions>
      </trkpt>
      <trkpt lat="40.791012905538082122802734375" lon="-73.95655361004173755645751953125">
        <ele>24.200000762939453125</ele>
        <time>2025-10-04T17:19:17.000Z</time>
        <extensions>
          <ns3:TrackPointExtension>
            <ns3:hr>164</ns3:hr>
            <ns3:cad>82</ns3:cad>
          </ns3:TrackPointExtension>
        </extensions>
      </trkpt>
      <trkpt lat="40.7911099679768085479736328125" lon="-73.95646895281970500946044921875">
        <ele>24.200000762939453125</ele>
        <time>2025-10-04T17:19:22.000Z</time>
        <extensions>
          <ns3:TrackPointExtension>
            <ns3:hr>167</ns3:hr>
            <ns3:cad>83</ns3:cad>
          </ns3:TrackPointExtension>
        </extensions>
      </trkpt>
      <trkpt lat="40.79125137068331241607666015625" lon="-73.95631623454391956329345703125">
        <ele>24</ele>
        <time>2025-10-04T17:19:30.000Z</time>
        <extensions>
          <ns3:TrackPointExtension>
            <ns3:hr>166</ns3:hr>
            <ns3:cad>82</ns3:cad>
          </ns3:TrackPointExtension>
        </extensions>
      </trkpt>
      <trkpt lat="40.79129059799015522003173828125" lon="-73.95627968944609165191650390625">
        <ele>24</ele>
        <time>2025-10-04T17:19:32.000Z</time>
        <extensions>
          <ns3:TrackPointExtension>
            <ns3:hr>170</ns3:hr>
            <ns3:cad>82</ns3:cad>
          </ns3:TrackPointExtension>
        </extensions>
      </trkpt>
      <trkpt lat="40.7913644425570964813232421875" lon="-73.95619318820536136627197265625">
        <ele>24</ele>
        <time>2025-10-04T17:19:36.000Z</time>
        <extensions>
          <ns3:TrackPointExtension>
            <ns3:hr>166</ns3:hr>
            <ns3:cad>84</ns3:cad>
          </ns3:TrackPointExtension>
        </extensions>
      </trkpt>
      <trkpt lat="40.79138095490634441375732421875" lon="-73.9561728201806545257568359375">
        <ele>24</ele>
        <time>2025-10-04T17:19:37.000Z</time>
        <extensions>
          <ns3:TrackPointExtension>
            <ns3:hr>162</ns3:hr>
            <ns3:cad>84</ns3:cad>
          </ns3:TrackPointExtension>
        </extensions>
      </trkpt>
      <trkpt lat="40.7913981378078460693359375" lon="-73.956153877079486846923828125">
        <ele>24</ele>
        <time>2025-10-04T17:19:38.000Z</time>
        <extensions>
          <ns3:TrackPointExtension>
            <ns3:hr>162</ns3:hr>
            <ns3:cad>84</ns3:cad>
          </ns3:TrackPointExtension>
        </extensions>
      </trkpt>
      <trkpt lat="40.79144633375108242034912109375" lon="-73.9560873247683048248291015625">
        <ele>24</ele>
        <time>2025-10-04T17:19:41.000Z</time>
        <extensions>
          <ns3:TrackPointExtension>
            <ns3:hr>165</ns3:hr>
            <ns3:cad>85</ns3:cad>
          </ns3:TrackPointExtension>
        </extensions>
      </trkpt>
      <trkpt lat="40.7915810309350490570068359375" lon="-73.9559230394661426544189453125">
        <ele>23.6000003814697265625</ele>
        <time>2025-10-04T17:19:49.000Z</time>
        <extensions>
          <ns3:TrackPointExtension>
            <ns3:hr>161</ns3:hr>
            <ns3:cad>85</ns3:cad>
          </ns3:TrackPointExtension>
        </extensions>
      </trkpt>
      <trkpt lat="40.79159888438880443572998046875" lon="-73.95590300671756267547607421875">
        <ele>23.6000003814697265625</ele>
        <time>2025-10-04T17:19:50.000Z</time>
        <extensions>
          <ns3:TrackPointExtension>
            <ns3:hr>164</ns3:hr>
            <ns3:cad>85</ns3:cad>
          </ns3:TrackPointExtension>
        </extensions>
      </trkpt>
      <trkpt lat="40.7917339168488979339599609375" lon="-73.955720700323581695556640625">
        <ele>23.3999996185302734375</ele>
        <time>2025-10-04T17:19:58.000Z</time>
        <extensions>
          <ns3:TrackPointExtension>
            <ns3:hr>163</ns3:hr>
            <ns3:cad>84</ns3:cad>
          </ns3:TrackPointExtension>
        </extensions>
      </trkpt>
      <trkpt lat="40.791863836348056793212890625" lon="-73.955539651215076446533203125">
        <ele>23.200000762939453125</ele>
        <time>2025-10-04T17:20:06.000Z</time>
        <extensions>
          <ns3:TrackPointExtension>
            <ns3:hr>162</ns3:hr>
            <ns3:cad>85</ns3:cad>
          </ns3:TrackPointExtension>
        </extensions>
      </trkpt>
      <trkpt lat="40.79196735285222530364990234375" lon="-73.9553986676037311553955078125">
        <ele>23</ele>
        <time>2025-10-04T17:20:12.000Z</time>
        <extensions>
          <ns3:TrackPointExtension>
            <ns3:hr>165</ns3:hr>
            <ns3:cad>87</ns3:cad>
          </ns3:TrackPointExtension>
        </extensions>
      </trkpt>
      <trkpt lat="40.792118646204471588134765625" lon="-73.9552286826074123382568359375">
        <ele>23</ele>
        <time>2025-10-04T17:20:21.000Z</time>
        <extensions>
          <ns3:TrackPointExtension>
            <ns3:hr>164</ns3:hr>
            <ns3:cad>84</ns3:cad>
          </ns3:TrackPointExtension>
        </extensions>
      </trkpt>
      <trkpt lat="40.7923032157123088836669921875" lon="-73.95513237453997135162353515625">
        <ele>22.6000003814697265625</ele>
        <time>2025-10-04T17:20:29.000Z</time>
        <extensions>
          <ns3:TrackPointExtension>
            <ns3:hr>163</ns3:hr>
            <ns3:cad>84</ns3:cad>
          </ns3:TrackPointExtension>
        </extensions>
      </trkpt>
      <trkpt lat="40.792403630912303924560546875" lon="-73.9550942368805408477783203125">
        <ele>22.3999996185302734375</ele>
        <time>2025-10-04T17:20:33.000Z</time>
        <extensions>
          <ns3:TrackPointExtension>
            <ns3:hr>160</ns3:hr>
            <ns3:cad>84</ns3:cad>
          </ns3:TrackPointExtension>
        </extensions>
      </trkpt>
      <trkpt lat="40.79259968362748622894287109375" lon="-73.9550945721566677093505859375">
        <ele>23</ele>
        <time>2025-10-04T17:20:41.000Z</time>
        <extensions>
          <ns3:TrackPointExtension>
            <ns3:hr>161</ns3:hr>
            <ns3:cad>82</ns3:cad>
          </ns3:TrackPointExtension>
        </extensions>
      </trkpt>
      <trkpt lat="40.79279229976236820220947265625" lon="-73.955114185810089111328125">
        <ele>23.3999996185302734375</ele>
        <time>2025-10-04T17:20:49.000Z</time>
        <extensions>
          <ns3:TrackPointExtension>
            <ns3:hr>161</ns3:hr>
            <ns3:cad>83</ns3:cad>
          </ns3:TrackPointExtension>
        </extensions>
      </trkpt>
      <trkpt lat="40.7929868437349796295166015625" lon="-73.95516003482043743133544921875">
        <ele>23.200000762939453125</ele>
        <time>2025-10-04T17:20:57.000Z</time>
        <extensions>
          <ns3:TrackPointExtension>
            <ns3:hr>164</ns3:hr>
            <ns3:cad>83</ns3:cad>
          </ns3:TrackPointExtension>
        </extensions>
      </trkpt>
      <trkpt lat="40.7930290885269641876220703125" lon="-73.95516355521976947784423828125">
        <ele>23</ele>
        <time>2025-10-04T17:20:59.000Z</time>
        <extensions>
          <ns3:TrackPointExtension>
            <ns3:hr>164</ns3:hr>
            <ns3:cad>83</ns3:cad>
          </ns3:TrackPointExtension>
        </extensions>
      </trkpt>
      <trkpt lat="40.793226063251495361328125" lon="-73.95517344586551189422607421875">
        <ele>23</ele>
        <time>2025-10-04T17:21:07.000Z</time>
        <extensions>
          <ns3:TrackPointExtension>
            <ns3:hr>166</ns3:hr>
            <ns3:cad>84</ns3:cad>
          </ns3:TrackPointExtension>
        </extensions>
      </trkpt>
      <trkpt lat="40.79340971074998378753662109375" lon="-73.95512759685516357421875">
        <ele>23</ele>
        <time>2025-10-04T17:21:15.000Z</time>
        <extensions>
          <ns3:TrackPointExtension>
            <ns3:hr>165</ns3:hr>
            <ns3:cad>81</ns3:cad>
          </ns3:TrackPointExtension>
        </extensions>
      </trkpt>
      <trkpt lat="40.79360048286616802215576171875" lon="-73.955065570771694183349609375">
        <ele>23</ele>
        <time>2025-10-04T17:21:24.000Z</time>
        <extensions>
          <ns3:TrackPointExtension>
            <ns3:hr>165</ns3:hr>
            <ns3:cad>82</ns3:cad>
          </ns3:TrackPointExtension>
        </extensions>
      </trkpt>
      <trkpt lat="40.793702490627765655517578125" lon="-73.9550348930060863494873046875">
        <ele>23</ele>
        <time>2025-10-04T17:21:29.000Z</time>
        <extensions>
          <ns3:TrackPointExtension>
            <ns3:hr>162</ns3:hr>
            <ns3:cad>83</ns3:cad>
          </ns3:TrackPointExtension>
        </extensions>
      </trkpt>
      <trkpt lat="40.79383534379303455352783203125" lon="-73.95500279031693935394287109375">
        <ele>23.3999996185302734375</ele>
        <time>2025-10-04T17:21:35.000Z</time>
        <extensions>
          <ns3:TrackPointExtension>
            <ns3:hr>165</ns3:hr>
            <ns3:cad>83</ns3:cad>
          </ns3:TrackPointExtension>
        </extensions>
      </trkpt>
      <trkpt lat="40.79402427189052104949951171875" lon="-73.9549648202955722808837890625">
        <ele>23.799999237060546875</ele>
        <time>2025-10-04T17:21:43.000Z</time>
        <extensions>
          <ns3:TrackPointExtension>
            <ns3:hr>166</ns3:hr>
            <ns3:cad>83</ns3:cad>
          </ns3:TrackPointExtension>
        </extensions>
      </trkpt>
      <trkpt lat="40.79421169124543666839599609375" lon="-73.95490203984081745147705078125">
        <ele>23.6000003814697265625</ele>
        <time>2025-10-04T17:21:52.000Z</time>
        <extensions>
          <ns3:TrackPointExtension>
            <ns3:hr>164</ns3:hr>
            <ns3:cad>81</ns3:cad>
          </ns3:TrackPointExtension>
        </extensions>
      </trkpt>
      <trkpt lat="40.79436290077865123748779296875" lon="-73.95484621636569499969482421875">
        <ele>23.3999996185302734375</ele>
        <time>2025-10-04T17:22:00.000Z</time>
        <extensions>
          <ns3:TrackPointExtension>
            <ns3:hr>161</ns3:hr>
            <ns3:cad>80</ns3:cad>
          </ns3:TrackPointExtension>
        </extensions>
      </trkpt>
      <trkpt lat="40.79453472979366779327392578125" lon="-73.954745046794414520263671875">
        <ele>23.799999237060546875</ele>
        <time>2025-10-04T17:22:08.000Z</time>
        <extensions>
          <ns3:TrackPointExtension>
            <ns3:hr>162</ns3:hr>
            <ns3:cad>82</ns3:cad>
          </ns3:TrackPointExtension>
        </extensions>
      </trkpt>
      <trkpt lat="40.794690884649753570556640625" lon="-73.95460389554500579833984375">
        <ele>24.200000762939453125</ele>
        <time>2025-10-04T17:22:18.000Z</time>
        <extensions>
          <ns3:TrackPointExtension>
            <ns3:hr>161</ns3:hr>
            <ns3:cad>81</ns3:cad>
          </ns3:TrackPointExtension>
        </extensions>
      </trkpt>
      <trkpt lat="40.79481585882604122161865234375" lon="-73.95442678593099117279052734375">
        <ele>24.799999237060546875</ele>
        <time>2025-10-04T17:22:27.000Z</time>
        <extensions>
          <ns3:TrackPointExtension>
            <ns3:hr>160</ns3:hr>
            <ns3:cad>81</ns3:cad>
          </ns3:TrackPointExtension>
        </extensions>
      </trkpt>
      <trkpt lat="40.79495214857161045074462890625" lon="-73.954255878925323486328125">
        <ele>24.3999996185302734375</ele>
        <time>2025-10-04T17:22:36.000Z</time>
        <extensions>
          <ns3:TrackPointExtension>
            <ns3:hr>158</ns3:hr>
            <ns3:cad>79</ns3:cad>
          </ns3:TrackPointExtension>
        </extensions>
      </trkpt>
      <trkpt lat="40.79506429843604564666748046875" lon="-73.9540656097233295440673828125">
        <ele>23.200000762939453125</ele>
        <time>2025-10-04T17:22:44.000Z</time>
        <extensions>
          <ns3:TrackPointExtension>
            <ns3:hr>158</ns3:hr>
            <ns3:cad>80</ns3:cad>
          </ns3:TrackPointExtension>
        </extensions>
      </trkpt>
      <trkpt lat="40.7951681502163410186767578125" lon="-73.953859917819499969482421875">
        <ele>21</ele>
        <time>2025-10-04T17:22:52.000Z</time>
        <extensions>
          <ns3:TrackPointExtension>
            <ns3:hr>160</ns3:hr>
            <ns3:cad>81</ns3:cad>
          </ns3:TrackPointExtension>
        </extensions>
      </trkpt>
      <trkpt lat="40.7951922900974750518798828125" lon="-73.95381691865622997283935546875">
        <ele>20.799999237060546875</ele>
        <time>2025-10-04T17:22:54.000Z</time>
        <extensions>
          <ns3:TrackPointExtension>
            <ns3:hr>160</ns3:hr>
            <ns3:cad>81</ns3:cad>
          </ns3:TrackPointExtension>
        </extensions>
      </trkpt>
      <trkpt lat="40.79524970613420009613037109375" lon="-73.953698985278606414794921875">
        <ele>20.200000762939453125</ele>
        <time>2025-10-04T17:22:59.000Z</time>
        <extensions>
          <ns3:TrackPointExtension>
            <ns3:hr>163</ns3:hr>
            <ns3:cad>81</ns3:cad>
          </ns3:TrackPointExtension>
        </extensions>
      </trkpt>
      <trkpt lat="40.79537652432918548583984375" lon="-73.9535170979797840118408203125">
        <ele>19</ele>
        <time>2025-10-04T17:23:07.000Z</time>
        <extensions>
          <ns3:TrackPointExtension>
            <ns3:hr>165</ns3:hr>
            <ns3:cad>82</ns3:cad>
          </ns3:TrackPointExtension>
        </extensions>
      </trkpt>
      <trkpt lat="40.79554860480129718780517578125" lon="-73.95341710187494754791259765625">
        <ele>17.3999996185302734375</ele>
        <time>2025-10-04T17:23:15.000Z</time>
        <extensions>
          <ns3:TrackPointExtension>
            <ns3:hr>166</ns3:hr>
            <ns3:cad>83</ns3:cad>
          </ns3:TrackPointExtension>
        </extensions>
      </trkpt>
      <trkpt lat="40.79559436999261379241943359375" lon="-73.9534015953540802001953125">
        <ele>17</ele>
        <time>2025-10-04T17:23:17.000Z</time>
        <extensions>
          <ns3:TrackPointExtension>
            <ns3:hr>160</ns3:hr>
            <ns3:cad>83</ns3:cad>
          </ns3:TrackPointExtension>
        </extensions>
      </trkpt>
      <trkpt lat="40.79561817459762096405029296875" lon="-73.953399248421192169189453125">
        <ele>16.799999237060546875</ele>
        <time>2025-10-04T17:23:18.000Z</time>
        <extensions>
          <ns3:TrackPointExtension>
            <ns3:hr>160</ns3:hr>
            <ns3:cad>83</ns3:cad>
          </ns3:TrackPointExtension>
        </extensions>
      </trkpt>
      <trkpt lat="40.79578958451747894287109375" lon="-73.95347242243587970733642578125">
        <ele>17.200000762939453125</ele>
        <time>2025-10-04T17:23:26.000Z</time>
        <extensions>
          <ns3:TrackPointExtension>
            <ns3:hr>160</ns3:hr>
            <ns3:cad>82</ns3:cad>
          </ns3:TrackPointExtension>
        </extensions>
      </trkpt>
      <trkpt lat="40.79592579044401645660400390625" lon="-73.95365598611533641815185546875">
        <ele>17.6000003814697265625</ele>
        <time>2025-10-04T17:23:33.000Z</time>
        <extensions>
          <ns3:TrackPointExtension>
            <ns3:hr>161</ns3:hr>
            <ns3:cad>85</ns3:cad>
          </ns3:TrackPointExtension>
        </extensions>
      </trkpt>
      <trkpt lat="40.795966945588588714599609375" lon="-73.95390928722918033599853515625">
        <ele>16.200000762939453125</ele>
        <time>2025-10-04T17:23:40.000Z</time>
        <extensions>
          <ns3:TrackPointExtension>
            <ns3:hr>163</ns3:hr>
            <ns3:cad>85</ns3:cad>
          </ns3:TrackPointExtension>
        </extensions>
      </trkpt>
      <trkpt lat="40.7959453202784061431884765625" lon="-73.95415462553501129150390625">
        <ele>14.80000019073486328125</ele>
        <time>2025-10-04T17:23:47.000Z</time>
        <extensions>
          <ns3:TrackPointExtension>
            <ns3:hr>162</ns3:hr>
            <ns3:cad>83</ns3:cad>
          </ns3:TrackPointExtension>
        </extensions>
      </trkpt>
      <trkpt lat="40.79586602747440338134765625" lon="-73.9543904922902584075927734375">
        <ele>14.6000003814697265625</ele>
        <time>2025-10-04T17:23:55.000Z</time>
        <extensions>
          <ns3:TrackPointExtension>
            <ns3:hr>164</ns3:hr>
            <ns3:cad>83</ns3:cad>
          </ns3:TrackPointExtension>
        </extensions>
      </trkpt>
      <trkpt lat="40.79574088566005229949951171875" lon="-73.95459190942347049713134765625">
        <ele>14.80000019073486328125</ele>
        <time>2025-10-04T17:24:03.000Z</time>
        <extensions>
          <ns3:TrackPointExtension>
            <ns3:hr>164</ns3:hr>
            <ns3:cad>82</ns3:cad>
          </ns3:TrackPointExtension>
        </extensions>
      </trkpt>
      <trkpt lat="40.79560845158994197845458984375" lon="-73.9547713659703731536865234375">
        <ele>15</ele>
        <time>2025-10-04T17:24:11.000Z</time>
        <extensions>
          <ns3:TrackPointExtension>
            <ns3:hr>164</ns3:hr>
            <ns3:cad>82</ns3:cad>
          </ns3:TrackPointExtension>
        </extensions>
      </trkpt>
      <trkpt lat="40.795527063310146331787109375" lon="-73.95488292910158634185791015625">
        <ele>15.3999996185302734375</ele>
        <time>2025-10-04T17:24:16.000Z</time>
        <extensions>
          <ns3:TrackPointExtension>
            <ns3:hr>161</ns3:hr>
            <ns3:cad>80</ns3:cad>
          </ns3:TrackPointExtension>
        </extensions>
      </trkpt>
      <trkpt lat="40.79548188485205173492431640625" lon="-73.95513170398771762847900390625">
        <ele>13.6000003814697265625</ele>
        <time>2025-10-04T17:24:24.000Z</time>
        <extensions>
          <ns3:TrackPointExtension>
            <ns3:hr>160</ns3:hr>
            <ns3:cad>81</ns3:cad>
          </ns3:TrackPointExtension>
        </extensions>
      </trkpt>
      <trkpt lat="40.79548791982233524322509765625" lon="-73.95531929098069667816162109375">
        <ele>11.80000019073486328125</ele>
        <time>2025-10-04T17:24:31.000Z</time>
        <extensions>
          <ns3:TrackPointExtension>
            <ns3:hr>163</ns3:hr>
            <ns3:cad>81</ns3:cad>
          </ns3:TrackPointExtension>
        </extensions>
      </trkpt>
      <trkpt lat="40.795599482953548431396484375" lon="-73.9555371366441249847412109375">
        <ele>9.19999980926513671875</ele>
        <time>2025-10-04T17:24:42.000Z</time>
        <extensions>
          <ns3:TrackPointExtension>
            <ns3:hr>162</ns3:hr>
            <ns3:cad>81</ns3:cad>
          </ns3:TrackPointExtension>
        </extensions>
      </trkpt>
      <trkpt lat="40.7957015745341777801513671875" lon="-73.9556236378848552703857421875">
        <ele>7.80000019073486328125</ele>
        <time>2025-10-04T17:24:47.000Z</time>
        <extensions>
          <ns3:TrackPointExtension>
            <ns3:hr>165</ns3:hr>
            <ns3:cad>83</ns3:cad>
          </ns3:TrackPointExtension>
        </extensions>
      </trkpt>
      <trkpt lat="40.7958802767097949981689453125" lon="-73.95572715438902378082275390625">
        <ele>7.599999904632568359375</ele>
        <time>2025-10-04T17:24:55.000Z</time>
        <extensions>
          <ns3:TrackPointExtension>
            <ns3:hr>164</ns3:hr>
            <ns3:cad>82</ns3:cad>
          </ns3:TrackPointExtension>
        </extensions>
      </trkpt>
      <trkpt lat="40.79606509767472743988037109375" lon="-73.95574073307216167449951171875">
        <ele>9.19999980926513671875</ele>
        <time>2025-10-04T17:25:03.000Z</time>
        <extensions>
          <ns3:TrackPointExtension>
            <ns3:hr>163</ns3:hr>
            <ns3:cad>82</ns3:cad>
          </ns3:TrackPointExtension>
        </extensions>
      </trkpt>
      <trkpt lat="40.7962591387331485748291015625" lon="-73.95565993152558803558349609375">
        <ele>11.19999980926513671875</ele>
        <time>2025-10-04T17:25:11.000Z</time>
        <extensions>
          <ns3:TrackPointExtension>
            <ns3:hr>162</ns3:hr>
            <ns3:cad>82</ns3:cad>
          </ns3:TrackPointExtension>
        </extensions>
      </trkpt>
      <trkpt lat="40.7964294590055942535400390625" lon="-73.95555247552692890167236328125">
        <ele>11.80000019073486328125</ele>
        <time>2025-10-04T17:25:19.000Z</time>
        <extensions>
          <ns3:TrackPointExtension>
            <ns3:hr>161</ns3:hr>
            <ns3:cad>83</ns3:cad>
          </ns3:TrackPointExtension>
        </extensions>
      </trkpt>
      <trkpt lat="40.7965920679271221160888671875" lon="-73.9554124139249324798583984375">
        <ele>11.80000019073486328125</ele>
        <time>2025-10-04T17:25:28.000Z</time>
        <extensions>
          <ns3:TrackPointExtension>
            <ns3:hr>162</ns3:hr>
            <ns3:cad>83</ns3:cad>
          </ns3:TrackPointExtension>
        </extensions>
      </trkpt>
      <trkpt lat="40.79668544232845306396484375" lon="-73.955335132777690887451171875">
        <ele>11.3999996185302734375</ele>
        <time>2025-10-04T17:25:33.000Z</time>
        <extensions>
          <ns3:TrackPointExtension>
            <ns3:hr>166</ns3:hr>
            <ns3:cad>83</ns3:cad>
          </ns3:TrackPointExtension>
        </extensions>
      </trkpt>
      <trkpt lat="40.79670379869639873504638671875" lon="-73.95531593821942806243896484375">
        <ele>11.19999980926513671875</ele>
        <time>2025-10-04T17:25:34.000Z</time>
        <extensions>
          <ns3:TrackPointExtension>
            <ns3:hr>171</ns3:hr>
            <ns3:cad>83</ns3:cad>
          </ns3:TrackPointExtension>
        </extensions>
      </trkpt>
      <trkpt lat="40.79672425054013729095458984375" lon="-73.95529850386083126068115234375">
        <ele>11.19999980926513671875</ele>
        <time>2025-10-04T17:25:35.000Z</time>
        <extensions>
          <ns3:TrackPointExtension>
            <ns3:hr>174</ns3:hr>
            <ns3:cad>83</ns3:cad>
          </ns3:TrackPointExtension>
        </extensions>
      </trkpt>
      <trkpt lat="40.79674151726067066192626953125" lon="-73.95527654327452182769775390625">
        <ele>11</ele>
        <time>2025-10-04T17:25:36.000Z</time>
        <extensions>
          <ns3:TrackPointExtension>
            <ns3:hr>174</ns3:hr>
            <ns3:cad>83</ns3:cad>
          </ns3:TrackPointExtension>
        </extensions>
      </trkpt>
      <trkpt lat="40.79681645147502422332763671875" lon="-73.95520948804914951324462890625">
        <ele>10.3999996185302734375</ele>
        <time>2025-10-04T17:25:40.000Z</time>
        <extensions>
          <ns3:TrackPointExtension>
            <ns3:hr>171</ns3:hr>
            <ns3:cad>84</ns3:cad>
          </ns3:TrackPointExtension>
        </extensions>
      </trkpt>
      <trkpt lat="40.7969716005027294158935546875" lon="-73.95504914224147796630859375">
        <ele>8.80000019073486328125</ele>
        <time>2025-10-04T17:25:50.000Z</time>
        <extensions>
          <ns3:TrackPointExtension>
            <ns3:hr>171</ns3:hr>
            <ns3:cad>84</ns3:cad>
          </ns3:TrackPointExtension>
        </extensions>
      </trkpt>
      <trkpt lat="40.79710126854479312896728515625" lon="-73.95490405149757862091064453125">
        <ele>7.400000095367431640625</ele>
        <time>2025-10-04T17:25:57.000Z</time>
        <extensions>
          <ns3:TrackPointExtension>
            <ns3:hr>168</ns3:hr>
            <ns3:cad>85</ns3:cad>
          </ns3:TrackPointExtension>
        </extensions>
      </trkpt>
      <trkpt lat="40.79726236872375011444091796875" lon="-73.954784609377384185791015625">
        <ele>7.80000019073486328125</ele>
        <time>2025-10-04T17:26:04.000Z</time>
        <extensions>
          <ns3:TrackPointExtension>
            <ns3:hr>167</ns3:hr>
            <ns3:cad>83</ns3:cad>
          </ns3:TrackPointExtension>
        </extensions>
      </trkpt>
      <trkpt lat="40.79739463515579700469970703125" lon="-73.95469483919441699981689453125">
        <ele>8</ele>
        <time>2025-10-04T17:26:10.000Z</time>
        <extensions>
          <ns3:TrackPointExtension>
            <ns3:hr>164</ns3:hr>
            <ns3:cad>82</ns3:cad>
          </ns3:TrackPointExtension>
        </extensions>
      </trkpt>
      <trkpt lat="40.79741299152374267578125" lon="-73.95467908121645450592041015625">
        <ele>8</ele>
        <time>2025-10-04T17:26:11.000Z</time>
        <extensions>
          <ns3:TrackPointExtension>
            <ns3:hr>161</ns3:hr>
            <ns3:cad>80</ns3:cad>
          </ns3:TrackPointExtension>
        </extensions>
      </trkpt>
      <trkpt lat="40.79743646085262298583984375" lon="-73.95466768182814121246337890625">
        <ele>8</ele>
        <time>2025-10-04T17:26:12.000Z</time>
        <extensions>
          <ns3:TrackPointExtension>
            <ns3:hr>161</ns3:hr>
            <ns3:cad>80</ns3:cad>
          </ns3:TrackPointExtension>
        </extensions>
      </trkpt>
      <trkpt lat="40.7976072840392589569091796875" lon="-73.954545557498931884765625">
        <ele>8</ele>
        <time>2025-10-04T17:26:21.000Z</time>
        <extensions>
          <ns3:TrackPointExtension>
            <ns3:hr>161</ns3:hr>
            <ns3:cad>82</ns3:cad>
          </ns3:TrackPointExtension>
        </extensions>
      </trkpt>
      <trkpt lat="40.7977876625955104827880859375" lon="-73.9544397778809070587158203125">
        <ele>7.599999904632568359375</ele>
        <time>2025-10-04T17:26:30.000Z</time>
        <extensions>
          <ns3:TrackPointExtension>
            <ns3:hr>160</ns3:hr>
            <ns3:cad>81</ns3:cad>
          </ns3:TrackPointExtension>
        </extensions>
      </trkpt>
      <trkpt lat="40.7979291491210460662841796875" lon="-73.95439342595636844635009765625">
        <ele>7.80000019073486328125</ele>
        <time>2025-10-04T17:26:37.000Z</time>
        <extensions>
          <ns3:TrackPointExtension>
            <ns3:hr>163</ns3:hr>
            <ns3:cad>83</ns3:cad>
          </ns3:TrackPointExtension>
        </extensions>
      </trkpt>
      <trkpt lat="40.79811346717178821563720703125" lon="-73.95436777733266353607177734375">
        <ele>8</ele>
        <time>2025-10-04T17:26:46.000Z</time>
        <extensions>
          <ns3:TrackPointExtension>
            <ns3:hr>161</ns3:hr>
            <ns3:cad>83</ns3:cad>
          </ns3:TrackPointExtension>
        </extensions>
      </trkpt>
      <trkpt lat="40.7982788421213626861572265625" lon="-73.95442955195903778076171875">
        <ele>8.19999980926513671875</ele>
        <time>2025-10-04T17:26:54.000Z</time>
        <extensions>
          <ns3:TrackPointExtension>
            <ns3:hr>164</ns3:hr>
            <ns3:cad>83</ns3:cad>
          </ns3:TrackPointExtension>
        </extensions>
      </trkpt>
      <trkpt lat="40.79845368862152099609375" lon="-73.9545551128685474395751953125">
        <ele>9.19999980926513671875</ele>
        <time>2025-10-04T17:27:04.000Z</time>
        <extensions>
          <ns3:TrackPointExtension>
            <ns3:hr>163</ns3:hr>
            <ns3:cad>81</ns3:cad>
          </ns3:TrackPointExtension>
        </extensions>
      </trkpt>
      <trkpt lat="40.79861420206725597381591796875" lon="-73.954680673778057098388671875">
        <ele>9</ele>
        <time>2025-10-04T17:27:12.000Z</time>
        <extensions>
          <ns3:TrackPointExtension>
            <ns3:hr>165</ns3:hr>
            <ns3:cad>83</ns3:cad>
          </ns3:TrackPointExtension>
        </extensions>
      </trkpt>
      <trkpt lat="40.79875937663018703460693359375" lon="-73.95483045838773250579833984375">
        <ele>9</ele>
        <time>2025-10-04T17:27:20.000Z</time>
        <extensions>
          <ns3:TrackPointExtension>
            <ns3:hr>164</ns3:hr>
            <ns3:cad>83</ns3:cad>
          </ns3:TrackPointExtension>
        </extensions>
      </trkpt>
      <trkpt lat="40.79888141714036464691162109375" lon="-73.95500564016401767730712890625">
        <ele>9.6000003814697265625</ele>
        <time>2025-10-04T17:27:28.000Z</time>
        <extensions>
          <ns3:TrackPointExtension>
            <ns3:hr>164</ns3:hr>
            <ns3:cad>83</ns3:cad>
          </ns3:TrackPointExtension>
        </extensions>
      </trkpt>
      <trkpt lat="40.798986442387104034423828125" lon="-73.95521652884781360626220703125">
        <ele>10.19999980926513671875</ele>
        <time>2025-10-04T17:27:37.000Z</time>
        <extensions>
          <ns3:TrackPointExtension>
            <ns3:hr>165</ns3:hr>
            <ns3:cad>82</ns3:cad>
          </ns3:TrackPointExtension>
        </extensions>
      </trkpt>
      <trkpt lat="40.7990898750722408294677734375" lon="-73.95542708225548267364501953125">
        <ele>10.80000019073486328125</ele>
        <time>2025-10-04T17:27:46.000Z</time>
        <extensions>
          <ns3:TrackPointExtension>
            <ns3:hr>165</ns3:hr>
            <ns3:cad>82</ns3:cad>
          </ns3:TrackPointExtension>
        </extensions>
      </trkpt>
      <trkpt lat="40.79917880706489086151123046875" lon="-73.955648280680179595947265625">
        <ele>11.3999996185302734375</ele>
        <time>2025-10-04T17:27:56.000Z</time>
        <extensions>
          <ns3:TrackPointExtension>
            <ns3:hr>165</ns3:hr>
            <ns3:cad>81</ns3:cad>
          </ns3:TrackPointExtension>
        </extensions>
      </trkpt>
      <trkpt lat="40.79924301244318485260009765625" lon="-73.95588423125445842742919921875">
        <ele>12.80000019073486328125</ele>
        <time>2025-10-04T17:28:06.000Z</time>
        <extensions>
          <ns3:TrackPointExtension>
            <ns3:hr>164</ns3:hr>
            <ns3:cad>81</ns3:cad>
          </ns3:TrackPointExtension>
        </extensions>
      </trkpt>
      <trkpt lat="40.7992977462708950042724609375" lon="-73.95612680353224277496337890625">
        <ele>12.6000003814697265625</ele>
        <time>2025-10-04T17:28:16.000Z</time>
        <extensions>
          <ns3:TrackPointExtension>
            <ns3:hr>161</ns3:hr>
            <ns3:cad>80</ns3:cad>
          </ns3:TrackPointExtension>
        </extensions>
      </trkpt>
      <trkpt lat="40.799343176186084747314453125" lon="-73.95636342465877532958984375">
        <ele>13</ele>
        <time>2025-10-04T17:28:26.000Z</time>
        <extensions>
          <ns3:TrackPointExtension>
            <ns3:hr>161</ns3:hr>
            <ns3:cad>79</ns3:cad>
          </ns3:TrackPointExtension>
        </extensions>
      </trkpt>
      <trkpt lat="40.79935424029827117919921875" lon="-73.95647079683840274810791015625">
        <ele>13</ele>
        <time>2025-10-04T17:28:30.000Z</time>
        <extensions>
          <ns3:TrackPointExtension>
            <ns3:hr>158</ns3:hr>
            <ns3:cad>80</ns3:cad>
          </ns3:TrackPointExtension>
        </extensions>
      </trkpt>
      <trkpt lat="40.7993857562541961669921875" lon="-73.9566975273191928863525390625">
        <ele>13</ele>
        <time>2025-10-04T17:28:39.000Z</time>
        <extensions>
          <ns3:TrackPointExtension>
            <ns3:hr>161</ns3:hr>
            <ns3:cad>80</ns3:cad>
          </ns3:TrackPointExtension>
        </extensions>
      </trkpt>
      <trkpt lat="40.7993983291089534759521484375" lon="-73.95683188922703266143798828125">
        <ele>13.3999996185302734375</ele>
        <time>2025-10-04T17:28:44.000Z</time>
        <extensions>
          <ns3:TrackPointExtension>
            <ns3:hr>165</ns3:hr>
            <ns3:cad>81</ns3:cad>
          </ns3:TrackPointExtension>
        </extensions>
      </trkpt>
      <trkpt lat="40.79939539544284343719482421875" lon="-73.95697421394288539886474609375">
        <ele>14</ele>
        <time>2025-10-04T17:28:49.000Z</time>
        <extensions>
          <ns3:TrackPointExtension>
            <ns3:hr>166</ns3:hr>
            <ns3:cad>80</ns3:cad>
          </ns3:TrackPointExtension>
        </extensions>
      </trkpt>
      <trkpt lat="40.7993808947503566741943359375" lon="-73.9572118408977985382080078125">
        <ele>15.3999996185302734375</ele>
        <time>2025-10-04T17:29:00.000Z</time>
        <extensions>
          <ns3:TrackPointExtension>
            <ns3:hr>167</ns3:hr>
            <ns3:cad>79</ns3:cad>
          </ns3:TrackPointExtension>
        </extensions>
      </trkpt>
      <trkpt lat="40.799384415149688720703125" lon="-73.9572336338460445404052734375">
        <ele>15.6000003814697265625</ele>
        <time>2025-10-04T17:29:01.000Z</time>
        <extensions>
          <ns3:TrackPointExtension>
            <ns3:hr>170</ns3:hr>
            <ns3:cad>79</ns3:cad>
          </ns3:TrackPointExtension>
        </extensions>
      </trkpt>
      <trkpt lat="40.79942624084651470184326171875" lon="-73.95738308317959308624267578125">
        <ele>16</ele>
        <time>2025-10-04T17:29:07.000Z</time>
        <extensions>
          <ns3:TrackPointExtension>
            <ns3:hr>167</ns3:hr>
            <ns3:cad>79</ns3:cad>
          </ns3:TrackPointExtension>
        </extensions>
      </trkpt>
      <trkpt lat="40.79949346370995044708251953125" lon="-73.957509063184261322021484375">
        <ele>16.200000762939453125</ele>
        <time>2025-10-04T17:29:13.000Z</time>
        <extensions>
          <ns3:TrackPointExtension>
            <ns3:hr>163</ns3:hr>
            <ns3:cad>79</ns3:cad>
          </ns3:TrackPointExtension>
        </extensions>
      </trkpt>
      <trkpt lat="40.79951961524784564971923828125" lon="-73.957767225801944732666015625">
        <ele>19</ele>
        <time>2025-10-04T17:29:22.000Z</time>
        <extensions>
          <ns3:TrackPointExtension>
            <ns3:hr>165</ns3:hr>
            <ns3:cad>80</ns3:cad>
          </ns3:TrackPointExtension>
        </extensions>
      </trkpt>
      <trkpt lat="40.79944333992898464202880859375" lon="-73.957987837493419647216796875">
        <ele>20</ele>
        <time>2025-10-04T17:29:31.000Z</time>
        <extensions>
          <ns3:TrackPointExtension>
            <ns3:hr>168</ns3:hr>
            <ns3:cad>82</ns3:cad>
          </ns3:TrackPointExtension>
        </extensions>
      </trkpt>
      <trkpt lat="40.79934644512832164764404296875" lon="-73.95820853300392627716064453125">
        <ele>20.3999996185302734375</ele>
        <time>2025-10-04T17:29:40.000Z</time>
        <extensions>
          <ns3:TrackPointExtension>
            <ns3:hr>166</ns3:hr>
            <ns3:cad>82</ns3:cad>
          </ns3:TrackPointExtension>
        </extensions>
      </trkpt>
      <trkpt lat="40.7992930524051189422607421875" lon="-73.9582766778767108917236328125">
        <ele>20.799999237060546875</ele>
        <time>2025-10-04T17:29:44.000Z</time>
        <extensions>
          <ns3:TrackPointExtension>
            <ns3:hr>169</ns3:hr>
            <ns3:cad>81</ns3:cad>
          </ns3:TrackPointExtension>
        </extensions>
      </trkpt>
      <trkpt lat="40.79913404770195484161376953125" lon="-73.958397209644317626953125">
        <ele>22.200000762939453125</ele>
        <time>2025-10-04T17:29:54.000Z</time>
        <extensions>
          <ns3:TrackPointExtension>
            <ns3:hr>168</ns3:hr>
            <ns3:cad>80</ns3:cad>
          </ns3:TrackPointExtension>
        </extensions>
      </trkpt>
      <trkpt lat="40.79895635135471820831298828125" lon="-73.958456218242645263671875">
        <ele>23.6000003814697265625</ele>
        <time>2025-10-04T17:30:04.000Z</time>
        <extensions>
          <ns3:TrackPointExtension>
            <ns3:hr>169</ns3:hr>
            <ns3:cad>79</ns3:cad>
          </ns3:TrackPointExtension>
        </extensions>
      </trkpt>
      <trkpt lat="40.798772536218166351318359375" lon="-73.95847138948738574981689453125">
        <ele>25.200000762939453125</ele>
        <time>2025-10-04T17:30:14.000Z</time>
        <extensions>
          <ns3:TrackPointExtension>
            <ns3:hr>169</ns3:hr>
            <ns3:cad>78</ns3:cad>
          </ns3:TrackPointExtension>
        </extensions>
      </trkpt>
      <trkpt lat="40.79863985069096088409423828125" lon="-73.9584406279027462005615234375">
        <ele>26</ele>
        <time>2025-10-04T17:30:23.000Z</time>
        <extensions>
          <ns3:TrackPointExtension>
            <ns3:hr>172</ns3:hr>
            <ns3:cad>79</ns3:cad>
          </ns3:TrackPointExtension>
        </extensions>
      </trkpt>
      <trkpt lat="40.79859190620481967926025390625" lon="-73.95842202007770538330078125">
        <ele>26.200000762939453125</ele>
        <time>2025-10-04T17:30:26.000Z</time>
        <extensions>
          <ns3:TrackPointExtension>
            <ns3:hr>169</ns3:hr>
            <ns3:cad>78</ns3:cad>
          </ns3:TrackPointExtension>
        </extensions>
      </trkpt>
      <trkpt lat="40.79846014268696308135986328125" lon="-73.958261422812938690185546875">
        <ele>27.6000003814697265625</ele>
        <time>2025-10-04T17:30:37.000Z</time>
        <extensions>
          <ns3:TrackPointExtension>
            <ns3:hr>167</ns3:hr>
            <ns3:cad>80</ns3:cad>
          </ns3:TrackPointExtension>
        </extensions>
      </trkpt>
      <trkpt lat="40.79835771583020687103271484375" lon="-73.9580580778419971466064453125">
        <ele>29.799999237060546875</ele>
        <time>2025-10-04T17:30:46.000Z</time>
        <extensions>
          <ns3:TrackPointExtension>
            <ns3:hr>168</ns3:hr>
            <ns3:cad>80</ns3:cad>
          </ns3:TrackPointExtension>
        </extensions>
      </trkpt>
      <trkpt lat="40.79832066781818866729736328125" lon="-73.95792321301996707916259765625">
        <ele>30.799999237060546875</ele>
        <time>2025-10-04T17:30:53.000Z</time>
        <extensions>
          <ns3:TrackPointExtension>
            <ns3:hr>171</ns3:hr>
            <ns3:cad>81</ns3:cad>
          </ns3:TrackPointExtension>
        </extensions>
      </trkpt>
      <trkpt lat="40.79830407164990901947021484375" lon="-73.95787526853382587432861328125">
        <ele>30.799999237060546875</ele>
        <time>2025-10-04T17:30:56.000Z</time>
        <extensions>
          <ns3:TrackPointExtension>
            <ns3:hr>167</ns3:hr>
            <ns3:cad>79</ns3:cad>
          </ns3:TrackPointExtension>
        </extensions>
      </trkpt>
      <trkpt lat="40.79827305860817432403564453125" lon="-73.95774886943399906158447265625">
        <ele>31.200000762939453125</ele>
        <time>2025-10-04T17:31:01.000Z</time>
        <extensions>
          <ns3:TrackPointExtension>
            <ns3:hr>170</ns3:hr>
            <ns3:cad>80</ns3:cad>
          </ns3:TrackPointExtension>
        </extensions>
      </trkpt>
      <trkpt lat="40.79826392233371734619140625" lon="-73.95767728798091411590576171875">
        <ele>31.799999237060546875</ele>
        <time>2025-10-04T17:31:05.000Z</time>
        <extensions>
          <ns3:TrackPointExtension>
            <ns3:hr>166</ns3:hr>
            <ns3:cad>81</ns3:cad>
          </ns3:TrackPointExtension>
        </extensions>
      </trkpt>
      <trkpt lat="40.79826300032436847686767578125" lon="-73.95765088498592376708984375">
        <ele>31.799999237060546875</ele>
        <time>2025-10-04T17:31:06.000Z</time>
        <extensions>
          <ns3:TrackPointExtension>
            <ns3:hr>162</ns3:hr>
            <ns3:cad>81</ns3:cad>
          </ns3:TrackPointExtension>
        </extensions>
      </trkpt>
      <trkpt lat="40.79822494648396968841552734375" lon="-73.9574693329632282257080078125">
        <ele>33</ele>
        <time>2025-10-04T17:31:14.000Z</time>
        <extensions>
          <ns3:TrackPointExtension>
            <ns3:hr>159</ns3:hr>
            <ns3:cad>81</ns3:cad>
          </ns3:TrackPointExtension>
        </extensions>
      </trkpt>
      <trkpt lat="40.7981132157146930694580078125" lon="-73.957277722656726837158203125">
        <ele>33.59999847412109375</ele>
        <time>2025-10-04T17:31:24.000Z</time>
        <extensions>
          <ns3:TrackPointExtension>
            <ns3:hr>156</ns3:hr>
            <ns3:cad>79</ns3:cad>
          </ns3:TrackPointExtension>
        </extensions>
      </trkpt>
      <trkpt lat="40.79797214828431606292724609375" lon="-73.9571565203368663787841796875">
        <ele>32.799999237060546875</ele>
        <time>2025-10-04T17:31:33.000Z</time>
        <extensions>
          <ns3:TrackPointExtension>
            <ns3:hr>160</ns3:hr>
            <ns3:cad>80</ns3:cad>
          </ns3:TrackPointExtension>
        </extensions>
      </trkpt>
      <trkpt lat="40.79785396344959735870361328125" lon="-73.9570844359695911407470703125">
        <ele>32.200000762939453125</ele>
        <time>2025-10-04T17:31:39.000Z</time>
        <extensions>
          <ns3:TrackPointExtension>
            <ns3:hr>164</ns3:hr>
            <ns3:cad>81</ns3:cad>
          </ns3:TrackPointExtension>
        </extensions>
      </trkpt>
      <trkpt lat="40.79767559655010700225830078125" lon="-73.95699449814856052398681640625">
        <ele>31.6000003814697265625</ele>
        <time>2025-10-04T17:31:48.000Z</time>
        <extensions>
          <ns3:TrackPointExtension>
            <ns3:hr>162</ns3:hr>
            <ns3:cad>81</ns3:cad>
          </ns3:TrackPointExtension>
        </extensions>
      </trkpt>
      <trkpt lat="40.79752287827432155609130859375" lon="-73.95698511041700839996337890625">
        <ele>32.200000762939453125</ele>
        <time>2025-10-04T17:31:55.000Z</time>
        <extensions>
          <ns3:TrackPointExtension>
            <ns3:hr>166</ns3:hr>
            <ns3:cad>82</ns3:cad>
          </ns3:TrackPointExtension>
        </extensions>
      </trkpt>
      <trkpt lat="40.79749924130737781524658203125" lon="-73.9569868706166744232177734375">
        <ele>32.40000152587890625</ele>
        <time>2025-10-04T17:31:56.000Z</time>
        <extensions>
          <ns3:TrackPointExtension>
            <ns3:hr>170</ns3:hr>
            <ns3:cad>83</ns3:cad>
          </ns3:TrackPointExtension>
        </extensions>
      </trkpt>
      <trkpt lat="40.7974533922970294952392578125" lon="-73.95699399523437023162841796875">
        <ele>32.799999237060546875</ele>
        <time>2025-10-04T17:31:58.000Z</time>
        <extensions>
          <ns3:TrackPointExtension>
            <ns3:hr>173</ns3:hr>
            <ns3:cad>84</ns3:cad>
          </ns3:TrackPointExtension>
        </extensions>
      </trkpt>
      <trkpt lat="40.7973125763237476348876953125" lon="-73.9570049755275249481201171875">
        <ele>33</ele>
        <time>2025-10-04T17:32:05.000Z</time>
        <extensions>
          <ns3:TrackPointExtension>
            <ns3:hr>170</ns3:hr>
            <ns3:cad>81</ns3:cad>
          </ns3:TrackPointExtension>
        </extensions>
      </trkpt>
      <trkpt lat="40.797252394258975982666015625" lon="-73.9569895528256893157958984375">
        <ele>33</ele>
        <time>2025-10-04T17:32:08.000Z</time>
        <extensions>
          <ns3:TrackPointExtension>
            <ns3:hr>164</ns3:hr>
            <ns3:cad>81</ns3:cad>
          </ns3:TrackPointExtension>
        </extensions>
      </trkpt>
      <trkpt lat="40.79716044478118419647216796875" lon="-73.95694546401500701904296875">
        <ele>33</ele>
        <time>2025-10-04T17:32:13.000Z</time>
        <extensions>
          <ns3:TrackPointExtension>
            <ns3:hr>168</ns3:hr>
            <ns3:cad>80</ns3:cad>
          </ns3:TrackPointExtension>
        </extensions>
      </trkpt>
      <trkpt lat="40.79708115197718143463134765625" lon="-73.9569027163088321685791015625">
        <ele>32.799999237060546875</ele>
        <time>2025-10-04T17:32:17.000Z</time>
        <extensions>
          <ns3:TrackPointExtension>
            <ns3:hr>164</ns3:hr>
            <ns3:cad>81</ns3:cad>
          </ns3:TrackPointExtension>
        </extensions>
      </trkpt>
      <trkpt lat="40.79706489108502864837646484375" lon="-73.95689223892986774444580078125">
        <ele>32.799999237060546875</ele>
        <time>2025-10-04T17:32:18.000Z</time>
        <extensions>
          <ns3:TrackPointExtension>
            <ns3:hr>160</ns3:hr>
            <ns3:cad>81</ns3:cad>
          </ns3:TrackPointExtension>
        </extensions>
      </trkpt>
      <trkpt lat="40.79698450863361358642578125" lon="-73.95685753785073757171630859375">
        <ele>32.40000152587890625</ele>
        <time>2025-10-04T17:32:22.000Z</time>
        <extensions>
          <ns3:TrackPointExtension>
            <ns3:hr>157</ns3:hr>
            <ns3:cad>81</ns3:cad>
          </ns3:TrackPointExtension>
        </extensions>
      </trkpt>
      <trkpt lat="40.796800442039966583251953125" lon="-73.9567860402166843414306640625">
        <ele>31.200000762939453125</ele>
        <time>2025-10-04T17:32:32.000Z</time>
        <extensions>
          <ns3:TrackPointExtension>
            <ns3:hr>156</ns3:hr>
            <ns3:cad>81</ns3:cad>
          </ns3:TrackPointExtension>
        </extensions>
      </trkpt>
      <trkpt lat="40.796616040170192718505859375" lon="-73.95675259642302989959716796875">
        <ele>29.6000003814697265625</ele>
        <time>2025-10-04T17:32:40.000Z</time>
        <extensions>
          <ns3:TrackPointExtension>
            <ns3:hr>156</ns3:hr>
            <ns3:cad>81</ns3:cad>
          </ns3:TrackPointExtension>
        </extensions>
      </trkpt>
      <trkpt lat="40.7964207418262958526611328125" lon="-73.95673817954957485198974609375">
        <ele>28.6000003814697265625</ele>
        <time>2025-10-04T17:32:50.000Z</time>
        <extensions>
          <ns3:TrackPointExtension>
            <ns3:hr>158</ns3:hr>
            <ns3:cad>80</ns3:cad>
          </ns3:TrackPointExtension>
        </extensions>
      </trkpt>
      <trkpt lat="40.79622603021562099456787109375" lon="-73.95680196583271026611328125">
        <ele>28</ele>
        <time>2025-10-04T17:33:00.000Z</time>
        <extensions>
          <ns3:TrackPointExtension>
            <ns3:hr>160</ns3:hr>
            <ns3:cad>81</ns3:cad>
          </ns3:TrackPointExtension>
        </extensions>
      </trkpt>
      <trkpt lat="40.79611622728407382965087890625" lon="-73.9568933285772800445556640625">
        <ele>28</ele>
        <time>2025-10-04T17:33:06.000Z</time>
        <extensions>
          <ns3:TrackPointExtension>
            <ns3:hr>163</ns3:hr>
            <ns3:cad>82</ns3:cad>
          </ns3:TrackPointExtension>
        </extensions>
      </trkpt>
      <trkpt lat="40.79596769995987415313720703125" lon="-73.9570267684757709503173828125">
        <ele>27.6000003814697265625</ele>
        <time>2025-10-04T17:33:15.000Z</time>
        <extensions>
          <ns3:TrackPointExtension>
            <ns3:hr>160</ns3:hr>
            <ns3:cad>80</ns3:cad>
          </ns3:TrackPointExtension>
        </extensions>
      </trkpt>
      <trkpt lat="40.79594104550778865814208984375" lon="-73.95706616342067718505859375">
        <ele>27.3999996185302734375</ele>
        <time>2025-10-04T17:33:17.000Z</time>
        <extensions>
          <ns3:TrackPointExtension>
            <ns3:hr>163</ns3:hr>
            <ns3:cad>81</ns3:cad>
          </ns3:TrackPointExtension>
        </extensions>
      </trkpt>
      <trkpt lat="40.79591304995119571685791015625" lon="-73.9571030437946319580078125">
        <ele>27</ele>
        <time>2025-10-04T17:33:19.000Z</time>
        <extensions>
          <ns3:TrackPointExtension>
            <ns3:hr>169</ns3:hr>
            <ns3:cad>82</ns3:cad>
          </ns3:TrackPointExtension>
        </extensions>
      </trkpt>
      <trkpt lat="40.79590198583900928497314453125" lon="-73.95712508819997310638427734375">
        <ele>27</ele>
        <time>2025-10-04T17:33:20.000Z</time>
        <extensions>
          <ns3:TrackPointExtension>
            <ns3:hr>173</ns3:hr>
            <ns3:cad>82</ns3:cad>
          </ns3:TrackPointExtension>
        </extensions>
      </trkpt>
      <trkpt lat="40.7958506047725677490234375" lon="-73.9571716077625751495361328125">
        <ele>26.3999996185302734375</ele>
        <time>2025-10-04T17:33:23.000Z</time>
        <extensions>
          <ns3:TrackPointExtension>
            <ns3:hr>167</ns3:hr>
            <ns3:cad>83</ns3:cad>
          </ns3:TrackPointExtension>
        </extensions>
      </trkpt>
      <trkpt lat="40.7957384549081325531005859375" lon="-73.95734771154820919036865234375">
        <ele>25.200000762939453125</ele>
        <time>2025-10-04T17:33:32.000Z</time>
        <extensions>
          <ns3:TrackPointExtension>
            <ns3:hr>164</ns3:hr>
            <ns3:cad>82</ns3:cad>
          </ns3:TrackPointExtension>
        </extensions>
      </trkpt>
      <trkpt lat="40.79566754400730133056640625" lon="-73.95747595466673374176025390625">
        <ele>24.200000762939453125</ele>
        <time>2025-10-04T17:33:38.000Z</time>
        <extensions>
          <ns3:TrackPointExtension>
            <ns3:hr>156</ns3:hr>
            <ns3:cad>81</ns3:cad>
          </ns3:TrackPointExtension>
        </extensions>
      </trkpt>
      <trkpt lat="40.795655138790607452392578125" lon="-73.9575005136430263519287109375">
        <ele>24.3999996185302734375</ele>
        <time>2025-10-04T17:33:39.000Z</time>
        <extensions>
          <ns3:TrackPointExtension>
            <ns3:hr>156</ns3:hr>
            <ns3:cad>80</ns3:cad>
          </ns3:TrackPointExtension>
        </extensions>
      </trkpt>
      <trkpt lat="40.795642398297786712646484375" lon="-73.9575219713151454925537109375">
        <ele>24.3999996185302734375</ele>
        <time>2025-10-04T17:33:40.000Z</time>
        <extensions>
          <ns3:TrackPointExtension>
            <ns3:hr>153</ns3:hr>
            <ns3:cad>80</ns3:cad>
          </ns3:TrackPointExtension>
        </extensions>
      </trkpt>
      <trkpt lat="40.79561968334019184112548828125" lon="-73.95756396465003490447998046875">
        <ele>24.6000003814697265625</ele>
        <time>2025-10-04T17:33:42.000Z</time>
        <extensions>
          <ns3:TrackPointExtension>
            <ns3:hr>149</ns3:hr>
            <ns3:cad>81</ns3:cad>
          </ns3:TrackPointExtension>
        </extensions>
      </trkpt>
      <trkpt lat="40.795565955340862274169921875" lon="-73.95765767432749271392822265625">
        <ele>24.6000003814697265625</ele>
        <time>2025-10-04T17:33:46.000Z</time>
        <extensions>
          <ns3:TrackPointExtension>
            <ns3:hr>153</ns3:hr>
            <ns3:cad>81</ns3:cad>
          </ns3:TrackPointExtension>
        </extensions>
      </trkpt>
      <trkpt lat="40.79547836445271968841552734375" lon="-73.95786403678357601165771484375">
        <ele>24.799999237060546875</ele>
        <time>2025-10-04T17:33:55.000Z</time>
        <extensions>
          <ns3:TrackPointExtension>
            <ns3:hr>151</ns3:hr>
            <ns3:cad>80</ns3:cad>
          </ns3:TrackPointExtension>
        </extensions>
      </trkpt>
      <trkpt lat="40.79544047825038433074951171875" lon="-73.95797467790544033050537109375">
        <ele>24.799999237060546875</ele>
        <time>2025-10-04T17:34:00.000Z</time>
        <extensions>
          <ns3:TrackPointExtension>
            <ns3:hr>154</ns3:hr>
            <ns3:cad>81</ns3:cad>
          </ns3:TrackPointExtension>
        </extensions>
      </trkpt>
      <trkpt lat="40.7953656278550624847412109375" lon="-73.95820568315684795379638671875">
        <ele>23.3999996185302734375</ele>
        <time>2025-10-04T17:34:10.000Z</time>
        <extensions>
          <ns3:TrackPointExtension>
            <ns3:hr>156</ns3:hr>
            <ns3:cad>80</ns3:cad>
          </ns3:TrackPointExtension>
        </extensions>
      </trkpt>
      <trkpt lat="40.79530921764671802520751953125" lon="-73.95842512138187885284423828125">
        <ele>22.6000003814697265625</ele>
        <time>2025-10-04T17:34:18.000Z</time>
        <extensions>
          <ns3:TrackPointExtension>
            <ns3:hr>159</ns3:hr>
            <ns3:cad>82</ns3:cad>
          </ns3:TrackPointExtension>
        </extensions>
      </trkpt>
      <trkpt lat="40.79523981548845767974853515625" lon="-73.95861513912677764892578125">
        <ele>21.3999996185302734375</ele>
        <time>2025-10-04T17:34:26.000Z</time>
        <extensions>
          <ns3:TrackPointExtension>
            <ns3:hr>156</ns3:hr>
            <ns3:cad>83</ns3:cad>
          </ns3:TrackPointExtension>
        </extensions>
      </trkpt>
      <trkpt lat="40.79520620405673980712890625" lon="-73.95867012441158294677734375">
        <ele>20.799999237060546875</ele>
        <time>2025-10-04T17:34:29.000Z</time>
        <extensions>
          <ns3:TrackPointExtension>
            <ns3:hr>153</ns3:hr>
            <ns3:cad>82</ns3:cad>
          </ns3:TrackPointExtension>
        </extensions>
      </trkpt>
      <trkpt lat="40.79511366784572601318359375" lon="-73.95879325456917285919189453125">
        <ele>19.3999996185302734375</ele>
        <time>2025-10-04T17:34:36.000Z</time>
        <extensions>
          <ns3:TrackPointExtension>
            <ns3:hr>156</ns3:hr>
            <ns3:cad>79</ns3:cad>
          </ns3:TrackPointExtension>
        </extensions>
      </trkpt>
      <trkpt lat="40.7949602790176868438720703125" lon="-73.95893859677016735076904296875">
        <ele>18.3999996185302734375</ele>
        <time>2025-10-04T17:34:46.000Z</time>
        <extensions>
          <ns3:TrackPointExtension>
            <ns3:hr>160</ns3:hr>
            <ns3:cad>83</ns3:cad>
          </ns3:TrackPointExtension>
        </extensions>
      </trkpt>
      <trkpt lat="40.79493102617561817169189453125" lon="-73.95895435474812984466552734375">
        <ele>18.200000762939453125</ele>
        <time>2025-10-04T17:34:48.000Z</time>
        <extensions>
          <ns3:TrackPointExtension>
            <ns3:hr>154</ns3:hr>
            <ns3:cad>84</ns3:cad>
          </ns3:TrackPointExtension>
        </extensions>
      </trkpt>
      <trkpt lat="40.7948955707252025604248046875" lon="-73.95897715352475643157958984375">
        <ele>18</ele>
        <time>2025-10-04T17:34:50.000Z</time>
        <extensions>
          <ns3:TrackPointExtension>
            <ns3:hr>151</ns3:hr>
            <ns3:cad>83</ns3:cad>
          </ns3:TrackPointExtension>
        </extensions>
      </trkpt>
      <trkpt lat="40.79471024684607982635498046875" lon="-73.95908712409436702728271484375">
        <ele>16.6000003814697265625</ele>
        <time>2025-10-04T17:34:59.000Z</time>
        <extensions>
          <ns3:TrackPointExtension>
            <ns3:hr>149</ns3:hr>
            <ns3:cad>83</ns3:cad>
          </ns3:TrackPointExtension>
        </extensions>
      </trkpt>
      <trkpt lat="40.7945884577929973602294921875" lon="-73.95915753208100795745849609375">
        <ele>16.200000762939453125</ele>
        <time>2025-10-04T17:35:04.000Z</time>
        <extensions>
          <ns3:TrackPointExtension>
            <ns3:hr>152</ns3:hr>
            <ns3:cad>84</ns3:cad>
          </ns3:TrackPointExtension>
        </extensions>
      </trkpt>
      <trkpt lat="40.79444319941103458404541015625" lon="-73.959229029715061187744140625">
        <ele>16.799999237060546875</ele>
        <time>2025-10-04T17:35:10.000Z</time>
        <extensions>
          <ns3:TrackPointExtension>
            <ns3:hr>156</ns3:hr>
            <ns3:cad>85</ns3:cad>
          </ns3:TrackPointExtension>
        </extensions>
      </trkpt>
      <trkpt lat="40.79441771842539310455322265625" lon="-73.95924285985529422760009765625">
        <ele>17</ele>
        <time>2025-10-04T17:35:11.000Z</time>
        <extensions>
          <ns3:TrackPointExtension>
            <ns3:hr>156</ns3:hr>
            <ns3:cad>86</ns3:cad>
          </ns3:TrackPointExtension>
        </extensions>
      </trkpt>
      <trkpt lat="40.79426751472055912017822265625" lon="-73.95939356647431850433349609375">
        <ele>18.3999996185302734375</ele>
        <time>2025-10-04T17:35:18.000Z</time>
        <extensions>
          <ns3:TrackPointExtension>
            <ns3:hr>157</ns3:hr>
            <ns3:cad>85</ns3:cad>
          </ns3:TrackPointExtension>
        </extensions>
      </trkpt>
      <trkpt lat="40.79423164017498493194580078125" lon="-73.95947570912539958953857421875">
        <ele>18.799999237060546875</ele>
        <time>2025-10-04T17:35:21.000Z</time>
        <extensions>
          <ns3:TrackPointExtension>
            <ns3:hr>154</ns3:hr>
            <ns3:cad>85</ns3:cad>
          </ns3:TrackPointExtension>
        </extensions>
      </trkpt>
      <trkpt lat="40.79410021193325519561767578125" lon="-73.95966782234609127044677734375">
        <ele>19.6000003814697265625</ele>
        <time>2025-10-04T17:35:30.000Z</time>
        <extensions>
          <ns3:TrackPointExtension>
            <ns3:hr>156</ns3:hr>
            <ns3:cad>82</ns3:cad>
          </ns3:TrackPointExtension>
        </extensions>
      </trkpt>
      <trkpt lat="40.79404036514461040496826171875" lon="-73.95980469882488250732421875">
        <ele>20</ele>
        <time>2025-10-04T17:35:36.000Z</time>
        <extensions>
          <ns3:TrackPointExtension>
            <ns3:hr>159</ns3:hr>
            <ns3:cad>82</ns3:cad>
          </ns3:TrackPointExtension>
        </extensions>
      </trkpt>
      <trkpt lat="40.79400055110454559326171875" lon="-73.95997677929699420928955078125">
        <ele>20.3999996185302734375</ele>
        <time>2025-10-04T17:35:42.000Z</time>
        <extensions>
          <ns3:TrackPointExtension>
            <ns3:hr>164</ns3:hr>
            <ns3:cad>83</ns3:cad>
          </ns3:TrackPointExtension>
        </extensions>
      </trkpt>
      <trkpt lat="40.79399141483008861541748046875" lon="-73.9600368775427341461181640625">
        <ele>20.3999996185302734375</ele>
        <time>2025-10-04T17:35:44.000Z</time>
        <extensions>
          <ns3:TrackPointExtension>
            <ns3:hr>168</ns3:hr>
            <ns3:cad>83</ns3:cad>
          </ns3:TrackPointExtension>
        </extensions>
      </trkpt>
      <trkpt lat="40.79395872540771961212158203125" lon="-73.9601672999560832977294921875">
        <ele>20.6000003814697265625</ele>
        <time>2025-10-04T17:35:49.000Z</time>
        <extensions>
          <ns3:TrackPointExtension>
            <ns3:hr>165</ns3:hr>
            <ns3:cad>82</ns3:cad>
          </ns3:TrackPointExtension>
        </extensions>
      </trkpt>
      <trkpt lat="40.79391681589186191558837890625" lon="-73.96025522612035274505615234375">
        <ele>21</ele>
        <time>2025-10-04T17:35:53.000Z</time>
        <extensions>
          <ns3:TrackPointExtension>
            <ns3:hr>162</ns3:hr>
            <ns3:cad>81</ns3:cad>
          </ns3:TrackPointExtension>
        </extensions>
      </trkpt>
      <trkpt lat="40.79385495744645595550537109375" lon="-73.96048128604888916015625">
        <ele>21.3999996185302734375</ele>
        <time>2025-10-04T17:36:02.000Z</time>
        <extensions>
          <ns3:TrackPointExtension>
            <ns3:hr>161</ns3:hr>
            <ns3:cad>83</ns3:cad>
          </ns3:TrackPointExtension>
        </extensions>
      </trkpt>
      <trkpt lat="40.79381204210221767425537109375" lon="-73.9606306515634059906005859375">
        <ele>21.799999237060546875</ele>
        <time>2025-10-04T17:36:08.000Z</time>
        <extensions>
          <ns3:TrackPointExtension>
            <ns3:hr>164</ns3:hr>
            <ns3:cad>82</ns3:cad>
          </ns3:TrackPointExtension>
        </extensions>
      </trkpt>
      <trkpt lat="40.79372688196599483489990234375" lon="-73.9608653448522090911865234375">
        <ele>22.3999996185302734375</ele>
        <time>2025-10-04T17:36:18.000Z</time>
        <extensions>
          <ns3:TrackPointExtension>
            <ns3:hr>165</ns3:hr>
            <ns3:cad>83</ns3:cad>
          </ns3:TrackPointExtension>
        </extensions>
      </trkpt>
      <trkpt lat="40.79361858777701854705810546875" lon="-73.96108604036271572113037109375">
        <ele>23.6000003814697265625</ele>
        <time>2025-10-04T17:36:27.000Z</time>
        <extensions>
          <ns3:TrackPointExtension>
            <ns3:hr>166</ns3:hr>
            <ns3:cad>83</ns3:cad>
          </ns3:TrackPointExtension>
        </extensions>
      </trkpt>
      <trkpt lat="40.793516747653484344482421875" lon="-73.96124093793332576751708984375">
        <ele>24</ele>
        <time>2025-10-04T17:36:34.000Z</time>
        <extensions>
          <ns3:TrackPointExtension>
            <ns3:hr>163</ns3:hr>
            <ns3:cad>81</ns3:cad>
          </ns3:TrackPointExtension>
        </extensions>
      </trkpt>
      <trkpt lat="40.79343787394464015960693359375" lon="-73.96133330650627613067626953125">
        <ele>24</ele>
        <time>2025-10-04T17:36:39.000Z</time>
        <extensions>
          <ns3:TrackPointExtension>
            <ns3:hr>159</ns3:hr>
            <ns3:cad>80</ns3:cad>
          </ns3:TrackPointExtension>
        </extensions>
      </trkpt>
      <trkpt lat="40.793302170932292938232421875" lon="-73.96149474196135997772216796875">
        <ele>24.3999996185302734375</ele>
        <time>2025-10-04T17:36:48.000Z</time>
        <extensions>
          <ns3:TrackPointExtension>
            <ns3:hr>162</ns3:hr>
            <ns3:cad>81</ns3:cad>
          </ns3:TrackPointExtension>
        </extensions>
      </trkpt>
      <trkpt lat="40.7932768575847148895263671875" lon="-73.96152667701244354248046875">
        <ele>24.6000003814697265625</ele>
        <time>2025-10-04T17:36:50.000Z</time>
        <extensions>
          <ns3:TrackPointExtension>
            <ns3:hr>165</ns3:hr>
            <ns3:cad>81</ns3:cad>
          </ns3:TrackPointExtension>
        </extensions>
      </trkpt>
      <trkpt lat="40.79319261945784091949462890625" lon="-73.9616173692047595977783203125">
        <ele>24.799999237060546875</ele>
        <time>2025-10-04T17:36:56.000Z</time>
        <extensions>
          <ns3:TrackPointExtension>
            <ns3:hr>162</ns3:hr>
            <ns3:cad>82</ns3:cad>
          </ns3:TrackPointExtension>
        </extensions>
      </trkpt>
      <trkpt lat="40.7931296713650226593017578125" lon="-73.9616676606237888336181640625">
        <ele>24.799999237060546875</ele>
        <time>2025-10-04T17:37:00.000Z</time>
        <extensions>
          <ns3:TrackPointExtension>
            <ns3:hr>159</ns3:hr>
            <ns3:cad>81</ns3:cad>
          </ns3:TrackPointExtension>
        </extensions>
      </trkpt>
      <trkpt lat="40.7930183596909046173095703125" lon="-73.9617352187633514404296875">
        <ele>24.6000003814697265625</ele>
        <time>2025-10-04T17:37:06.000Z</time>
        <extensions>
          <ns3:TrackPointExtension>
            <ns3:hr>164</ns3:hr>
            <ns3:cad>82</ns3:cad>
          </ns3:TrackPointExtension>
        </extensions>
      </trkpt>
      <trkpt lat="40.793000422418117523193359375" lon="-73.9617474563419818878173828125">
        <ele>24.6000003814697265625</ele>
        <time>2025-10-04T17:37:07.000Z</time>
        <extensions>
          <ns3:TrackPointExtension>
            <ns3:hr>167</ns3:hr>
            <ns3:cad>82</ns3:cad>
          </ns3:TrackPointExtension>
        </extensions>
      </trkpt>
      <trkpt lat="40.79296588897705078125" lon="-73.9617722667753696441650390625">
        <ele>24.6000003814697265625</ele>
        <time>2025-10-04T17:37:09.000Z</time>
        <extensions>
          <ns3:TrackPointExtension>
            <ns3:hr>170</ns3:hr>
            <ns3:cad>80</ns3:cad>
          </ns3:TrackPointExtension>
        </extensions>
      </trkpt>
      <trkpt lat="40.79289590008556842803955078125" lon="-73.96181694231927394866943359375">
        <ele>24.799999237060546875</ele>
        <time>2025-10-04T17:37:13.000Z</time>
        <extensions>
          <ns3:TrackPointExtension>
            <ns3:hr>173</ns3:hr>
            <ns3:cad>81</ns3:cad>
          </ns3:TrackPointExtension>
        </extensions>
      </trkpt>
      <trkpt lat="40.79284544102847576141357421875" lon="-73.9618547447025775909423828125">
        <ele>25</ele>
        <time>2025-10-04T17:37:16.000Z</time>
        <extensions>
          <ns3:TrackPointExtension>
            <ns3:hr>168</ns3:hr>
            <ns3:cad>82</ns3:cad>
          </ns3:TrackPointExtension>
        </extensions>
      </trkpt>
      <trkpt lat="40.79283119179308414459228515625" lon="-73.96186857484281063079833984375">
        <ele>25.200000762939453125</ele>
        <time>2025-10-04T17:37:17.000Z</time>
        <extensions>
          <ns3:TrackPointExtension>
            <ns3:hr>165</ns3:hr>
            <ns3:cad>82</ns3:cad>
          </ns3:TrackPointExtension>
        </extensions>
      </trkpt>
      <trkpt lat="40.79276899807155132293701171875" lon="-73.961916603147983551025390625">
        <ele>25.6000003814697265625</ele>
        <time>2025-10-04T17:37:21.000Z</time>
        <extensions>
          <ns3:TrackPointExtension>
            <ns3:hr>161</ns3:hr>
            <ns3:cad>82</ns3:cad>
          </ns3:TrackPointExtension>
        </extensions>
      </trkpt>
      <trkpt lat="40.79259968362748622894287109375" lon="-73.96199849434196949005126953125">
        <ele>26.3999996185302734375</ele>
        <time>2025-10-04T17:37:31.000Z</time>
        <extensions>
          <ns3:TrackPointExtension>
            <ns3:hr>159</ns3:hr>
            <ns3:cad>80</ns3:cad>
          </ns3:TrackPointExtension>
        </extensions>
      </trkpt>
      <trkpt lat="40.792421735823154449462890625" lon="-73.96209538914263248443603515625">
        <ele>27.200000762939453125</ele>
        <time>2025-10-04T17:37:42.000Z</time>
        <extensions>
          <ns3:TrackPointExtension>
            <ns3:hr>156</ns3:hr>
            <ns3:cad>78</ns3:cad>
          </ns3:TrackPointExtension>
        </extensions>
      </trkpt>
      <trkpt lat="40.79227924346923828125" lon="-73.96213880740106105804443359375">
        <ele>27.200000762939453125</ele>
        <time>2025-10-04T17:37:50.000Z</time>
        <extensions>
          <ns3:TrackPointExtension>
            <ns3:hr>160</ns3:hr>
            <ns3:cad>80</ns3:cad>
          </ns3:TrackPointExtension>
        </extensions>
      </trkpt>
      <trkpt lat="40.7922041416168212890625" lon="-73.962168730795383453369140625">
        <ele>27.200000762939453125</ele>
        <time>2025-10-04T17:37:54.000Z</time>
        <extensions>
          <ns3:TrackPointExtension>
            <ns3:hr>163</ns3:hr>
            <ns3:cad>81</ns3:cad>
          </ns3:TrackPointExtension>
        </extensions>
      </trkpt>
      <trkpt lat="40.79203692264854907989501953125" lon="-73.96225581876933574676513671875">
        <ele>27.6000003814697265625</ele>
        <time>2025-10-04T17:38:03.000Z</time>
        <extensions>
          <ns3:TrackPointExtension>
            <ns3:hr>164</ns3:hr>
            <ns3:cad>82</ns3:cad>
          </ns3:TrackPointExtension>
        </extensions>
      </trkpt>
      <trkpt lat="40.79186425544321537017822265625" lon="-73.96236662752926349639892578125">
        <ele>29.3999996185302734375</ele>
        <time>2025-10-04T17:38:12.000Z</time>
        <extensions>
          <ns3:TrackPointExtension>
            <ns3:hr>162</ns3:hr>
            <ns3:cad>82</ns3:cad>
          </ns3:TrackPointExtension>
        </extensions>
      </trkpt>
      <trkpt lat="40.791799128055572509765625" lon="-73.9624045975506305694580078125">
        <ele>29.799999237060546875</ele>
        <time>2025-10-04T17:38:15.000Z</time>
        <extensions>
          <ns3:TrackPointExtension>
            <ns3:hr>159</ns3:hr>
            <ns3:cad>81</ns3:cad>
          </ns3:TrackPointExtension>
        </extensions>
      </trkpt>
      <trkpt lat="40.79163827933371067047119140625" lon="-73.962536863982677459716796875">
        <ele>30</ele>
        <time>2025-10-04T17:38:25.000Z</time>
        <extensions>
          <ns3:TrackPointExtension>
            <ns3:hr>159</ns3:hr>
            <ns3:cad>79</ns3:cad>
          </ns3:TrackPointExtension>
        </extensions>
      </trkpt>
      <trkpt lat="40.7915220223367214202880859375" lon="-73.96262395195662975311279296875">
        <ele>30</ele>
        <time>2025-10-04T17:38:32.000Z</time>
        <extensions>
          <ns3:TrackPointExtension>
            <ns3:hr>156</ns3:hr>
            <ns3:cad>79</ns3:cad>
          </ns3:TrackPointExtension>
        </extensions>
      </trkpt>
      <trkpt lat="40.79135455191135406494140625" lon="-73.96275068633258342742919921875">
        <ele>30</ele>
        <time>2025-10-04T17:38:42.000Z</time>
        <extensions>
          <ns3:TrackPointExtension>
            <ns3:hr>158</ns3:hr>
            <ns3:cad>79</ns3:cad>
          </ns3:TrackPointExtension>
        </extensions>
      </trkpt>
      <trkpt lat="40.79132479615509510040283203125" lon="-73.96277868188917636871337890625">
        <ele>30</ele>
        <time>2025-10-04T17:38:44.000Z</time>
        <extensions>
          <ns3:TrackPointExtension>
            <ns3:hr>159</ns3:hr>
            <ns3:cad>80</ns3:cad>
          </ns3:TrackPointExtension>
        </extensions>
      </trkpt>
      <trkpt lat="40.791196636855602264404296875" lon="-73.9629081822931766510009765625">
        <ele>30</ele>
        <time>2025-10-04T17:38:52.000Z</time>
        <extensions>
          <ns3:TrackPointExtension>
            <ns3:hr>162</ns3:hr>
            <ns3:cad>80</ns3:cad>
          </ns3:TrackPointExtension>
        </extensions>
      </trkpt>
      <trkpt lat="40.79106026329100131988525390625" lon="-73.96310205571353435516357421875">
        <ele>30</ele>
        <time>2025-10-04T17:39:00.000Z</time>
        <extensions>
          <ns3:TrackPointExtension>
            <ns3:hr>168</ns3:hr>
            <ns3:cad>84</ns3:cad>
          </ns3:TrackPointExtension>
        </extensions>
      </trkpt>
      <trkpt lat="40.79096588306128978729248046875" lon="-73.9633150398731231689453125">
        <ele>30</ele>
        <time>2025-10-04T17:39:09.000Z</time>
        <extensions>
          <ns3:TrackPointExtension>
            <ns3:hr>168</ns3:hr>
            <ns3:cad>82</ns3:cad>
          </ns3:TrackPointExtension>
        </extensions>
      </trkpt>
      <trkpt lat="40.79087250865995883941650390625" lon="-73.96353707648813724517822265625">
        <ele>30</ele>
        <time>2025-10-04T17:39:20.000Z</time>
        <extensions>
          <ns3:TrackPointExtension>
            <ns3:hr>166</ns3:hr>
            <ns3:cad>81</ns3:cad>
          </ns3:TrackPointExtension>
        </extensions>
      </trkpt>
      <trkpt lat="40.79083261080086231231689453125" lon="-73.96361553110182285308837890625">
        <ele>30</ele>
        <time>2025-10-04T17:39:24.000Z</time>
        <extensions>
          <ns3:TrackPointExtension>
            <ns3:hr>161</ns3:hr>
            <ns3:cad>80</ns3:cad>
          </ns3:TrackPointExtension>
        </extensions>
      </trkpt>
      <trkpt lat="40.7907324470579624176025390625" lon="-73.9638219773769378662109375">
        <ele>30</ele>
        <time>2025-10-04T17:39:35.000Z</time>
        <extensions>
          <ns3:TrackPointExtension>
            <ns3:hr>163</ns3:hr>
            <ns3:cad>81</ns3:cad>
          </ns3:TrackPointExtension>
        </extensions>
      </trkpt>
      <trkpt lat="40.79058802686631679534912109375" lon="-73.96396757103502750396728515625">
        <ele>30</ele>
        <time>2025-10-04T17:39:45.000Z</time>
        <extensions>
          <ns3:TrackPointExtension>
            <ns3:hr>162</ns3:hr>
            <ns3:cad>84</ns3:cad>
          </ns3:TrackPointExtension>
        </extensions>
      </trkpt>
      <trkpt lat="40.79057293944060802459716796875" lon="-73.96397913806140422821044921875">
        <ele>30</ele>
        <time>2025-10-04T17:39:46.000Z</time>
        <extensions>
          <ns3:TrackPointExtension>
            <ns3:hr>159</ns3:hr>
            <ns3:cad>84</ns3:cad>
          </ns3:TrackPointExtension>
        </extensions>
      </trkpt>
      <trkpt lat="40.79053840599954128265380859375" lon="-73.96400579251348972320556640625">
        <ele>30</ele>
        <time>2025-10-04T17:39:48.000Z</time>
        <extensions>
          <ns3:TrackPointExtension>
            <ns3:hr>156</ns3:hr>
            <ns3:cad>84</ns3:cad>
          </ns3:TrackPointExtension>
        </extensions>
      </trkpt>
      <trkpt lat="40.79035936854779720306396484375" lon="-73.96410972811281681060791015625">
        <ele>30.200000762939453125</ele>
        <time>2025-10-04T17:39:57.000Z</time>
        <extensions>
          <ns3:TrackPointExtension>
            <ns3:hr>157</ns3:hr>
            <ns3:cad>82</ns3:cad>
          </ns3:TrackPointExtension>
        </extensions>
      </trkpt>
      <trkpt lat="40.79018116928637027740478515625" lon="-73.96417711861431598663330078125">
        <ele>31</ele>
        <time>2025-10-04T17:40:07.000Z</time>
        <extensions>
          <ns3:TrackPointExtension>
            <ns3:hr>158</ns3:hr>
            <ns3:cad>83</ns3:cad>
          </ns3:TrackPointExtension>
        </extensions>
      </trkpt>
      <trkpt lat="40.79010824672877788543701171875" lon="-73.96420293487608432769775390625">
        <ele>31.200000762939453125</ele>
        <time>2025-10-04T17:40:11.000Z</time>
        <extensions>
          <ns3:TrackPointExtension>
            <ns3:hr>161</ns3:hr>
            <ns3:cad>83</ns3:cad>
          </ns3:TrackPointExtension>
        </extensions>
      </trkpt>
      <trkpt lat="40.79005007632076740264892578125" lon="-73.964201174676418304443359375">
        <ele>31.200000762939453125</ele>
        <time>2025-10-04T17:40:14.000Z</time>
        <extensions>
          <ns3:TrackPointExtension>
            <ns3:hr>164</ns3:hr>
            <ns3:cad>83</ns3:cad>
          </ns3:TrackPointExtension>
        </extensions>
      </trkpt>
      <trkpt lat="40.789935328066349029541015625" lon="-73.96417762152850627899169921875">
        <ele>31.200000762939453125</ele>
        <time>2025-10-04T17:40:19.000Z</time>
        <extensions>
          <ns3:TrackPointExtension>
            <ns3:hr>161</ns3:hr>
            <ns3:cad>83</ns3:cad>
          </ns3:TrackPointExtension>
        </extensions>
      </trkpt>
      <trkpt lat="40.7898422889411449432373046875" lon="-73.9641706645488739013671875">
        <ele>31.200000762939453125</ele>
        <time>2025-10-04T17:40:23.000Z</time>
        <extensions>
          <ns3:TrackPointExtension>
            <ns3:hr>158</ns3:hr>
            <ns3:cad>82</ns3:cad>
          </ns3:TrackPointExtension>
        </extensions>
      </trkpt>
      <trkpt lat="40.7896548695862293243408203125" lon="-73.9641510508954524993896484375">
        <ele>31</ele>
        <time>2025-10-04T17:40:32.000Z</time>
        <extensions>
          <ns3:TrackPointExtension>
            <ns3:hr>160</ns3:hr>
            <ns3:cad>82</ns3:cad>
          </ns3:TrackPointExtension>
        </extensions>
      </trkpt>
      <trkpt lat="40.7894751615822315216064453125" lon="-73.964155577123165130615234375">
        <ele>31.6000003814697265625</ele>
        <time>2025-10-04T17:40:42.000Z</time>
        <extensions>
          <ns3:TrackPointExtension>
            <ns3:hr>163</ns3:hr>
            <ns3:cad>81</ns3:cad>
          </ns3:TrackPointExtension>
        </extensions>
      </trkpt>
      <trkpt lat="40.78933543525636196136474609375" lon="-73.96419371478259563446044921875">
        <ele>32.200000762939453125</ele>
        <time>2025-10-04T17:40:49.000Z</time>
        <extensions>
          <ns3:TrackPointExtension>
            <ns3:hr>160</ns3:hr>
            <ns3:cad>84</ns3:cad>
          </ns3:TrackPointExtension>
        </extensions>
      </trkpt>
      <trkpt lat="40.78924708999693393707275390625" lon="-73.96423093043267726898193359375">
        <ele>32.40000152587890625</ele>
        <time>2025-10-04T17:40:54.000Z</time>
        <extensions>
          <ns3:TrackPointExtension>
            <ns3:hr>163</ns3:hr>
            <ns3:cad>83</ns3:cad>
          </ns3:TrackPointExtension>
        </extensions>
      </trkpt>
      <trkpt lat="40.78906905837357044219970703125" lon="-73.964323885738849639892578125">
        <ele>33</ele>
        <time>2025-10-04T17:41:05.000Z</time>
        <extensions>
          <ns3:TrackPointExtension>
            <ns3:hr>163</ns3:hr>
            <ns3:cad>82</ns3:cad>
          </ns3:TrackPointExtension>
        </extensions>
      </trkpt>
      <trkpt lat="40.7889300025999546051025390625" lon="-73.9644898474216461181640625">
        <ele>33.200000762939453125</ele>
        <time>2025-10-04T17:41:16.000Z</time>
        <extensions>
          <ns3:TrackPointExtension>
            <ns3:hr>159</ns3:hr>
            <ns3:cad>79</ns3:cad>
          </ns3:TrackPointExtension>
        </extensions>
      </trkpt>
      <trkpt lat="40.7888170145452022552490234375" lon="-73.9646854810416698455810546875">
        <ele>33</ele>
        <time>2025-10-04T17:41:26.000Z</time>
        <extensions>
          <ns3:TrackPointExtension>
            <ns3:hr>160</ns3:hr>
            <ns3:cad>82</ns3:cad>
          </ns3:TrackPointExtension>
        </extensions>
      </trkpt>
      <trkpt lat="40.7887217961251735687255859375" lon="-73.96489611826837062835693359375">
        <ele>33.799999237060546875</ele>
        <time>2025-10-04T17:41:35.000Z</time>
        <extensions>
          <ns3:TrackPointExtension>
            <ns3:hr>162</ns3:hr>
            <ns3:cad>83</ns3:cad>
          </ns3:TrackPointExtension>
        </extensions>
      </trkpt>
      <trkpt lat="40.788672007620334625244140625" lon="-73.96501162089407444000244140625">
        <ele>34.40000152587890625</ele>
        <time>2025-10-04T17:41:40.000Z</time>
        <extensions>
          <ns3:TrackPointExtension>
            <ns3:hr>159</ns3:hr>
            <ns3:cad>81</ns3:cad>
          </ns3:TrackPointExtension>
        </extensions>
      </trkpt>
      <trkpt lat="40.78860671259462833404541015625" lon="-73.965239860117435455322265625">
        <ele>35.799999237060546875</ele>
        <time>2025-10-04T17:41:49.000Z</time>
        <extensions>
          <ns3:TrackPointExtension>
            <ns3:hr>161</ns3:hr>
            <ns3:cad>83</ns3:cad>
          </ns3:TrackPointExtension>
        </extensions>
      </trkpt>
      <trkpt lat="40.78855390660464763641357421875" lon="-73.96546550095081329345703125">
        <ele>36</ele>
        <time>2025-10-04T17:41:59.000Z</time>
        <extensions>
          <ns3:TrackPointExtension>
            <ns3:hr>160</ns3:hr>
            <ns3:cad>79</ns3:cad>
          </ns3:TrackPointExtension>
        </extensions>
      </trkpt>
      <trkpt lat="40.78852658160030841827392578125" lon="-73.96556197665631771087646484375">
        <ele>36</ele>
        <time>2025-10-04T17:42:03.000Z</time>
        <extensions>
          <ns3:TrackPointExtension>
            <ns3:hr>163</ns3:hr>
            <ns3:cad>81</ns3:cad>
          </ns3:TrackPointExtension>
        </extensions>
      </trkpt>
      <trkpt lat="40.7885201275348663330078125" lon="-73.9655853621661663055419921875">
        <ele>36</ele>
        <time>2025-10-04T17:42:04.000Z</time>
        <extensions>
          <ns3:TrackPointExtension>
            <ns3:hr>166</ns3:hr>
            <ns3:cad>81</ns3:cad>
          </ns3:TrackPointExtension>
        </extensions>
      </trkpt>
      <trkpt lat="40.7885099016129970550537109375" lon="-73.96563221700489521026611328125">
        <ele>36</ele>
        <time>2025-10-04T17:42:06.000Z</time>
        <extensions>
          <ns3:TrackPointExtension>
            <ns3:hr>162</ns3:hr>
            <ns3:cad>82</ns3:cad>
          </ns3:TrackPointExtension>
        </extensions>
      </trkpt>
      <trkpt lat="40.78846757300198078155517578125" lon="-73.96575258113443851470947265625">
        <ele>36</ele>
        <time>2025-10-04T17:42:11.000Z</time>
        <extensions>
          <ns3:TrackPointExtension>
            <ns3:hr>166</ns3:hr>
            <ns3:cad>81</ns3:cad>
          </ns3:TrackPointExtension>
        </extensions>
      </trkpt>
      <trkpt lat="40.7883617095649242401123046875" lon="-73.96597243845462799072265625">
        <ele>36.59999847412109375</ele>
        <time>2025-10-04T17:42:19.000Z</time>
        <extensions>
          <ns3:TrackPointExtension>
            <ns3:hr>168</ns3:hr>
            <ns3:cad>82</ns3:cad>
          </ns3:TrackPointExtension>
        </extensions>
      </trkpt>
      <trkpt lat="40.7882975041866302490234375" lon="-73.96611115895211696624755859375">
        <ele>37</ele>
        <time>2025-10-04T17:42:25.000Z</time>
        <extensions>
          <ns3:TrackPointExtension>
            <ns3:hr>165</ns3:hr>
            <ns3:cad>82</ns3:cad>
          </ns3:TrackPointExtension>
        </extensions>
      </trkpt>
      <trkpt lat="40.7881955802440643310546875" lon="-73.9663083851337432861328125">
        <ele>36.200000762939453125</ele>
        <time>2025-10-04T17:42:34.000Z</time>
        <extensions>
          <ns3:TrackPointExtension>
            <ns3:hr>167</ns3:hr>
            <ns3:cad>83</ns3:cad>
          </ns3:TrackPointExtension>
        </extensions>
      </trkpt>
      <trkpt lat="40.78807496465742588043212890625" lon="-73.9665067009627819061279296875">
        <ele>36</ele>
        <time>2025-10-04T17:42:42.000Z</time>
        <extensions>
          <ns3:TrackPointExtension>
            <ns3:hr>167</ns3:hr>
            <ns3:cad>86</ns3:cad>
          </ns3:TrackPointExtension>
        </extensions>
      </trkpt>
      <trkpt lat="40.78803087584674358367919921875" lon="-73.96656629629433155059814453125">
        <ele>36</ele>
        <time>2025-10-04T17:42:45.000Z</time>
        <extensions>
          <ns3:TrackPointExtension>
            <ns3:hr>163</ns3:hr>
            <ns3:cad>83</ns3:cad>
          </ns3:TrackPointExtension>
        </extensions>
      </trkpt>
      <trkpt lat="40.7879493199288845062255859375" lon="-73.9666780270636081695556640625">
        <ele>36</ele>
        <time>2025-10-04T17:42:51.000Z</time>
        <extensions>
          <ns3:TrackPointExtension>
            <ns3:hr>168</ns3:hr>
            <ns3:cad>81</ns3:cad>
          </ns3:TrackPointExtension>
        </extensions>
      </trkpt>
      <trkpt lat="40.787935070693492889404296875" lon="-73.96669856272637844085693359375">
        <ele>36</ele>
        <time>2025-10-04T17:42:52.000Z</time>
        <extensions>
          <ns3:TrackPointExtension>
            <ns3:hr>168</ns3:hr>
            <ns3:cad>81</ns3:cad>
          </ns3:TrackPointExtension>
        </extensions>
      </trkpt>
      <trkpt lat="40.78777254559099674224853515625" lon="-73.96685312502086162567138671875">
        <ele>36</ele>
        <time>2025-10-04T17:43:01.000Z</time>
        <extensions>
          <ns3:TrackPointExtension>
            <ns3:hr>166</ns3:hr>
            <ns3:cad>81</ns3:cad>
          </ns3:TrackPointExtension>
        </extensions>
      </trkpt>
      <trkpt lat="40.78761152923107147216796875" lon="-73.96698991768062114715576171875">
        <ele>36</ele>
        <time>2025-10-04T17:43:10.000Z</time>
        <extensions>
          <ns3:TrackPointExtension>
            <ns3:hr>167</ns3:hr>
            <ns3:cad>80</ns3:cad>
          </ns3:TrackPointExtension>
        </extensions>
      </trkpt>
      <trkpt lat="40.7874336652457714080810546875" lon="-73.96709628403186798095703125">
        <ele>36</ele>
        <time>2025-10-04T17:43:19.000Z</time>
        <extensions>
          <ns3:TrackPointExtension>
            <ns3:hr>168</ns3:hr>
            <ns3:cad>81</ns3:cad>
          </ns3:TrackPointExtension>
        </extensions>
      </trkpt>
      <trkpt lat="40.78736149705946445465087890625" lon="-73.9671474136412143707275390625">
        <ele>36</ele>
        <time>2025-10-04T17:43:23.000Z</time>
        <extensions>
          <ns3:TrackPointExtension>
            <ns3:hr>165</ns3:hr>
            <ns3:cad>81</ns3:cad>
          </ns3:TrackPointExtension>
        </extensions>
      </trkpt>
      <trkpt lat="40.787343643605709075927734375" lon="-73.96716459654271602630615234375">
        <ele>36</ele>
        <time>2025-10-04T17:43:24.000Z</time>
        <extensions>
          <ns3:TrackPointExtension>
            <ns3:hr>165</ns3:hr>
            <ns3:cad>81</ns3:cad>
          </ns3:TrackPointExtension>
        </extensions>
      </trkpt>
      <trkpt lat="40.787173993885517120361328125" lon="-73.9672821946442127227783203125">
        <ele>36</ele>
        <time>2025-10-04T17:43:31.000Z</time>
        <extensions>
          <ns3:TrackPointExtension>
            <ns3:hr>166</ns3:hr>
            <ns3:cad>84</ns3:cad>
          </ns3:TrackPointExtension>
        </extensions>
      </trkpt>
      <trkpt lat="40.787003003060817718505859375" lon="-73.9673839509487152099609375">
        <ele>36</ele>
        <time>2025-10-04T17:43:39.000Z</time>
        <extensions>
          <ns3:TrackPointExtension>
            <ns3:hr>166</ns3:hr>
            <ns3:cad>85</ns3:cad>
          </ns3:TrackPointExtension>
        </extensions>
      </trkpt>
      <trkpt lat="40.7868120633065700531005859375" lon="-73.9674670994281768798828125">
        <ele>36</ele>
        <time>2025-10-04T17:43:48.000Z</time>
        <extensions>
          <ns3:TrackPointExtension>
            <ns3:hr>165</ns3:hr>
            <ns3:cad>84</ns3:cad>
          </ns3:TrackPointExtension>
        </extensions>
      </trkpt>
      <trkpt lat="40.786630176007747650146484375" lon="-73.96751596592366695404052734375">
        <ele>35.799999237060546875</ele>
        <time>2025-10-04T17:43:56.000Z</time>
        <extensions>
          <ns3:TrackPointExtension>
            <ns3:hr>166</ns3:hr>
            <ns3:cad>84</ns3:cad>
          </ns3:TrackPointExtension>
        </extensions>
      </trkpt>
      <trkpt lat="40.78644451685249805450439453125" lon="-73.96753591485321521759033203125">
        <ele>35.799999237060546875</ele>
        <time>2025-10-04T17:44:04.000Z</time>
        <extensions>
          <ns3:TrackPointExtension>
            <ns3:hr>164</ns3:hr>
            <ns3:cad>83</ns3:cad>
          </ns3:TrackPointExtension>
        </extensions>
      </trkpt>
      <trkpt lat="40.78625827096402645111083984375" lon="-73.967504315078258514404296875">
        <ele>36</ele>
        <time>2025-10-04T17:44:13.000Z</time>
        <extensions>
          <ns3:TrackPointExtension>
            <ns3:hr>161</ns3:hr>
            <ns3:cad>82</ns3:cad>
          </ns3:TrackPointExtension>
        </extensions>
      </trkpt>
      <trkpt lat="40.7860654033720493316650390625" lon="-73.96745796315371990203857421875">
        <ele>36</ele>
        <time>2025-10-04T17:44:24.000Z</time>
        <extensions>
          <ns3:TrackPointExtension>
            <ns3:hr>161</ns3:hr>
            <ns3:cad>79</ns3:cad>
          </ns3:TrackPointExtension>
        </extensions>
      </trkpt>
      <trkpt lat="40.78589114360511302947998046875" lon="-73.96738998591899871826171875">
        <ele>36</ele>
        <time>2025-10-04T17:44:34.000Z</time>
        <extensions>
          <ns3:TrackPointExtension>
            <ns3:hr>163</ns3:hr>
            <ns3:cad>81</ns3:cad>
          </ns3:TrackPointExtension>
        </extensions>
      </trkpt>
      <trkpt lat="40.785765834152698516845703125" lon="-73.967342376708984375">
        <ele>36</ele>
        <time>2025-10-04T17:44:41.000Z</time>
        <extensions>
          <ns3:TrackPointExtension>
            <ns3:hr>160</ns3:hr>
            <ns3:cad>81</ns3:cad>
          </ns3:TrackPointExtension>
        </extensions>
      </trkpt>
      <trkpt lat="40.7855883054435253143310546875" lon="-73.96727356128394603729248046875">
        <ele>36</ele>
        <time>2025-10-04T17:44:50.000Z</time>
        <extensions>
          <ns3:TrackPointExtension>
            <ns3:hr>159</ns3:hr>
            <ns3:cad>84</ns3:cad>
          </ns3:TrackPointExtension>
        </extensions>
      </trkpt>
      <trkpt lat="40.7854189909994602203369140625" lon="-73.9672042429447174072265625">
        <ele>36</ele>
        <time>2025-10-04T17:44:59.000Z</time>
        <extensions>
          <ns3:TrackPointExtension>
            <ns3:hr>162</ns3:hr>
            <ns3:cad>83</ns3:cad>
          </ns3:TrackPointExtension>
        </extensions>
      </trkpt>
      <trkpt lat="40.78523685224354267120361328125" lon="-73.96715101785957813262939453125">
        <ele>36</ele>
        <time>2025-10-04T17:45:09.000Z</time>
        <extensions>
          <ns3:TrackPointExtension>
            <ns3:hr>163</ns3:hr>
            <ns3:cad>80</ns3:cad>
          </ns3:TrackPointExtension>
        </extensions>
      </trkpt>
      <trkpt lat="40.7850555516779422760009765625" lon="-73.9670920930802822113037109375">
        <ele>36.40000152587890625</ele>
        <time>2025-10-04T17:45:19.000Z</time>
        <extensions>
          <ns3:TrackPointExtension>
            <ns3:hr>163</ns3:hr>
            <ns3:cad>84</ns3:cad>
          </ns3:TrackPointExtension>
        </extensions>
      </trkpt>
      <trkpt lat="40.78486452810466289520263671875" lon="-73.96706636063754558563232421875">
        <ele>36.59999847412109375</ele>
        <time>2025-10-04T17:45:28.000Z</time>
        <extensions>
          <ns3:TrackPointExtension>
            <ns3:hr>162</ns3:hr>
            <ns3:cad>82</ns3:cad>
          </ns3:TrackPointExtension>
        </extensions>
      </trkpt>
      <trkpt lat="40.78470225445926189422607421875" lon="-73.96709586493670940399169921875">
        <ele>36.59999847412109375</ele>
        <time>2025-10-04T17:45:37.000Z</time>
        <extensions>
          <ns3:TrackPointExtension>
            <ns3:hr>165</ns3:hr>
            <ns3:cad>82</ns3:cad>
          </ns3:TrackPointExtension>
        </extensions>
      </trkpt>
      <trkpt lat="40.78452656976878643035888671875" lon="-73.96718353964388370513916015625">
        <ele>36.200000762939453125</ele>
        <time>2025-10-04T17:45:48.000Z</time>
        <extensions>
          <ns3:TrackPointExtension>
            <ns3:hr>166</ns3:hr>
            <ns3:cad>81</ns3:cad>
          </ns3:TrackPointExtension>
        </extensions>
      </trkpt>
      <trkpt lat="40.78435742296278476715087890625" lon="-73.96731111221015453338623046875">
        <ele>34.799999237060546875</ele>
        <time>2025-10-04T17:45:57.000Z</time>
        <extensions>
          <ns3:TrackPointExtension>
            <ns3:hr>167</ns3:hr>
            <ns3:cad>81</ns3:cad>
          </ns3:TrackPointExtension>
        </extensions>
      </trkpt>
      <trkpt lat="40.78418341465294361114501953125" lon="-73.96741940639913082122802734375">
        <ele>35.799999237060546875</ele>
        <time>2025-10-04T17:46:05.000Z</time>
        <extensions>
          <ns3:TrackPointExtension>
            <ns3:hr>168</ns3:hr>
            <ns3:cad>81</ns3:cad>
          </ns3:TrackPointExtension>
        </extensions>
      </trkpt>
      <trkpt lat="40.7840192131698131561279296875" lon="-73.967552594840526580810546875">
        <ele>37</ele>
        <time>2025-10-04T17:46:13.000Z</time>
        <extensions>
          <ns3:TrackPointExtension>
            <ns3:hr>167</ns3:hr>
            <ns3:cad>83</ns3:cad>
          </ns3:TrackPointExtension>
        </extensions>
      </trkpt>
      <trkpt lat="40.78385920263826847076416015625" lon="-73.96769014187157154083251953125">
        <ele>37</ele>
        <time>2025-10-04T17:46:21.000Z</time>
        <extensions>
          <ns3:TrackPointExtension>
            <ns3:hr>168</ns3:hr>
            <ns3:cad>84</ns3:cad>
          </ns3:TrackPointExtension>
        </extensions>
      </trkpt>
      <trkpt lat="40.7837084122002124786376953125" lon="-73.96784654818475246429443359375">
        <ele>37</ele>
        <time>2025-10-04T17:46:29.000Z</time>
        <extensions>
          <ns3:TrackPointExtension>
            <ns3:hr>168</ns3:hr>
            <ns3:cad>83</ns3:cad>
          </ns3:TrackPointExtension>
        </extensions>
      </trkpt>
      <trkpt lat="40.78357346355915069580078125" lon="-73.96801485680043697357177734375">
        <ele>37</ele>
        <time>2025-10-04T17:46:37.000Z</time>
        <extensions>
          <ns3:TrackPointExtension>
            <ns3:hr>168</ns3:hr>
            <ns3:cad>82</ns3:cad>
          </ns3:TrackPointExtension>
        </extensions>
      </trkpt>
      <trkpt lat="40.783483944833278656005859375" lon="-73.9681255817413330078125">
        <ele>37</ele>
        <time>2025-10-04T17:46:43.000Z</time>
        <extensions>
          <ns3:TrackPointExtension>
            <ns3:hr>165</ns3:hr>
            <ns3:cad>80</ns3:cad>
          </ns3:TrackPointExtension>
        </extensions>
      </trkpt>
      <trkpt lat="40.783354528248310089111328125" lon="-73.96831333637237548828125">
        <ele>37</ele>
        <time>2025-10-04T17:46:53.000Z</time>
        <extensions>
          <ns3:TrackPointExtension>
            <ns3:hr>164</ns3:hr>
            <ns3:cad>82</ns3:cad>
          </ns3:TrackPointExtension>
        </extensions>
      </trkpt>
      <trkpt lat="40.78332879580557346343994140625" lon="-73.96835030056536197662353515625">
        <ele>37</ele>
        <time>2025-10-04T17:46:55.000Z</time>
        <extensions>
          <ns3:TrackPointExtension>
            <ns3:hr>161</ns3:hr>
            <ns3:cad>82</ns3:cad>
          </ns3:TrackPointExtension>
        </extensions>
      </trkpt>
      <trkpt lat="40.78322133980691432952880859375" lon="-73.96854777820408344268798828125">
        <ele>37</ele>
        <time>2025-10-04T17:47:04.000Z</time>
        <extensions>
          <ns3:TrackPointExtension>
            <ns3:hr>160</ns3:hr>
            <ns3:cad>83</ns3:cad>
          </ns3:TrackPointExtension>
        </extensions>
      </trkpt>
      <trkpt lat="40.783124528825283050537109375" lon="-73.9687599241733551025390625">
        <ele>37</ele>
        <time>2025-10-04T17:47:14.000Z</time>
        <extensions>
          <ns3:TrackPointExtension>
            <ns3:hr>161</ns3:hr>
            <ns3:cad>81</ns3:cad>
          </ns3:TrackPointExtension>
        </extensions>
      </trkpt>
      <trkpt lat="40.78301246277987957000732421875" lon="-73.96896117366850376129150390625">
        <ele>36.59999847412109375</ele>
        <time>2025-10-04T17:47:24.000Z</time>
        <extensions>
          <ns3:TrackPointExtension>
            <ns3:hr>159</ns3:hr>
            <ns3:cad>80</ns3:cad>
          </ns3:TrackPointExtension>
        </extensions>
      </trkpt>
      <trkpt lat="40.78288120217621326446533203125" lon="-73.96914524026215076446533203125">
        <ele>36</ele>
        <time>2025-10-04T17:47:34.000Z</time>
        <extensions>
          <ns3:TrackPointExtension>
            <ns3:hr>157</ns3:hr>
            <ns3:cad>80</ns3:cad>
          </ns3:TrackPointExtension>
        </extensions>
      </trkpt>
      <trkpt lat="40.78281766735017299652099609375" lon="-73.96922687999904155731201171875">
        <ele>35.799999237060546875</ele>
        <time>2025-10-04T17:47:39.000Z</time>
        <extensions>
          <ns3:TrackPointExtension>
            <ns3:hr>160</ns3:hr>
            <ns3:cad>82</ns3:cad>
          </ns3:TrackPointExtension>
        </extensions>
      </trkpt>
      <trkpt lat="40.78266494907438755035400390625" lon="-73.96936132572591304779052734375">
        <ele>35.200000762939453125</ele>
        <time>2025-10-04T17:47:47.000Z</time>
        <extensions>
          <ns3:TrackPointExtension>
            <ns3:hr>161</ns3:hr>
            <ns3:cad>82</ns3:cad>
          </ns3:TrackPointExtension>
        </extensions>
      </trkpt>
      <trkpt lat="40.78249898739159107208251953125" lon="-73.969415724277496337890625">
        <ele>34.40000152587890625</ele>
        <time>2025-10-04T17:47:54.000Z</time>
        <extensions>
          <ns3:TrackPointExtension>
            <ns3:hr>164</ns3:hr>
            <ns3:cad>83</ns3:cad>
          </ns3:TrackPointExtension>
        </extensions>
      </trkpt>
      <trkpt lat="40.78244693577289581298828125" lon="-73.96942502819001674652099609375">
        <ele>34.200000762939453125</ele>
        <time>2025-10-04T17:47:56.000Z</time>
        <extensions>
          <ns3:TrackPointExtension>
            <ns3:hr>167</ns3:hr>
            <ns3:cad>83</ns3:cad>
          </ns3:TrackPointExtension>
        </extensions>
      </trkpt>
      <trkpt lat="40.7823984883725643157958984375" lon="-73.9694296382367610931396484375">
        <ele>34</ele>
        <time>2025-10-04T17:47:58.000Z</time>
        <extensions>
          <ns3:TrackPointExtension>
            <ns3:hr>170</ns3:hr>
            <ns3:cad>83</ns3:cad>
          </ns3:TrackPointExtension>
        </extensions>
      </trkpt>
      <trkpt lat="40.78232531435787677764892578125" lon="-73.96942310035228729248046875">
        <ele>33.59999847412109375</ele>
        <time>2025-10-04T17:48:01.000Z</time>
        <extensions>
          <ns3:TrackPointExtension>
            <ns3:hr>173</ns3:hr>
            <ns3:cad>84</ns3:cad>
          </ns3:TrackPointExtension>
        </extensions>
      </trkpt>
      <trkpt lat="40.78227418474853038787841796875" lon="-73.96942167542874813079833984375">
        <ele>33.200000762939453125</ele>
        <time>2025-10-04T17:48:03.000Z</time>
        <extensions>
          <ns3:TrackPointExtension>
            <ns3:hr>168</ns3:hr>
            <ns3:cad>84</ns3:cad>
          </ns3:TrackPointExtension>
        </extensions>
      </trkpt>
      <trkpt lat="40.78224853612482547760009765625" lon="-73.96941631101071834564208984375">
        <ele>33.200000762939453125</ele>
        <time>2025-10-04T17:48:04.000Z</time>
        <extensions>
          <ns3:TrackPointExtension>
            <ns3:hr>164</ns3:hr>
            <ns3:cad>85</ns3:cad>
          </ns3:TrackPointExtension>
        </extensions>
      </trkpt>
      <trkpt lat="40.78222297132015228271484375" lon="-73.9694111980497837066650390625">
        <ele>33</ele>
        <time>2025-10-04T17:48:05.000Z</time>
        <extensions>
          <ns3:TrackPointExtension>
            <ns3:hr>160</ns3:hr>
            <ns3:cad>85</ns3:cad>
          </ns3:TrackPointExtension>
        </extensions>
      </trkpt>
      <trkpt lat="40.78219673596322536468505859375" lon="-73.96940700709819793701171875">
        <ele>32.799999237060546875</ele>
        <time>2025-10-04T17:48:06.000Z</time>
        <extensions>
          <ns3:TrackPointExtension>
            <ns3:hr>160</ns3:hr>
            <ns3:cad>84</ns3:cad>
          </ns3:TrackPointExtension>
        </extensions>
      </trkpt>
      <trkpt lat="40.7820055447518825531005859375" lon="-73.96939166821539402008056640625">
        <ele>31.3999996185302734375</ele>
        <time>2025-10-04T17:48:14.000Z</time>
        <extensions>
          <ns3:TrackPointExtension>
            <ns3:hr>157</ns3:hr>
            <ns3:cad>84</ns3:cad>
          </ns3:TrackPointExtension>
        </extensions>
      </trkpt>
      <trkpt lat="40.78185743652284145355224609375" lon="-73.96938026882708072662353515625">
        <ele>30.200000762939453125</ele>
        <time>2025-10-04T17:48:20.000Z</time>
        <extensions>
          <ns3:TrackPointExtension>
            <ns3:hr>161</ns3:hr>
            <ns3:cad>84</ns3:cad>
          </ns3:TrackPointExtension>
        </extensions>
      </trkpt>
      <trkpt lat="40.781719721853733062744140625" lon="-73.96938093937933444976806640625">
        <ele>30</ele>
        <time>2025-10-04T17:48:26.000Z</time>
        <extensions>
          <ns3:TrackPointExtension>
            <ns3:hr>164</ns3:hr>
            <ns3:cad>83</ns3:cad>
          </ns3:TrackPointExtension>
        </extensions>
      </trkpt>
      <trkpt lat="40.781599022448062896728515625" lon="-73.96937473677098751068115234375">
        <ele>30</ele>
        <time>2025-10-04T17:48:30.000Z</time>
        <extensions>
          <ns3:TrackPointExtension>
            <ns3:hr>161</ns3:hr>
            <ns3:cad>85</ns3:cad>
          </ns3:TrackPointExtension>
        </extensions>
      </trkpt>
      <trkpt lat="40.781538672745227813720703125" lon="-73.9693753235042095184326171875">
        <ele>30</ele>
        <time>2025-10-04T17:48:32.000Z</time>
        <extensions>
          <ns3:TrackPointExtension>
            <ns3:hr>157</ns3:hr>
            <ns3:cad>88</ns3:cad>
          </ns3:TrackPointExtension>
        </extensions>
      </trkpt>
      <trkpt lat="40.7814496569335460662841796875" lon="-73.9693873934447765350341796875">
        <ele>30</ele>
        <time>2025-10-04T17:48:35.000Z</time>
        <extensions>
          <ns3:TrackPointExtension>
            <ns3:hr>160</ns3:hr>
            <ns3:cad>86</ns3:cad>
          </ns3:TrackPointExtension>
        </extensions>
      </trkpt>
      <trkpt lat="40.7814230024814605712890625" lon="-73.96939896047115325927734375">
        <ele>30</ele>
        <time>2025-10-04T17:48:36.000Z</time>
        <extensions>
          <ns3:TrackPointExtension>
            <ns3:hr>165</ns3:hr>
            <ns3:cad>86</ns3:cad>
          </ns3:TrackPointExtension>
        </extensions>
      </trkpt>
      <trkpt lat="40.781398527324199676513671875" lon="-73.96940927021205425262451171875">
        <ele>30</ele>
        <time>2025-10-04T17:48:37.000Z</time>
        <extensions>
          <ns3:TrackPointExtension>
            <ns3:hr>170</ns3:hr>
            <ns3:cad>86</ns3:cad>
          </ns3:TrackPointExtension>
        </extensions>
      </trkpt>
      <trkpt lat="40.78134798444807529449462890625" lon="-73.969424106180667877197265625">
        <ele>30</ele>
        <time>2025-10-04T17:48:39.000Z</time>
        <extensions>
          <ns3:TrackPointExtension>
            <ns3:hr>167</ns3:hr>
            <ns3:cad>85</ns3:cad>
          </ns3:TrackPointExtension>
        </extensions>
      </trkpt>
      <trkpt lat="40.78115922398865222930908203125" lon="-73.96950222551822662353515625">
        <ele>29.3999996185302734375</ele>
        <time>2025-10-04T17:48:47.000Z</time>
        <extensions>
          <ns3:TrackPointExtension>
            <ns3:hr>166</ns3:hr>
            <ns3:cad>84</ns3:cad>
          </ns3:TrackPointExtension>
        </extensions>
      </trkpt>
      <trkpt lat="40.7809896580874919891357421875" lon="-73.9696262776851654052734375">
        <ele>28.200000762939453125</ele>
        <time>2025-10-04T17:48:54.000Z</time>
        <extensions>
          <ns3:TrackPointExtension>
            <ns3:hr>167</ns3:hr>
            <ns3:cad>85</ns3:cad>
          </ns3:TrackPointExtension>
        </extensions>
      </trkpt>
      <trkpt lat="40.78083568252623081207275390625" lon="-73.969764746725559234619140625">
        <ele>27.3999996185302734375</ele>
        <time>2025-10-04T17:49:02.000Z</time>
        <extensions>
          <ns3:TrackPointExtension>
            <ns3:hr>168</ns3:hr>
            <ns3:cad>85</ns3:cad>
          </ns3:TrackPointExtension>
        </extensions>
      </trkpt>
      <trkpt lat="40.78069067560136318206787109375" lon="-73.969920985400676727294921875">
        <ele>27</ele>
        <time>2025-10-04T17:49:10.000Z</time>
        <extensions>
          <ns3:TrackPointExtension>
            <ns3:hr>167</ns3:hr>
            <ns3:cad>85</ns3:cad>
          </ns3:TrackPointExtension>
        </extensions>
      </trkpt>
      <trkpt lat="40.7805491052567958831787109375" lon="-73.9700956642627716064453125">
        <ele>27</ele>
        <time>2025-10-04T17:49:19.000Z</time>
        <extensions>
          <ns3:TrackPointExtension>
            <ns3:hr>167</ns3:hr>
            <ns3:cad>85</ns3:cad>
          </ns3:TrackPointExtension>
        </extensions>
      </trkpt>
      <trkpt lat="40.7804773561656475067138671875" lon="-73.9702081494033336639404296875">
        <ele>27</ele>
        <time>2025-10-04T17:49:24.000Z</time>
        <extensions>
          <ns3:TrackPointExtension>
            <ns3:hr>170</ns3:hr>
            <ns3:cad>85</ns3:cad>
          </ns3:TrackPointExtension>
        </extensions>
      </trkpt>
      <trkpt lat="40.78035883605480194091796875" lon="-73.97040990181267261505126953125">
        <ele>26.3999996185302734375</ele>
        <time>2025-10-04T17:49:33.000Z</time>
        <extensions>
          <ns3:TrackPointExtension>
            <ns3:hr>168</ns3:hr>
            <ns3:cad>84</ns3:cad>
          </ns3:TrackPointExtension>
        </extensions>
      </trkpt>
      <trkpt lat="40.7803248055279254913330078125" lon="-73.970470167696475982666015625">
        <ele>26.200000762939453125</ele>
        <time>2025-10-04T17:49:36.000Z</time>
        <extensions>
          <ns3:TrackPointExtension>
            <ns3:hr>164</ns3:hr>
            <ns3:cad>82</ns3:cad>
          </ns3:TrackPointExtension>
        </extensions>
      </trkpt>
      <trkpt lat="40.78026219271123409271240234375" lon="-73.970558680593967437744140625">
        <ele>26</ele>
        <time>2025-10-04T17:49:41.000Z</time>
        <extensions>
          <ns3:TrackPointExtension>
            <ns3:hr>160</ns3:hr>
            <ns3:cad>81</ns3:cad>
          </ns3:TrackPointExtension>
        </extensions>
      </trkpt>
      <trkpt lat="40.780169405043125152587890625" lon="-73.97069153375923633575439453125">
        <ele>26</ele>
        <time>2025-10-04T17:49:48.000Z</time>
        <extensions>
          <ns3:TrackPointExtension>
            <ns3:hr>157</ns3:hr>
            <ns3:cad>83</ns3:cad>
          </ns3:TrackPointExtension>
        </extensions>
      </trkpt>
      <trkpt lat="40.780115760862827301025390625" lon="-73.97077853791415691375732421875">
        <ele>26</ele>
        <time>2025-10-04T17:49:52.000Z</time>
        <extensions>
          <ns3:TrackPointExtension>
            <ns3:hr>160</ns3:hr>
            <ns3:cad>84</ns3:cad>
          </ns3:TrackPointExtension>
        </extensions>
      </trkpt>
      <trkpt lat="40.7800629548728466033935546875" lon="-73.97084877826273441314697265625">
        <ele>25.799999237060546875</ele>
        <time>2025-10-04T17:49:56.000Z</time>
        <extensions>
          <ns3:TrackPointExtension>
            <ns3:hr>163</ns3:hr>
            <ns3:cad>83</ns3:cad>
          </ns3:TrackPointExtension>
        </extensions>
      </trkpt>
      <trkpt lat="40.7799855060875415802001953125" lon="-73.9709554798901081085205078125">
        <ele>25.6000003814697265625</ele>
        <time>2025-10-04T17:50:02.000Z</time>
        <extensions>
          <ns3:TrackPointExtension>
            <ns3:hr>159</ns3:hr>
            <ns3:cad>82</ns3:cad>
          </ns3:TrackPointExtension>
        </extensions>
      </trkpt>
      <trkpt lat="40.77987193129956722259521484375" lon="-73.97115505300462245941162109375">
        <ele>25</ele>
        <time>2025-10-04T17:50:10.000Z</time>
        <extensions>
          <ns3:TrackPointExtension>
            <ns3:hr>161</ns3:hr>
            <ns3:cad>86</ns3:cad>
          </ns3:TrackPointExtension>
        </extensions>
      </trkpt>
      <trkpt lat="40.7798081450164318084716796875" lon="-73.971225880086421966552734375">
        <ele>25</ele>
        <time>2025-10-04T17:50:14.000Z</time>
        <extensions>
          <ns3:TrackPointExtension>
            <ns3:hr>164</ns3:hr>
            <ns3:cad>85</ns3:cad>
          </ns3:TrackPointExtension>
        </extensions>
      </trkpt>
      <trkpt lat="40.77965517528355121612548828125" lon="-73.9713658578693866729736328125">
        <ele>25</ele>
        <time>2025-10-04T17:50:22.000Z</time>
        <extensions>
          <ns3:TrackPointExtension>
            <ns3:hr>165</ns3:hr>
            <ns3:cad>86</ns3:cad>
          </ns3:TrackPointExtension>
        </extensions>
      </trkpt>
      <trkpt lat="40.77951519750058650970458984375" lon="-73.9715529419481754302978515625">
        <ele>24.3999996185302734375</ele>
        <time>2025-10-04T17:50:31.000Z</time>
        <extensions>
          <ns3:TrackPointExtension>
            <ns3:hr>165</ns3:hr>
            <ns3:cad>82</ns3:cad>
          </ns3:TrackPointExtension>
        </extensions>
      </trkpt>
      <trkpt lat="40.7793558575212955474853515625" lon="-73.9716950990259647369384765625">
        <ele>23.3999996185302734375</ele>
        <time>2025-10-04T17:50:40.000Z</time>
        <extensions>
          <ns3:TrackPointExtension>
            <ns3:hr>167</ns3:hr>
            <ns3:cad>84</ns3:cad>
          </ns3:TrackPointExtension>
        </extensions>
      </trkpt>
      <trkpt lat="40.77920741401612758636474609375" lon="-73.97183214314281940460205078125">
        <ele>23.200000762939453125</ele>
        <time>2025-10-04T17:50:48.000Z</time>
        <extensions>
          <ns3:TrackPointExtension>
            <ns3:hr>169</ns3:hr>
            <ns3:cad>82</ns3:cad>
          </ns3:TrackPointExtension>
        </extensions>
      </trkpt>
      <trkpt lat="40.7791090942919254302978515625" lon="-73.97195116616785526275634765625">
        <ele>23.3999996185302734375</ele>
        <time>2025-10-04T17:50:54.000Z</time>
        <extensions>
          <ns3:TrackPointExtension>
            <ns3:hr>172</ns3:hr>
            <ns3:cad>83</ns3:cad>
          </ns3:TrackPointExtension>
        </extensions>
      </trkpt>
      <trkpt lat="40.77907112427055835723876953125" lon="-73.97198888473212718963623046875">
        <ele>23.3999996185302734375</ele>
        <time>2025-10-04T17:50:56.000Z</time>
        <extensions>
          <ns3:TrackPointExtension>
            <ns3:hr>175</ns3:hr>
            <ns3:cad>82</ns3:cad>
          </ns3:TrackPointExtension>
        </extensions>
      </trkpt>
      <trkpt lat="40.7789307273924350738525390625" lon="-73.97213892079889774322509765625">
        <ele>22.6000003814697265625</ele>
        <time>2025-10-04T17:51:04.000Z</time>
        <extensions>
          <ns3:TrackPointExtension>
            <ns3:hr>174</ns3:hr>
            <ns3:cad>82</ns3:cad>
          </ns3:TrackPointExtension>
        </extensions>
      </trkpt>
      <trkpt lat="40.77878144569694995880126953125" lon="-73.97230245172977447509765625">
        <ele>21.6000003814697265625</ele>
        <time>2025-10-04T17:51:12.000Z</time>
        <extensions>
          <ns3:TrackPointExtension>
            <ns3:hr>173</ns3:hr>
            <ns3:cad>82</ns3:cad>
          </ns3:TrackPointExtension>
        </extensions>
      </trkpt>
      <trkpt lat="40.77863928861916065216064453125" lon="-73.97249196656048297882080078125">
        <ele>20.799999237060546875</ele>
        <time>2025-10-04T17:51:21.000Z</time>
        <extensions>
          <ns3:TrackPointExtension>
            <ns3:hr>171</ns3:hr>
            <ns3:cad>84</ns3:cad>
          </ns3:TrackPointExtension>
        </extensions>
      </trkpt>
      <trkpt lat="40.77852495945990085601806640625" lon="-73.9726747758686542510986328125">
        <ele>21.3999996185302734375</ele>
        <time>2025-10-04T17:51:29.000Z</time>
        <extensions>
          <ns3:TrackPointExtension>
            <ns3:hr>171</ns3:hr>
            <ns3:cad>84</ns3:cad>
          </ns3:TrackPointExtension>
        </extensions>
      </trkpt>
      <trkpt lat="40.77844776213169097900390625" lon="-73.97286362014710903167724609375">
        <ele>22.6000003814697265625</ele>
        <time>2025-10-04T17:51:37.000Z</time>
        <extensions>
          <ns3:TrackPointExtension>
            <ns3:hr>168</ns3:hr>
            <ns3:cad>82</ns3:cad>
          </ns3:TrackPointExtension>
        </extensions>
      </trkpt>
      <trkpt lat="40.77833787538111209869384765625" lon="-73.97306310944259166717529296875">
        <ele>23.3999996185302734375</ele>
        <time>2025-10-04T17:51:46.000Z</time>
        <extensions>
          <ns3:TrackPointExtension>
            <ns3:hr>165</ns3:hr>
            <ns3:cad>84</ns3:cad>
          </ns3:TrackPointExtension>
        </extensions>
      </trkpt>
      <trkpt lat="40.77828540466725826263427734375" lon="-73.97314458154141902923583984375">
        <ele>23.200000762939453125</ele>
        <time>2025-10-04T17:51:50.000Z</time>
        <extensions>
          <ns3:TrackPointExtension>
            <ns3:hr>159</ns3:hr>
            <ns3:cad>84</ns3:cad>
          </ns3:TrackPointExtension>
        </extensions>
      </trkpt>
      <trkpt lat="40.7782735861837863922119140625" lon="-73.9731642790138721466064453125">
        <ele>23.200000762939453125</ele>
        <time>2025-10-04T17:51:51.000Z</time>
        <extensions>
          <ns3:TrackPointExtension>
            <ns3:hr>156</ns3:hr>
            <ns3:cad>84</ns3:cad>
          </ns3:TrackPointExtension>
        </extensions>
      </trkpt>
      <trkpt lat="40.77825866639614105224609375" lon="-73.9731860719621181488037109375">
        <ele>23</ele>
        <time>2025-10-04T17:51:52.000Z</time>
        <extensions>
          <ns3:TrackPointExtension>
            <ns3:hr>156</ns3:hr>
            <ns3:cad>84</ns3:cad>
          </ns3:TrackPointExtension>
        </extensions>
      </trkpt>
      <trkpt lat="40.77818297781050205230712890625" lon="-73.973285146057605743408203125">
        <ele>22.6000003814697265625</ele>
        <time>2025-10-04T17:51:57.000Z</time>
        <extensions>
          <ns3:TrackPointExtension>
            <ns3:hr>159</ns3:hr>
            <ns3:cad>83</ns3:cad>
          </ns3:TrackPointExtension>
        </extensions>
      </trkpt>
      <trkpt lat="40.77805909328162670135498046875" lon="-73.97347734309732913970947265625">
        <ele>21.3999996185302734375</ele>
        <time>2025-10-04T17:52:07.000Z</time>
        <extensions>
          <ns3:TrackPointExtension>
            <ns3:hr>160</ns3:hr>
            <ns3:cad>84</ns3:cad>
          </ns3:TrackPointExtension>
        </extensions>
      </trkpt>
      <trkpt lat="40.777914337813854217529296875" lon="-73.97365830838680267333984375">
        <ele>20</ele>
        <time>2025-10-04T17:52:16.000Z</time>
        <extensions>
          <ns3:TrackPointExtension>
            <ns3:hr>159</ns3:hr>
            <ns3:cad>83</ns3:cad>
          </ns3:TrackPointExtension>
        </extensions>
      </trkpt>
      <trkpt lat="40.77783353626728057861328125" lon="-73.973753862082958221435546875">
        <ele>19.6000003814697265625</ele>
        <time>2025-10-04T17:52:21.000Z</time>
        <extensions>
          <ns3:TrackPointExtension>
            <ns3:hr>162</ns3:hr>
            <ns3:cad>82</ns3:cad>
          </ns3:TrackPointExtension>
        </extensions>
      </trkpt>
      <trkpt lat="40.7776570133864879608154296875" lon="-73.973880596458911895751953125">
        <ele>19</ele>
        <time>2025-10-04T17:52:31.000Z</time>
        <extensions>
          <ns3:TrackPointExtension>
            <ns3:hr>162</ns3:hr>
            <ns3:cad>84</ns3:cad>
          </ns3:TrackPointExtension>
        </extensions>
      </trkpt>
      <trkpt lat="40.7774883694946765899658203125" lon="-73.97401780821382999420166015625">
        <ele>19</ele>
        <time>2025-10-04T17:52:41.000Z</time>
        <extensions>
          <ns3:TrackPointExtension>
            <ns3:hr>163</ns3:hr>
            <ns3:cad>84</ns3:cad>
          </ns3:TrackPointExtension>
        </extensions>
      </trkpt>
      <trkpt lat="40.77730271033942699432373046875" lon="-73.9740832708775997161865234375">
        <ele>18.3999996185302734375</ele>
        <time>2025-10-04T17:52:50.000Z</time>
        <extensions>
          <ns3:TrackPointExtension>
            <ns3:hr>162</ns3:hr>
            <ns3:cad>82</ns3:cad>
          </ns3:TrackPointExtension>
        </extensions>
      </trkpt>
      <trkpt lat="40.7772050611674785614013671875" lon="-73.9741010405123233795166015625">
        <ele>18.200000762939453125</ele>
        <time>2025-10-04T17:52:55.000Z</time>
        <extensions>
          <ns3:TrackPointExtension>
            <ns3:hr>165</ns3:hr>
            <ns3:cad>82</ns3:cad>
          </ns3:TrackPointExtension>
        </extensions>
      </trkpt>
      <trkpt lat="40.77700699679553508758544921875" lon="-73.974124677479267120361328125">
        <ele>18.3999996185302734375</ele>
        <time>2025-10-04T17:53:06.000Z</time>
        <extensions>
          <ns3:TrackPointExtension>
            <ns3:hr>163</ns3:hr>
            <ns3:cad>82</ns3:cad>
          </ns3:TrackPointExtension>
        </extensions>
      </trkpt>
      <trkpt lat="40.77681018970906734466552734375" lon="-73.97408938966691493988037109375">
        <ele>18.799999237060546875</ele>
        <time>2025-10-04T17:53:15.000Z</time>
        <extensions>
          <ns3:TrackPointExtension>
            <ns3:hr>166</ns3:hr>
            <ns3:cad>83</ns3:cad>
          </ns3:TrackPointExtension>
        </extensions>
      </trkpt>
      <trkpt lat="40.77662922441959381103515625" lon="-73.97407178767025470733642578125">
        <ele>18.799999237060546875</ele>
        <time>2025-10-04T17:53:23.000Z</time>
        <extensions>
          <ns3:TrackPointExtension>
            <ns3:hr>165</ns3:hr>
            <ns3:cad>82</ns3:cad>
          </ns3:TrackPointExtension>
        </extensions>
      </trkpt>
      <trkpt lat="40.7764299027621746063232421875" lon="-73.97405569441616535186767578125">
        <ele>18.6000003814697265625</ele>
        <time>2025-10-04T17:53:32.000Z</time>
        <extensions>
          <ns3:TrackPointExtension>
            <ns3:hr>164</ns3:hr>
            <ns3:cad>83</ns3:cad>
          </ns3:TrackPointExtension>
        </extensions>
      </trkpt>
      <trkpt lat="40.7763843052089214324951171875" lon="-73.97404764778912067413330078125">
        <ele>18.6000003814697265625</ele>
        <time>2025-10-04T17:53:34.000Z</time>
        <extensions>
          <ns3:TrackPointExtension>
            <ns3:hr>167</ns3:hr>
            <ns3:cad>84</ns3:cad>
          </ns3:TrackPointExtension>
        </extensions>
      </trkpt>
      <trkpt lat="40.776292942464351654052734375" lon="-73.9740373380482196807861328125">
        <ele>18.6000003814697265625</ele>
        <time>2025-10-04T17:53:38.000Z</time>
        <extensions>
          <ns3:TrackPointExtension>
            <ns3:hr>162</ns3:hr>
            <ns3:cad>83</ns3:cad>
          </ns3:TrackPointExtension>
        </extensions>
      </trkpt>
      <trkpt lat="40.77608968131244182586669921875" lon="-73.97400272078812122344970703125">
        <ele>18</ele>
        <time>2025-10-04T17:53:47.000Z</time>
        <extensions>
          <ns3:TrackPointExtension>
            <ns3:hr>163</ns3:hr>
            <ns3:cad>82</ns3:cad>
          </ns3:TrackPointExtension>
        </extensions>
      </trkpt>
      <trkpt lat="40.77592380344867706298828125" lon="-73.9739843644201755523681640625">
        <ele>17.799999237060546875</ele>
        <time>2025-10-04T17:53:54.000Z</time>
        <extensions>
          <ns3:TrackPointExtension>
            <ns3:hr>167</ns3:hr>
            <ns3:cad>83</ns3:cad>
          </ns3:TrackPointExtension>
        </extensions>
      </trkpt>
      <trkpt lat="40.7757378928363323211669921875" lon="-73.973975814878940582275390625">
        <ele>17.200000762939453125</ele>
        <time>2025-10-04T17:54:03.000Z</time>
        <extensions>
          <ns3:TrackPointExtension>
            <ns3:hr>165</ns3:hr>
            <ns3:cad>83</ns3:cad>
          </ns3:TrackPointExtension>
        </extensions>
      </trkpt>
      <trkpt lat="40.77555634081363677978515625" lon="-73.9739729650318622589111328125">
        <ele>17.3999996185302734375</ele>
        <time>2025-10-04T17:54:13.000Z</time>
        <extensions>
          <ns3:TrackPointExtension>
            <ns3:hr>163</ns3:hr>
            <ns3:cad>81</ns3:cad>
          </ns3:TrackPointExtension>
        </extensions>
      </trkpt>
      <trkpt lat="40.77545299194753170013427734375" lon="-73.9739763177931308746337890625">
        <ele>17.3999996185302734375</ele>
        <time>2025-10-04T17:54:18.000Z</time>
        <extensions>
          <ns3:TrackPointExtension>
            <ns3:hr>166</ns3:hr>
            <ns3:cad>84</ns3:cad>
          </ns3:TrackPointExtension>
        </extensions>
      </trkpt>
      <trkpt lat="40.7752758823335170745849609375" lon="-73.97403390146791934967041015625">
        <ele>17.6000003814697265625</ele>
        <time>2025-10-04T17:54:27.000Z</time>
        <extensions>
          <ns3:TrackPointExtension>
            <ns3:hr>163</ns3:hr>
            <ns3:cad>82</ns3:cad>
          </ns3:TrackPointExtension>
        </extensions>
      </trkpt>
      <trkpt lat="40.77510564588010311126708984375" lon="-73.9741538465023040771484375">
        <ele>18.200000762939453125</ele>
        <time>2025-10-04T17:54:36.000Z</time>
        <extensions>
          <ns3:TrackPointExtension>
            <ns3:hr>163</ns3:hr>
            <ns3:cad>82</ns3:cad>
          </ns3:TrackPointExtension>
        </extensions>
      </trkpt>
      <trkpt lat="40.7750339806079864501953125" lon="-73.9741945825517177581787109375">
        <ele>18.3999996185302734375</ele>
        <time>2025-10-04T17:54:39.000Z</time>
        <extensions>
          <ns3:TrackPointExtension>
            <ns3:hr>166</ns3:hr>
            <ns3:cad>81</ns3:cad>
          </ns3:TrackPointExtension>
        </extensions>
      </trkpt>
      <trkpt lat="40.774879753589630126953125" lon="-73.974349983036518096923828125">
        <ele>19</ele>
        <time>2025-10-04T17:54:47.000Z</time>
        <extensions>
          <ns3:TrackPointExtension>
            <ns3:hr>166</ns3:hr>
            <ns3:cad>85</ns3:cad>
          </ns3:TrackPointExtension>
        </extensions>
      </trkpt>
      <trkpt lat="40.77483356930315494537353515625" lon="-73.9744208939373493194580078125">
        <ele>19.200000762939453125</ele>
        <time>2025-10-04T17:54:50.000Z</time>
        <extensions>
          <ns3:TrackPointExtension>
            <ns3:hr>169</ns3:hr>
            <ns3:cad>83</ns3:cad>
          </ns3:TrackPointExtension>
        </extensions>
      </trkpt>
      <trkpt lat="40.77479115687310695648193359375" lon="-73.97448954172432422637939453125">
        <ele>19.3999996185302734375</ele>
        <time>2025-10-04T17:54:53.000Z</time>
        <extensions>
          <ns3:TrackPointExtension>
            <ns3:hr>166</ns3:hr>
            <ns3:cad>84</ns3:cad>
          </ns3:TrackPointExtension>
        </extensions>
      </trkpt>
      <trkpt lat="40.77467230148613452911376953125" lon="-73.9746757037937641143798828125">
        <ele>19.799999237060546875</ele>
        <time>2025-10-04T17:55:02.000Z</time>
        <extensions>
          <ns3:TrackPointExtension>
            <ns3:hr>164</ns3:hr>
            <ns3:cad>83</ns3:cad>
          </ns3:TrackPointExtension>
        </extensions>
      </trkpt>
      <trkpt lat="40.77465805225074291229248046875" lon="-73.97493026219308376312255859375">
        <ele>20.799999237060546875</ele>
        <time>2025-10-04T17:55:14.000Z</time>
        <extensions>
          <ns3:TrackPointExtension>
            <ns3:hr>163</ns3:hr>
            <ns3:cad>81</ns3:cad>
          </ns3:TrackPointExtension>
        </extensions>
      </trkpt>
      <trkpt lat="40.7746153883635997772216796875" lon="-73.97518021054565906524658203125">
        <ele>21</ele>
        <time>2025-10-04T17:55:25.000Z</time>
        <extensions>
          <ns3:TrackPointExtension>
            <ns3:hr>162</ns3:hr>
            <ns3:cad>80</ns3:cad>
          </ns3:TrackPointExtension>
        </extensions>
      </trkpt>
      <trkpt lat="40.7745235227048397064208984375" lon="-73.97539503872394561767578125">
        <ele>21.799999237060546875</ele>
        <time>2025-10-04T17:55:35.000Z</time>
        <extensions>
          <ns3:TrackPointExtension>
            <ns3:hr>163</ns3:hr>
            <ns3:cad>82</ns3:cad>
          </ns3:TrackPointExtension>
        </extensions>
      </trkpt>
      <trkpt lat="40.7743609137833118438720703125" lon="-73.9755457453429698944091796875">
        <ele>22.799999237060546875</ele>
        <time>2025-10-04T17:55:45.000Z</time>
        <extensions>
          <ns3:TrackPointExtension>
            <ns3:hr>163</ns3:hr>
            <ns3:cad>81</ns3:cad>
          </ns3:TrackPointExtension>
        </extensions>
      </trkpt>
      <trkpt lat="40.774204842746257781982421875" lon="-73.97567558102309703826904296875">
        <ele>23.3999996185302734375</ele>
        <time>2025-10-04T17:55:55.000Z</time>
        <extensions>
          <ns3:TrackPointExtension>
            <ns3:hr>162</ns3:hr>
            <ns3:cad>80</ns3:cad>
          </ns3:TrackPointExtension>
        </extensions>
      </trkpt>
      <trkpt lat="40.77405706979334354400634765625" lon="-73.9758424647152423858642578125">
        <ele>24</ele>
        <time>2025-10-04T17:56:06.000Z</time>
        <extensions>
          <ns3:TrackPointExtension>
            <ns3:hr>160</ns3:hr>
            <ns3:cad>84</ns3:cad>
          </ns3:TrackPointExtension>
        </extensions>
      </trkpt>
      <trkpt lat="40.7738806307315826416015625" lon="-73.97593307308852672576904296875">
        <ele>25</ele>
        <time>2025-10-04T17:56:16.000Z</time>
        <extensions>
          <ns3:TrackPointExtension>
            <ns3:hr>162</ns3:hr>
            <ns3:cad>82</ns3:cad>
          </ns3:TrackPointExtension>
        </extensions>
      </trkpt>
      <trkpt lat="40.773725397884845733642578125" lon="-73.976059220731258392333984375">
        <ele>25.799999237060546875</ele>
        <time>2025-10-04T17:56:26.000Z</time>
        <extensions>
          <ns3:TrackPointExtension>
            <ns3:hr>162</ns3:hr>
            <ns3:cad>82</ns3:cad>
          </ns3:TrackPointExtension>
        </extensions>
      </trkpt>
      <trkpt lat="40.773560442030429840087890625" lon="-73.97616793401539325714111328125">
        <ele>26.200000762939453125</ele>
        <time>2025-10-04T17:56:36.000Z</time>
        <extensions>
          <ns3:TrackPointExtension>
            <ns3:hr>162</ns3:hr>
            <ns3:cad>81</ns3:cad>
          </ns3:TrackPointExtension>
        </extensions>
      </trkpt>
      <trkpt lat="40.77337545342743396759033203125" lon="-73.9762781560420989990234375">
        <ele>26.6000003814697265625</ele>
        <time>2025-10-04T17:56:45.000Z</time>
        <extensions>
          <ns3:TrackPointExtension>
            <ns3:hr>165</ns3:hr>
            <ns3:cad>83</ns3:cad>
          </ns3:TrackPointExtension>
        </extensions>
      </trkpt>
      <trkpt lat="40.77322742901742458343505859375" lon="-73.97634185850620269775390625">
        <ele>26.799999237060546875</ele>
        <time>2025-10-04T17:56:53.000Z</time>
        <extensions>
          <ns3:TrackPointExtension>
            <ns3:hr>162</ns3:hr>
            <ns3:cad>82</ns3:cad>
          </ns3:TrackPointExtension>
        </extensions>
      </trkpt>
      <trkpt lat="40.773054175078868865966796875" lon="-73.97642442025244235992431640625">
        <ele>27</ele>
        <time>2025-10-04T17:57:02.000Z</time>
        <extensions>
          <ns3:TrackPointExtension>
            <ns3:hr>164</ns3:hr>
            <ns3:cad>82</ns3:cad>
          </ns3:TrackPointExtension>
        </extensions>
      </trkpt>
      <trkpt lat="40.772875808179378509521484375" lon="-73.9765153639018535614013671875">
        <ele>26.799999237060546875</ele>
        <time>2025-10-04T17:57:11.000Z</time>
        <extensions>
          <ns3:TrackPointExtension>
            <ns3:hr>166</ns3:hr>
            <ns3:cad>82</ns3:cad>
          </ns3:TrackPointExtension>
        </extensions>
      </trkpt>
      <trkpt lat="40.772692076861858367919921875" lon="-73.9766172878444194793701171875">
        <ele>26.200000762939453125</ele>
        <time>2025-10-04T17:57:19.000Z</time>
        <extensions>
          <ns3:TrackPointExtension>
            <ns3:hr>165</ns3:hr>
            <ns3:cad>83</ns3:cad>
          </ns3:TrackPointExtension>
        </extensions>
      </trkpt>
      <trkpt lat="40.77251144684851169586181640625" lon="-73.97668560035526752471923828125">
        <ele>25.3999996185302734375</ele>
        <time>2025-10-04T17:57:28.000Z</time>
        <extensions>
          <ns3:TrackPointExtension>
            <ns3:hr>163</ns3:hr>
            <ns3:cad>82</ns3:cad>
          </ns3:TrackPointExtension>
        </extensions>
      </trkpt>
      <trkpt lat="40.77241237275302410125732421875" lon="-73.97673639468848705291748046875">
        <ele>25.200000762939453125</ele>
        <time>2025-10-04T17:57:33.000Z</time>
        <extensions>
          <ns3:TrackPointExtension>
            <ns3:hr>166</ns3:hr>
            <ns3:cad>82</ns3:cad>
          </ns3:TrackPointExtension>
        </extensions>
      </trkpt>
      <trkpt lat="40.77237599529325962066650390625" lon="-73.9767607860267162322998046875">
        <ele>25</ele>
        <time>2025-10-04T17:57:35.000Z</time>
        <extensions>
          <ns3:TrackPointExtension>
            <ns3:hr>173</ns3:hr>
            <ns3:cad>83</ns3:cad>
          </ns3:TrackPointExtension>
        </extensions>
      </trkpt>
      <trkpt lat="40.7723576389253139495849609375" lon="-73.976770006120204925537109375">
        <ele>25</ele>
        <time>2025-10-04T17:57:36.000Z</time>
        <extensions>
          <ns3:TrackPointExtension>
            <ns3:hr>178</ns3:hr>
            <ns3:cad>81</ns3:cad>
          </ns3:TrackPointExtension>
        </extensions>
      </trkpt>
      <trkpt lat="40.77233643271028995513916015625" lon="-73.9767795614898204803466796875">
        <ele>25</ele>
        <time>2025-10-04T17:57:37.000Z</time>
        <extensions>
          <ns3:TrackPointExtension>
            <ns3:hr>181</ns3:hr>
            <ns3:cad>81</ns3:cad>
          </ns3:TrackPointExtension>
        </extensions>
      </trkpt>
      <trkpt lat="40.77231665141880512237548828125" lon="-73.97678735665977001190185546875">
        <ele>25</ele>
        <time>2025-10-04T17:57:38.000Z</time>
        <extensions>
          <ns3:TrackPointExtension>
            <ns3:hr>181</ns3:hr>
            <ns3:cad>81</ns3:cad>
          </ns3:TrackPointExtension>
        </extensions>
      </trkpt>
      <trkpt lat="40.77216326259076595306396484375" lon="-73.97684452123939990997314453125">
        <ele>25</ele>
        <time>2025-10-04T17:57:46.000Z</time>
        <extensions>
          <ns3:TrackPointExtension>
            <ns3:hr>185</ns3:hr>
            <ns3:cad>81</ns3:cad>
          </ns3:TrackPointExtension>
        </extensions>
      </trkpt>
      <trkpt lat="40.7721142284572124481201171875" lon="-73.97688232362270355224609375">
        <ele>24.799999237060546875</ele>
        <time>2025-10-04T17:57:49.000Z</time>
        <extensions>
          <ns3:TrackPointExtension>
            <ns3:hr>188</ns3:hr>
            <ns3:cad>81</ns3:cad>
          </ns3:TrackPointExtension>
        </extensions>
      </trkpt>
      <trkpt lat="40.7720553874969482421875" lon="-73.97690084762871265411376953125">
        <ele>24.799999237060546875</ele>
        <time>2025-10-04T17:57:52.000Z</time>
        <extensions>
          <ns3:TrackPointExtension>
            <ns3:hr>185</ns3:hr>
            <ns3:cad>81</ns3:cad>
          </ns3:TrackPointExtension>
        </extensions>
      </trkpt>
      <trkpt lat="40.77199595980346202850341796875" lon="-73.9769331179559230804443359375">
        <ele>24.6000003814697265625</ele>
        <time>2025-10-04T17:57:55.000Z</time>
        <extensions>
          <ns3:TrackPointExtension>
            <ns3:hr>182</ns3:hr>
            <ns3:cad>82</ns3:cad>
          </ns3:TrackPointExtension>
        </extensions>
      </trkpt>
      <trkpt lat="40.7719774357974529266357421875" lon="-73.976947702467441558837890625">
        <ele>24.6000003814697265625</ele>
        <time>2025-10-04T17:57:56.000Z</time>
        <extensions>
          <ns3:TrackPointExtension>
            <ns3:hr>177</ns3:hr>
            <ns3:cad>81</ns3:cad>
          </ns3:TrackPointExtension>
        </extensions>
      </trkpt>
      <trkpt lat="40.77195815742015838623046875" lon="-73.97695885039865970611572265625">
        <ele>24.6000003814697265625</ele>
        <time>2025-10-04T17:57:57.000Z</time>
        <extensions>
          <ns3:TrackPointExtension>
            <ns3:hr>177</ns3:hr>
            <ns3:cad>81</ns3:cad>
          </ns3:TrackPointExtension>
        </extensions>
      </trkpt>
      <trkpt lat="40.771779455244541168212890625" lon="-73.97707368247210979461669921875">
        <ele>24.3999996185302734375</ele>
        <time>2025-10-04T17:58:06.000Z</time>
        <extensions>
          <ns3:TrackPointExtension>
            <ns3:hr>178</ns3:hr>
            <ns3:cad>84</ns3:cad>
          </ns3:TrackPointExtension>
        </extensions>
      </trkpt>
      <trkpt lat="40.7716341130435466766357421875" lon="-73.97725573740899562835693359375">
        <ele>23.799999237060546875</ele>
        <time>2025-10-04T17:58:15.000Z</time>
        <extensions>
          <ns3:TrackPointExtension>
            <ns3:hr>175</ns3:hr>
            <ns3:cad>83</ns3:cad>
          </ns3:TrackPointExtension>
        </extensions>
      </trkpt>
      <trkpt lat="40.771492458879947662353515625" lon="-73.9774299971759319305419921875">
        <ele>21.3999996185302734375</ele>
        <time>2025-10-04T17:58:24.000Z</time>
        <extensions>
          <ns3:TrackPointExtension>
            <ns3:hr>173</ns3:hr>
            <ns3:cad>81</ns3:cad>
          </ns3:TrackPointExtension>
        </extensions>
      </trkpt>
      <trkpt lat="40.77137435786426067352294921875" lon="-73.9776085317134857177734375">
        <ele>20.799999237060546875</ele>
        <time>2025-10-04T17:58:32.000Z</time>
        <extensions>
          <ns3:TrackPointExtension>
            <ns3:hr>170</ns3:hr>
            <ns3:cad>81</ns3:cad>
          </ns3:TrackPointExtension>
        </extensions>
      </trkpt>
      <trkpt lat="40.771225579082965850830078125" lon="-73.97778891026973724365234375">
        <ele>21</ele>
        <time>2025-10-04T17:58:40.000Z</time>
        <extensions>
          <ns3:TrackPointExtension>
            <ns3:hr>169</ns3:hr>
            <ns3:cad>83</ns3:cad>
          </ns3:TrackPointExtension>
        </extensions>
      </trkpt>
      <trkpt lat="40.77115089632570743560791015625" lon="-73.9779436402022838592529296875">
        <ele>21.6000003814697265625</ele>
        <time>2025-10-04T17:58:45.000Z</time>
        <extensions>
          <ns3:TrackPointExtension>
            <ns3:hr>172</ns3:hr>
            <ns3:cad>83</ns3:cad>
          </ns3:TrackPointExtension>
        </extensions>
      </trkpt>
      <trkpt lat="40.7710839249193668365478515625" lon="-73.97806107066571712493896484375">
        <ele>22</ele>
        <time>2025-10-04T17:58:49.000Z</time>
        <extensions>
          <ns3:TrackPointExtension>
            <ns3:hr>171</ns3:hr>
            <ns3:cad>83</ns3:cad>
          </ns3:TrackPointExtension>
        </extensions>
      </trkpt>
      <trkpt lat="40.7709652371704578399658203125" lon="-73.9782510884106159210205078125">
        <ele>21.799999237060546875</ele>
        <time>2025-10-04T17:58:56.000Z</time>
        <extensions>
          <ns3:TrackPointExtension>
            <ns3:hr>174</ns3:hr>
            <ns3:cad>84</ns3:cad>
          </ns3:TrackPointExtension>
        </extensions>
      </trkpt>
      <trkpt lat="40.77088284306228160858154296875" lon="-73.97836717776954174041748046875">
        <ele>21.200000762939453125</ele>
        <time>2025-10-04T17:59:01.000Z</time>
        <extensions>
          <ns3:TrackPointExtension>
            <ns3:hr>171</ns3:hr>
            <ns3:cad>83</ns3:cad>
          </ns3:TrackPointExtension>
        </extensions>
      </trkpt>
      <trkpt lat="40.77074018307030200958251953125" lon="-73.9785568602383136749267578125">
        <ele>20.200000762939453125</ele>
        <time>2025-10-04T17:59:10.000Z</time>
        <extensions>
          <ns3:TrackPointExtension>
            <ns3:hr>171</ns3:hr>
            <ns3:cad>84</ns3:cad>
          </ns3:TrackPointExtension>
        </extensions>
      </trkpt>
      <trkpt lat="40.7706078328192234039306640625" lon="-73.978740759193897247314453125">
        <ele>19.3999996185302734375</ele>
        <time>2025-10-04T17:59:19.000Z</time>
        <extensions>
          <ns3:TrackPointExtension>
            <ns3:hr>170</ns3:hr>
            <ns3:cad>81</ns3:cad>
          </ns3:TrackPointExtension>
        </extensions>
      </trkpt>
      <trkpt lat="40.77047682367265224456787109375" lon="-73.9789295196533203125">
        <ele>19</ele>
        <time>2025-10-04T17:59:29.000Z</time>
        <extensions>
          <ns3:TrackPointExtension>
            <ns3:hr>169</ns3:hr>
            <ns3:cad>82</ns3:cad>
          </ns3:TrackPointExtension>
        </extensions>
      </trkpt>
      <trkpt lat="40.7703174836933612823486328125" lon="-73.97908383049070835113525390625">
        <ele>20.200000762939453125</ele>
        <time>2025-10-04T17:59:38.000Z</time>
        <extensions>
          <ns3:TrackPointExtension>
            <ns3:hr>171</ns3:hr>
            <ns3:cad>83</ns3:cad>
          </ns3:TrackPointExtension>
        </extensions>
      </trkpt>
      <trkpt lat="40.77015168964862823486328125" lon="-73.9792277477681636810302734375">
        <ele>21.200000762939453125</ele>
        <time>2025-10-04T17:59:46.000Z</time>
        <extensions>
          <ns3:TrackPointExtension>
            <ns3:hr>171</ns3:hr>
            <ns3:cad>82</ns3:cad>
          </ns3:TrackPointExtension>
        </extensions>
      </trkpt>
      <trkpt lat="40.76999503187835216522216796875" lon="-73.97934459149837493896484375">
        <ele>21.6000003814697265625</ele>
        <time>2025-10-04T17:59:53.000Z</time>
        <extensions>
          <ns3:TrackPointExtension>
            <ns3:hr>171</ns3:hr>
            <ns3:cad>83</ns3:cad>
          </ns3:TrackPointExtension>
        </extensions>
      </trkpt>
      <trkpt lat="40.7698266394436359405517578125" lon="-73.9794423244893550872802734375">
        <ele>21.799999237060546875</ele>
        <time>2025-10-04T18:00:01.000Z</time>
        <extensions>
          <ns3:TrackPointExtension>
            <ns3:hr>169</ns3:hr>
            <ns3:cad>82</ns3:cad>
          </ns3:TrackPointExtension>
        </extensions>
      </trkpt>
      <trkpt lat="40.769667215645313262939453125" lon="-73.9795398898422718048095703125">
        <ele>21.200000762939453125</ele>
        <time>2025-10-04T18:00:10.000Z</time>
        <extensions>
          <ns3:TrackPointExtension>
            <ns3:hr>170</ns3:hr>
            <ns3:cad>80</ns3:cad>
          </ns3:TrackPointExtension>
        </extensions>
      </trkpt>
      <trkpt lat="40.76948943547904491424560546875" lon="-73.9796532131731510162353515625">
        <ele>21</ele>
        <time>2025-10-04T18:00:19.000Z</time>
        <extensions>
          <ns3:TrackPointExtension>
            <ns3:hr>168</ns3:hr>
            <ns3:cad>82</ns3:cad>
          </ns3:TrackPointExtension>
        </extensions>
      </trkpt>
      <trkpt lat="40.7693317718803882598876953125" lon="-73.97977173328399658203125">
        <ele>21</ele>
        <time>2025-10-04T18:00:27.000Z</time>
        <extensions>
          <ns3:TrackPointExtension>
            <ns3:hr>168</ns3:hr>
            <ns3:cad>80</ns3:cad>
          </ns3:TrackPointExtension>
        </extensions>
      </trkpt>
      <trkpt lat="40.76916656456887722015380859375" lon="-73.97986485622823238372802734375">
        <ele>21</ele>
        <time>2025-10-04T18:00:36.000Z</time>
        <extensions>
          <ns3:TrackPointExtension>
            <ns3:hr>168</ns3:hr>
            <ns3:cad>79</ns3:cad>
          </ns3:TrackPointExtension>
        </extensions>
      </trkpt>
      <trkpt lat="40.769114010035991668701171875" lon="-73.97986955009400844573974609375">
        <ele>21</ele>
        <time>2025-10-04T18:00:39.000Z</time>
        <extensions>
          <ns3:TrackPointExtension>
            <ns3:hr>165</ns3:hr>
            <ns3:cad>80</ns3:cad>
          </ns3:TrackPointExtension>
        </extensions>
      </trkpt>
      <trkpt lat="40.76909355819225311279296875" lon="-73.97987038828432559967041015625">
        <ele>21</ele>
        <time>2025-10-04T18:00:40.000Z</time>
        <extensions>
          <ns3:TrackPointExtension>
            <ns3:hr>168</ns3:hr>
            <ns3:cad>81</ns3:cad>
          </ns3:TrackPointExtension>
        </extensions>
      </trkpt>
      <trkpt lat="40.76907453127205371856689453125" lon="-73.97986971773207187652587890625">
        <ele>21</ele>
        <time>2025-10-04T18:00:41.000Z</time>
        <extensions>
          <ns3:TrackPointExtension>
            <ns3:hr>171</ns3:hr>
            <ns3:cad>81</ns3:cad>
          </ns3:TrackPointExtension>
        </extensions>
      </trkpt>
      <trkpt lat="40.769055001437664031982421875" lon="-73.9798671193420886993408203125">
        <ele>21</ele>
        <time>2025-10-04T18:00:42.000Z</time>
        <extensions>
          <ns3:TrackPointExtension>
            <ns3:hr>171</ns3:hr>
            <ns3:cad>82</ns3:cad>
          </ns3:TrackPointExtension>
        </extensions>
      </trkpt>
      <trkpt lat="40.76903228648006916046142578125" lon="-73.97986049763858318328857421875">
        <ele>21</ele>
        <time>2025-10-04T18:00:43.000Z</time>
        <extensions>
          <ns3:TrackPointExtension>
            <ns3:hr>167</ns3:hr>
            <ns3:cad>82</ns3:cad>
          </ns3:TrackPointExtension>
        </extensions>
      </trkpt>
      <trkpt lat="40.7689881138503551483154296875" lon="-73.9798490144312381744384765625">
        <ele>21</ele>
        <time>2025-10-04T18:00:45.000Z</time>
        <extensions>
          <ns3:TrackPointExtension>
            <ns3:hr>163</ns3:hr>
            <ns3:cad>82</ns3:cad>
          </ns3:TrackPointExtension>
        </extensions>
      </trkpt>
      <trkpt lat="40.7688047178089618682861328125" lon="-73.97973896004259586334228515625">
        <ele>21</ele>
        <time>2025-10-04T18:00:53.000Z</time>
        <extensions>
          <ns3:TrackPointExtension>
            <ns3:hr>162</ns3:hr>
            <ns3:cad>82</ns3:cad>
          </ns3:TrackPointExtension>
        </extensions>
      </trkpt>
      <trkpt lat="40.76869533397257328033447265625" lon="-73.9796860702335834503173828125">
        <ele>21.6000003814697265625</ele>
        <time>2025-10-04T18:00:58.000Z</time>
        <extensions>
          <ns3:TrackPointExtension>
            <ns3:hr>165</ns3:hr>
            <ns3:cad>82</ns3:cad>
          </ns3:TrackPointExtension>
        </extensions>
      </trkpt>
      <trkpt lat="40.7685385085642337799072265625" lon="-73.9795476011931896209716796875">
        <ele>23.3999996185302734375</ele>
        <time>2025-10-04T18:01:06.000Z</time>
        <extensions>
          <ns3:TrackPointExtension>
            <ns3:hr>167</ns3:hr>
            <ns3:cad>81</ns3:cad>
          </ns3:TrackPointExtension>
        </extensions>
      </trkpt>
      <trkpt lat="40.768401883542537689208984375" lon="-73.97935305722057819366455078125">
        <ele>23.3999996185302734375</ele>
        <time>2025-10-04T18:01:14.000Z</time>
        <extensions>
          <ns3:TrackPointExtension>
            <ns3:hr>169</ns3:hr>
            <ns3:cad>83</ns3:cad>
          </ns3:TrackPointExtension>
        </extensions>
      </trkpt>
      <trkpt lat="40.76828646473586559295654296875" lon="-73.9791600219905376434326171875">
        <ele>22.3999996185302734375</ele>
        <time>2025-10-04T18:01:24.000Z</time>
        <extensions>
          <ns3:TrackPointExtension>
            <ns3:hr>168</ns3:hr>
            <ns3:cad>82</ns3:cad>
          </ns3:TrackPointExtension>
        </extensions>
      </trkpt>
      <trkpt lat="40.76814405620098114013671875" lon="-73.97898274473845958709716796875">
        <ele>20.200000762939453125</ele>
        <time>2025-10-04T18:01:34.000Z</time>
        <extensions>
          <ns3:TrackPointExtension>
            <ns3:hr>166</ns3:hr>
            <ns3:cad>80</ns3:cad>
          </ns3:TrackPointExtension>
        </extensions>
      </trkpt>
      <trkpt lat="40.768047831952571868896484375" lon="-73.97887260653078556060791015625">
        <ele>19.6000003814697265625</ele>
        <time>2025-10-04T18:01:40.000Z</time>
        <extensions>
          <ns3:TrackPointExtension>
            <ns3:hr>165</ns3:hr>
            <ns3:cad>81</ns3:cad>
          </ns3:TrackPointExtension>
        </extensions>
      </trkpt>
      <trkpt lat="40.76807607896625995635986328125" lon="-73.9786225743591785430908203125">
        <ele>18.200000762939453125</ele>
        <time>2025-10-04T18:01:47.000Z</time>
        <extensions>
          <ns3:TrackPointExtension>
            <ns3:hr>165</ns3:hr>
            <ns3:cad>83</ns3:cad>
          </ns3:TrackPointExtension>
        </extensions>
      </trkpt>
      <trkpt lat="40.76817129738628864288330078125" lon="-73.97841629572212696075439453125">
        <ele>18</ele>
        <time>2025-10-04T18:01:55.000Z</time>
        <extensions>
          <ns3:TrackPointExtension>
            <ns3:hr>162</ns3:hr>
            <ns3:cad>80</ns3:cad>
          </ns3:TrackPointExtension>
        </extensions>
      </trkpt>
      <trkpt lat="40.7682726345956325531005859375" lon="-73.9782028086483478546142578125">
        <ele>18</ele>
        <time>2025-10-04T18:02:08.000Z</time>
        <extensions>
          <ns3:TrackPointExtension>
            <ns3:hr>163</ns3:hr>
            <ns3:cad>81</ns3:cad>
          </ns3:TrackPointExtension>
        </extensions>
      </trkpt>
      <trkpt lat="40.768209435045719146728515625" lon="-73.97797473706305027008056640625">
        <ele>17.799999237060546875</ele>
        <time>2025-10-04T18:02:18.000Z</time>
        <extensions>
          <ns3:TrackPointExtension>
            <ns3:hr>166</ns3:hr>
            <ns3:cad>84</ns3:cad>
          </ns3:TrackPointExtension>
        </extensions>
      </trkpt>
      <trkpt lat="40.7681541144847869873046875" lon="-73.97773954086005687713623046875">
        <ele>17</ele>
        <time>2025-10-04T18:02:29.000Z</time>
        <extensions>
          <ns3:TrackPointExtension>
            <ns3:hr>165</ns3:hr>
            <ns3:cad>83</ns3:cad>
          </ns3:TrackPointExtension>
        </extensions>
      </trkpt>
      <trkpt lat="40.7681438885629177093505859375" lon="-73.97767919115722179412841796875">
        <ele>17</ele>
        <time>2025-10-04T18:02:34.000Z</time>
        <extensions>
          <ns3:TrackPointExtension>
            <ns3:hr>163</ns3:hr>
            <ns3:cad>81</ns3:cad>
          </ns3:TrackPointExtension>
        </extensions>
      </trkpt>
      <trkpt lat="40.76817129738628864288330078125" lon="-73.977419100701808929443359375">
        <ele>16.799999237060546875</ele>
        <time>2025-10-04T18:02:43.000Z</time>
        <extensions>
          <ns3:TrackPointExtension>
            <ns3:hr>163</ns3:hr>
            <ns3:cad>83</ns3:cad>
          </ns3:TrackPointExtension>
        </extensions>
      </trkpt>
      <trkpt lat="40.768175907433032989501953125" lon="-73.9773964695632457733154296875">
        <ele>16.6000003814697265625</ele>
        <time>2025-10-04T18:02:45.000Z</time>
        <extensions>
          <ns3:TrackPointExtension>
            <ns3:hr>164</ns3:hr>
            <ns3:cad>83</ns3:cad>
          </ns3:TrackPointExtension>
        </extensions>
      </trkpt>
    </trkseg>
  </trk>
</gpx>
