<gpx xmlns:ns3="http://www.garmin.com/xmlschemas/TrackPointExtension/v1" xmlns="http://www.topografix.com/GPX/1/1" xmlns:xsi="http://www.w3.org/2001/XMLSchema-instance" xmlns:ns2="http://www.garmin.com/xmlschemas/GpxExtensions/v3" creator="Garmin Connect" version="1.1" xsi:schemaLocation="http://www.topografix.com/GPX/1/1 http://www.topografix.com/GPX/11.xsd">
  <extensions>
<distance>21885.31</distance>
<average_hr>164.0</average_hr>
<average_speed>2.196000099182129</average_speed>
<start_time>2026-03-15T12:42:40+00:00</start_time>
<end_time>2026-03-15T15:28:47.565000+00:00</end_time>
<moving_time>9921.799</moving_time>
<elapsed_time>9967.565</elapsed_time>
</extensions>
<metadata>
    <link href="connect.garmin.com">
      <text>Garmin Connect</text>
    </link>
    <time>2026-03-15T12:42:40.000Z</time>
  </metadata>
  <trk>
    <name>New York Running</name>
    <type>running</type>
    <trkseg>
      <trkpt lat="40.66967806778848171234130859375" lon="-73.9622126519680023193359375">
        <ele>44</ele>
        <time>2026-03-15T12:42:44.000Z</time>
        <extensions>
          <ns3:TrackPointExtension>
            <ns3:hr>104</ns3:hr>
            <ns3:cad>0</ns3:cad>
          </ns3:TrackPointExtension>
        </extensions>
      </trkpt>
      <trkpt lat="40.66965736448764801025390625" lon="-73.962200246751308441162109375">
        <ele>44</ele>
        <time>2026-03-15T12:42:45.000Z</time>
        <extensions>
          <ns3:TrackPointExtension>
            <ns3:hr>104</ns3:hr>
            <ns3:cad>0</ns3:cad>
          </ns3:TrackPointExtension>
        </extensions>
      </trkpt>
      <trkpt lat="40.66954295150935649871826171875" lon="-73.96215238608419895172119140625">
        <ele>43.799999237060546875</ele>
        <time>2026-03-15T12:42:50.000Z</time>
        <extensions>
          <ns3:TrackPointExtension>
            <ns3:hr>107</ns3:hr>
            <ns3:cad>81</ns3:cad>
          </ns3:TrackPointExtension>
        </extensions>
      </trkpt>
      <trkpt lat="40.66951763816177845001220703125" lon="-73.96214132197201251983642578125">
        <ele>43.799999237060546875</ele>
        <time>2026-03-15T12:42:51.000Z</time>
        <extensions>
          <ns3:TrackPointExtension>
            <ns3:hr>111</ns3:hr>
            <ns3:cad>80</ns3:cad>
          </ns3:TrackPointExtension>
        </extensions>
      </trkpt>
      <trkpt lat="40.669500119984149932861328125" lon="-73.962131850421428680419921875">
        <ele>43.59999847412109375</ele>
        <time>2026-03-15T12:42:52.000Z</time>
        <extensions>
          <ns3:TrackPointExtension>
            <ns3:hr>115</ns3:hr>
            <ns3:cad>80</ns3:cad>
          </ns3:TrackPointExtension>
        </extensions>
      </trkpt>
      <trkpt lat="40.6694828532636165618896484375" lon="-73.96212321706116199493408203125">
        <ele>43.59999847412109375</ele>
        <time>2026-03-15T12:42:53.000Z</time>
        <extensions>
          <ns3:TrackPointExtension>
            <ns3:hr>122</ns3:hr>
            <ns3:cad>80</ns3:cad>
          </ns3:TrackPointExtension>
        </extensions>
      </trkpt>
      <trkpt lat="40.66946600563824176788330078125" lon="-73.9621222950518131256103515625">
        <ele>43.40000152587890625</ele>
        <time>2026-03-15T12:42:54.000Z</time>
        <extensions>
          <ns3:TrackPointExtension>
            <ns3:hr>126</ns3:hr>
            <ns3:cad>80</ns3:cad>
          </ns3:TrackPointExtension>
        </extensions>
      </trkpt>
      <trkpt lat="40.66945292986929416656494140625" lon="-73.96212338469922542572021484375">
        <ele>43.40000152587890625</ele>
        <time>2026-03-15T12:42:55.000Z</time>
        <extensions>
          <ns3:TrackPointExtension>
            <ns3:hr>130</ns3:hr>
            <ns3:cad>80</ns3:cad>
          </ns3:TrackPointExtension>
        </extensions>
      </trkpt>
      <trkpt lat="40.66946064122021198272705078125" lon="-73.962151966989040374755859375">
        <ele>43.59999847412109375</ele>
        <time>2026-03-15T12:42:56.000Z</time>
        <extensions>
          <ns3:TrackPointExtension>
            <ns3:hr>135</ns3:hr>
            <ns3:cad>80</ns3:cad>
          </ns3:TrackPointExtension>
        </extensions>
      </trkpt>
      <trkpt lat="40.66943381913006305694580078125" lon="-73.9621062017977237701416015625">
        <ele>43.200000762939453125</ele>
        <time>2026-03-15T12:42:57.000Z</time>
        <extensions>
          <ns3:TrackPointExtension>
            <ns3:hr>133</ns3:hr>
            <ns3:cad>80</ns3:cad>
          </ns3:TrackPointExtension>
        </extensions>
      </trkpt>
      <trkpt lat="40.66928545944392681121826171875" lon="-73.96210460923612117767333984375">
        <ele>43</ele>
        <time>2026-03-15T12:43:07.000Z</time>
        <extensions>
          <ns3:TrackPointExtension>
            <ns3:hr>139</ns3:hr>
            <ns3:cad>79</ns3:cad>
          </ns3:TrackPointExtension>
        </extensions>
      </trkpt>
      <trkpt lat="40.66926685161888599395751953125" lon="-73.96210058592259883880615234375">
        <ele>43</ele>
        <time>2026-03-15T12:43:08.000Z</time>
        <extensions>
          <ns3:TrackPointExtension>
            <ns3:hr>138</ns3:hr>
            <ns3:cad>77</ns3:cad>
          </ns3:TrackPointExtension>
        </extensions>
      </trkpt>
      <trkpt lat="40.66924673505127429962158203125" lon="-73.96209874190390110015869140625">
        <ele>43</ele>
        <time>2026-03-15T12:43:09.000Z</time>
        <extensions>
          <ns3:TrackPointExtension>
            <ns3:hr>134</ns3:hr>
            <ns3:cad>77</ns3:cad>
          </ns3:TrackPointExtension>
        </extensions>
      </trkpt>
      <trkpt lat="40.66921069286763668060302734375" lon="-73.962088264524936676025390625">
        <ele>42.799999237060546875</ele>
        <time>2026-03-15T12:43:11.000Z</time>
        <extensions>
          <ns3:TrackPointExtension>
            <ns3:hr>137</ns3:hr>
            <ns3:cad>79</ns3:cad>
          </ns3:TrackPointExtension>
        </extensions>
      </trkpt>
      <trkpt lat="40.66912704147398471832275390625" lon="-73.96207359619438648223876953125">
        <ele>42.59999847412109375</ele>
        <time>2026-03-15T12:43:16.000Z</time>
        <extensions>
          <ns3:TrackPointExtension>
            <ns3:hr>140</ns3:hr>
            <ns3:cad>80</ns3:cad>
          </ns3:TrackPointExtension>
        </extensions>
      </trkpt>
      <trkpt lat="40.66908731125295162200927734375" lon="-73.96206471137702465057373046875">
        <ele>42.200000762939453125</ele>
        <time>2026-03-15T12:43:18.000Z</time>
        <extensions>
          <ns3:TrackPointExtension>
            <ns3:hr>145</ns3:hr>
            <ns3:cad>80</ns3:cad>
          </ns3:TrackPointExtension>
        </extensions>
      </trkpt>
      <trkpt lat="40.6690664403140544891357421875" lon="-73.962057419121265411376953125">
        <ele>42</ele>
        <time>2026-03-15T12:43:19.000Z</time>
        <extensions>
          <ns3:TrackPointExtension>
            <ns3:hr>140</ns3:hr>
            <ns3:cad>78</ns3:cad>
          </ns3:TrackPointExtension>
        </extensions>
      </trkpt>
      <trkpt lat="40.66902595572173595428466796875" lon="-73.9620515517890453338623046875">
        <ele>41.799999237060546875</ele>
        <time>2026-03-15T12:43:21.000Z</time>
        <extensions>
          <ns3:TrackPointExtension>
            <ns3:hr>136</ns3:hr>
            <ns3:cad>75</ns3:cad>
          </ns3:TrackPointExtension>
        </extensions>
      </trkpt>
      <trkpt lat="40.66900399513542652130126953125" lon="-73.9620465226471424102783203125">
        <ele>41.59999847412109375</ele>
        <time>2026-03-15T12:43:22.000Z</time>
        <extensions>
          <ns3:TrackPointExtension>
            <ns3:hr>132</ns3:hr>
            <ns3:cad>75</ns3:cad>
          </ns3:TrackPointExtension>
        </extensions>
      </trkpt>
      <trkpt lat="40.66898136399686336517333984375" lon="-73.9620409905910491943359375">
        <ele>41.40000152587890625</ele>
        <time>2026-03-15T12:43:23.000Z</time>
        <extensions>
          <ns3:TrackPointExtension>
            <ns3:hr>135</ns3:hr>
            <ns3:cad>75</ns3:cad>
          </ns3:TrackPointExtension>
        </extensions>
      </trkpt>
      <trkpt lat="40.66891682334244251251220703125" lon="-73.96203319542109966278076171875">
        <ele>41</ele>
        <time>2026-03-15T12:43:26.000Z</time>
        <extensions>
          <ns3:TrackPointExtension>
            <ns3:hr>141</ns3:hr>
            <ns3:cad>78</ns3:cad>
          </ns3:TrackPointExtension>
        </extensions>
      </trkpt>
      <trkpt lat="40.66889788024127483367919921875" lon="-73.9620290882885456085205078125">
        <ele>40.799999237060546875</ele>
        <time>2026-03-15T12:43:27.000Z</time>
        <extensions>
          <ns3:TrackPointExtension>
            <ns3:hr>145</ns3:hr>
            <ns3:cad>78</ns3:cad>
          </ns3:TrackPointExtension>
        </extensions>
      </trkpt>
      <trkpt lat="40.66887843422591686248779296875" lon="-73.96202313713729381561279296875">
        <ele>40.59999847412109375</ele>
        <time>2026-03-15T12:43:28.000Z</time>
        <extensions>
          <ns3:TrackPointExtension>
            <ns3:hr>148</ns3:hr>
            <ns3:cad>78</ns3:cad>
          </ns3:TrackPointExtension>
        </extensions>
      </trkpt>
      <trkpt lat="40.66885831765830516815185546875" lon="-73.96200939081609249114990234375">
        <ele>40.59999847412109375</ele>
        <time>2026-03-15T12:43:29.000Z</time>
        <extensions>
          <ns3:TrackPointExtension>
            <ns3:hr>152</ns3:hr>
            <ns3:cad>82</ns3:cad>
          </ns3:TrackPointExtension>
        </extensions>
      </trkpt>
      <trkpt lat="40.66883367486298084259033203125" lon="-73.9620042778551578521728515625">
        <ele>40.40000152587890625</ele>
        <time>2026-03-15T12:43:30.000Z</time>
        <extensions>
          <ns3:TrackPointExtension>
            <ns3:hr>152</ns3:hr>
            <ns3:cad>82</ns3:cad>
          </ns3:TrackPointExtension>
        </extensions>
      </trkpt>
      <trkpt lat="40.66878556273877620697021484375" lon="-73.96199338138103485107421875">
        <ele>40.200000762939453125</ele>
        <time>2026-03-15T12:43:33.000Z</time>
        <extensions>
          <ns3:TrackPointExtension>
            <ns3:hr>149</ns3:hr>
            <ns3:cad>86</ns3:cad>
          </ns3:TrackPointExtension>
        </extensions>
      </trkpt>
      <trkpt lat="40.66877382807433605194091796875" lon="-73.9619885198771953582763671875">
        <ele>40.200000762939453125</ele>
        <time>2026-03-15T12:43:34.000Z</time>
        <extensions>
          <ns3:TrackPointExtension>
            <ns3:hr>144</ns3:hr>
            <ns3:cad>86</ns3:cad>
          </ns3:TrackPointExtension>
        </extensions>
      </trkpt>
      <trkpt lat="40.66873242147266864776611328125" lon="-73.9619865082204341888427734375">
        <ele>40</ele>
        <time>2026-03-15T12:43:37.000Z</time>
        <extensions>
          <ns3:TrackPointExtension>
            <ns3:hr>147</ns3:hr>
            <ns3:cad>84</ns3:cad>
          </ns3:TrackPointExtension>
        </extensions>
      </trkpt>
      <trkpt lat="40.66871666349470615386962890625" lon="-73.96198801696300506591796875">
        <ele>40</ele>
        <time>2026-03-15T12:43:38.000Z</time>
        <extensions>
          <ns3:TrackPointExtension>
            <ns3:hr>144</ns3:hr>
            <ns3:cad>85</ns3:cad>
          </ns3:TrackPointExtension>
        </extensions>
      </trkpt>
      <trkpt lat="40.668685398995876312255859375" lon="-73.96198810078203678131103515625">
        <ele>40</ele>
        <time>2026-03-15T12:43:40.000Z</time>
        <extensions>
          <ns3:TrackPointExtension>
            <ns3:hr>140</ns3:hr>
            <ns3:cad>85</ns3:cad>
          </ns3:TrackPointExtension>
        </extensions>
      </trkpt>
      <trkpt lat="40.66862463019788265228271484375" lon="-73.9619888551533222198486328125">
        <ele>40</ele>
        <time>2026-03-15T12:43:43.000Z</time>
        <extensions>
          <ns3:TrackPointExtension>
            <ns3:hr>137</ns3:hr>
            <ns3:cad>85</ns3:cad>
          </ns3:TrackPointExtension>
        </extensions>
      </trkpt>
      <trkpt lat="40.66860132850706577301025390625" lon="-73.96198189817368984222412109375">
        <ele>39.799999237060546875</ele>
        <time>2026-03-15T12:43:44.000Z</time>
        <extensions>
          <ns3:TrackPointExtension>
            <ns3:hr>134</ns3:hr>
            <ns3:cad>86</ns3:cad>
          </ns3:TrackPointExtension>
        </extensions>
      </trkpt>
      <trkpt lat="40.66858288832008838653564453125" lon="-73.9619767852127552032470703125">
        <ele>39.799999237060546875</ele>
        <time>2026-03-15T12:43:45.000Z</time>
        <extensions>
          <ns3:TrackPointExtension>
            <ns3:hr>137</ns3:hr>
            <ns3:cad>86</ns3:cad>
          </ns3:TrackPointExtension>
        </extensions>
      </trkpt>
      <trkpt lat="40.668564029037952423095703125" lon="-73.961970917880535125732421875">
        <ele>39.59999847412109375</ele>
        <time>2026-03-15T12:43:46.000Z</time>
        <extensions>
          <ns3:TrackPointExtension>
            <ns3:hr>140</ns3:hr>
            <ns3:cad>85</ns3:cad>
          </ns3:TrackPointExtension>
        </extensions>
      </trkpt>
      <trkpt lat="40.6685444153845310211181640625" lon="-73.96196496672928333282470703125">
        <ele>39.59999847412109375</ele>
        <time>2026-03-15T12:43:47.000Z</time>
        <extensions>
          <ns3:TrackPointExtension>
            <ns3:hr>146</ns3:hr>
            <ns3:cad>85</ns3:cad>
          </ns3:TrackPointExtension>
        </extensions>
      </trkpt>
      <trkpt lat="40.668524466454982757568359375" lon="-73.96196228452026844024658203125">
        <ele>39.40000152587890625</ele>
        <time>2026-03-15T12:43:48.000Z</time>
        <extensions>
          <ns3:TrackPointExtension>
            <ns3:hr>142</ns3:hr>
            <ns3:cad>85</ns3:cad>
          </ns3:TrackPointExtension>
        </extensions>
      </trkpt>
      <trkpt lat="40.668505690991878509521484375" lon="-73.96196194924414157867431640625">
        <ele>39.40000152587890625</ele>
        <time>2026-03-15T12:43:49.000Z</time>
        <extensions>
          <ns3:TrackPointExtension>
            <ns3:hr>146</ns3:hr>
            <ns3:cad>85</ns3:cad>
          </ns3:TrackPointExtension>
        </extensions>
      </trkpt>
      <trkpt lat="40.668483562767505645751953125" lon="-73.961952812969684600830078125">
        <ele>39.40000152587890625</ele>
        <time>2026-03-15T12:43:50.000Z</time>
        <extensions>
          <ns3:TrackPointExtension>
            <ns3:hr>150</ns3:hr>
            <ns3:cad>85</ns3:cad>
          </ns3:TrackPointExtension>
        </extensions>
      </trkpt>
      <trkpt lat="40.66846705041825771331787109375" lon="-73.96194778382778167724609375">
        <ele>39.200000762939453125</ele>
        <time>2026-03-15T12:43:51.000Z</time>
        <extensions>
          <ns3:TrackPointExtension>
            <ns3:hr>155</ns3:hr>
            <ns3:cad>85</ns3:cad>
          </ns3:TrackPointExtension>
        </extensions>
      </trkpt>
      <trkpt lat="40.668421201407909393310546875" lon="-73.96192909218370914459228515625">
        <ele>39</ele>
        <time>2026-03-15T12:43:53.000Z</time>
        <extensions>
          <ns3:TrackPointExtension>
            <ns3:hr>159</ns3:hr>
            <ns3:cad>84</ns3:cad>
          </ns3:TrackPointExtension>
        </extensions>
      </trkpt>
      <trkpt lat="40.6683576665818691253662109375" lon="-73.9619087241590023040771484375">
        <ele>39</ele>
        <time>2026-03-15T12:43:56.000Z</time>
        <extensions>
          <ns3:TrackPointExtension>
            <ns3:hr>153</ns3:hr>
            <ns3:cad>84</ns3:cad>
          </ns3:TrackPointExtension>
        </extensions>
      </trkpt>
      <trkpt lat="40.668337047100067138671875" lon="-73.9619040302932262420654296875">
        <ele>39</ele>
        <time>2026-03-15T12:43:57.000Z</time>
        <extensions>
          <ns3:TrackPointExtension>
            <ns3:hr>149</ns3:hr>
            <ns3:cad>84</ns3:cad>
          </ns3:TrackPointExtension>
        </extensions>
      </trkpt>
      <trkpt lat="40.668312571942806243896484375" lon="-73.96189673803746700286865234375">
        <ele>39</ele>
        <time>2026-03-15T12:43:58.000Z</time>
        <extensions>
          <ns3:TrackPointExtension>
            <ns3:hr>149</ns3:hr>
            <ns3:cad>84</ns3:cad>
          </ns3:TrackPointExtension>
        </extensions>
      </trkpt>
      <trkpt lat="40.6682718358933925628662109375" lon="-73.9618855901062488555908203125">
        <ele>39</ele>
        <time>2026-03-15T12:44:00.000Z</time>
        <extensions>
          <ns3:TrackPointExtension>
            <ns3:hr>144</ns3:hr>
            <ns3:cad>85</ns3:cad>
          </ns3:TrackPointExtension>
        </extensions>
      </trkpt>
      <trkpt lat="40.66825130023062229156494140625" lon="-73.961878381669521331787109375">
        <ele>39</ele>
        <time>2026-03-15T12:44:01.000Z</time>
        <extensions>
          <ns3:TrackPointExtension>
            <ns3:hr>144</ns3:hr>
            <ns3:cad>86</ns3:cad>
          </ns3:TrackPointExtension>
        </extensions>
      </trkpt>
      <trkpt lat="40.66813713870942592620849609375" lon="-73.96186438389122486114501953125">
        <ele>38.799999237060546875</ele>
        <time>2026-03-15T12:44:06.000Z</time>
        <extensions>
          <ns3:TrackPointExtension>
            <ns3:hr>147</ns3:hr>
            <ns3:cad>85</ns3:cad>
          </ns3:TrackPointExtension>
        </extensions>
      </trkpt>
      <trkpt lat="40.66793915815651416778564453125" lon="-73.96186891011893749237060546875">
        <ele>38</ele>
        <time>2026-03-15T12:44:14.000Z</time>
        <extensions>
          <ns3:TrackPointExtension>
            <ns3:hr>147</ns3:hr>
            <ns3:cad>84</ns3:cad>
          </ns3:TrackPointExtension>
        </extensions>
      </trkpt>
      <trkpt lat="40.6677778065204620361328125" lon="-73.961842171847820281982421875">
        <ele>37.40000152587890625</ele>
        <time>2026-03-15T12:44:21.000Z</time>
        <extensions>
          <ns3:TrackPointExtension>
            <ns3:hr>150</ns3:hr>
            <ns3:cad>86</ns3:cad>
          </ns3:TrackPointExtension>
        </extensions>
      </trkpt>
      <trkpt lat="40.66766691394150257110595703125" lon="-73.961862958967685699462890625">
        <ele>37</ele>
        <time>2026-03-15T12:44:27.000Z</time>
        <extensions>
          <ns3:TrackPointExtension>
            <ns3:hr>147</ns3:hr>
            <ns3:cad>86</ns3:cad>
          </ns3:TrackPointExtension>
        </extensions>
      </trkpt>
      <trkpt lat="40.66747195087373256683349609375" lon="-73.96185030229389667510986328125">
        <ele>36.40000152587890625</ele>
        <time>2026-03-15T12:44:36.000Z</time>
        <extensions>
          <ns3:TrackPointExtension>
            <ns3:hr>148</ns3:hr>
            <ns3:cad>85</ns3:cad>
          </ns3:TrackPointExtension>
        </extensions>
      </trkpt>
      <trkpt lat="40.66727824509143829345703125" lon="-73.9618373103439807891845703125">
        <ele>35.59999847412109375</ele>
        <time>2026-03-15T12:44:45.000Z</time>
        <extensions>
          <ns3:TrackPointExtension>
            <ns3:hr>146</ns3:hr>
            <ns3:cad>88</ns3:cad>
          </ns3:TrackPointExtension>
        </extensions>
      </trkpt>
      <trkpt lat="40.66708688624203205108642578125" lon="-73.96180973388254642486572265625">
        <ele>34.799999237060546875</ele>
        <time>2026-03-15T12:44:54.000Z</time>
        <extensions>
          <ns3:TrackPointExtension>
            <ns3:hr>146</ns3:hr>
            <ns3:cad>86</ns3:cad>
          </ns3:TrackPointExtension>
        </extensions>
      </trkpt>
      <trkpt lat="40.6669766642153263092041015625" lon="-73.961793892085552215576171875">
        <ele>34.40000152587890625</ele>
        <time>2026-03-15T12:44:59.000Z</time>
        <extensions>
          <ns3:TrackPointExtension>
            <ns3:hr>151</ns3:hr>
            <ns3:cad>85</ns3:cad>
          </ns3:TrackPointExtension>
        </extensions>
      </trkpt>
      <trkpt lat="40.6669565476477146148681640625" lon="-73.96179632283747196197509765625">
        <ele>34.200000762939453125</ele>
        <time>2026-03-15T12:45:00.000Z</time>
        <extensions>
          <ns3:TrackPointExtension>
            <ns3:hr>156</ns3:hr>
            <ns3:cad>84</ns3:cad>
          </ns3:TrackPointExtension>
        </extensions>
      </trkpt>
      <trkpt lat="40.6669189967215061187744140625" lon="-73.96178760565817356109619140625">
        <ele>34</ele>
        <time>2026-03-15T12:45:02.000Z</time>
        <extensions>
          <ns3:TrackPointExtension>
            <ns3:hr>164</ns3:hr>
            <ns3:cad>85</ns3:cad>
          </ns3:TrackPointExtension>
        </extensions>
      </trkpt>
      <trkpt lat="40.6668961979448795318603515625" lon="-73.961782492697238922119140625">
        <ele>34</ele>
        <time>2026-03-15T12:45:03.000Z</time>
        <extensions>
          <ns3:TrackPointExtension>
            <ns3:hr>167</ns3:hr>
            <ns3:cad>85</ns3:cad>
          </ns3:TrackPointExtension>
        </extensions>
      </trkpt>
      <trkpt lat="40.66687365062534809112548828125" lon="-73.96178039722144603729248046875">
        <ele>33.799999237060546875</ele>
        <time>2026-03-15T12:45:04.000Z</time>
        <extensions>
          <ns3:TrackPointExtension>
            <ns3:hr>167</ns3:hr>
            <ns3:cad>84</ns3:cad>
          </ns3:TrackPointExtension>
        </extensions>
      </trkpt>
      <trkpt lat="40.6668522767722606658935546875" lon="-73.9617796428501605987548828125">
        <ele>33.799999237060546875</ele>
        <time>2026-03-15T12:45:05.000Z</time>
        <extensions>
          <ns3:TrackPointExtension>
            <ns3:hr>170</ns3:hr>
            <ns3:cad>84</ns3:cad>
          </ns3:TrackPointExtension>
        </extensions>
      </trkpt>
      <trkpt lat="40.6668261252343654632568359375" lon="-73.9617789722979068756103515625">
        <ele>33.799999237060546875</ele>
        <time>2026-03-15T12:45:06.000Z</time>
        <extensions>
          <ns3:TrackPointExtension>
            <ns3:hr>175</ns3:hr>
            <ns3:cad>84</ns3:cad>
          </ns3:TrackPointExtension>
        </extensions>
      </trkpt>
      <trkpt lat="40.666803829371929168701171875" lon="-73.9617816545069217681884765625">
        <ele>33.59999847412109375</ele>
        <time>2026-03-15T12:45:07.000Z</time>
        <extensions>
          <ns3:TrackPointExtension>
            <ns3:hr>175</ns3:hr>
            <ns3:cad>84</ns3:cad>
          </ns3:TrackPointExtension>
        </extensions>
      </trkpt>
      <trkpt lat="40.66677876748144626617431640625" lon="-73.96177503280341625213623046875">
        <ele>33.59999847412109375</ele>
        <time>2026-03-15T12:45:08.000Z</time>
        <extensions>
          <ns3:TrackPointExtension>
            <ns3:hr>172</ns3:hr>
            <ns3:cad>84</ns3:cad>
          </ns3:TrackPointExtension>
        </extensions>
      </trkpt>
      <trkpt lat="40.66675647161900997161865234375" lon="-73.96176732145249843597412109375">
        <ele>33.40000152587890625</ele>
        <time>2026-03-15T12:45:09.000Z</time>
        <extensions>
          <ns3:TrackPointExtension>
            <ns3:hr>166</ns3:hr>
            <ns3:cad>84</ns3:cad>
          </ns3:TrackPointExtension>
        </extensions>
      </trkpt>
      <trkpt lat="40.66672663204371929168701171875" lon="-73.96175106056034564971923828125">
        <ele>33.40000152587890625</ele>
        <time>2026-03-15T12:45:10.000Z</time>
        <extensions>
          <ns3:TrackPointExtension>
            <ns3:hr>166</ns3:hr>
            <ns3:cad>84</ns3:cad>
          </ns3:TrackPointExtension>
        </extensions>
      </trkpt>
      <trkpt lat="40.66666997037827968597412109375" lon="-73.9617353864014148712158203125">
        <ele>33.40000152587890625</ele>
        <time>2026-03-15T12:45:13.000Z</time>
        <extensions>
          <ns3:TrackPointExtension>
            <ns3:hr>169</ns3:hr>
            <ns3:cad>85</ns3:cad>
          </ns3:TrackPointExtension>
        </extensions>
      </trkpt>
      <trkpt lat="40.6666125543415546417236328125" lon="-73.96172574721276760101318359375">
        <ele>33.200000762939453125</ele>
        <time>2026-03-15T12:45:16.000Z</time>
        <extensions>
          <ns3:TrackPointExtension>
            <ns3:hr>165</ns3:hr>
            <ns3:cad>85</ns3:cad>
          </ns3:TrackPointExtension>
        </extensions>
      </trkpt>
      <trkpt lat="40.66654357127845287322998046875" lon="-73.961709402501583099365234375">
        <ele>33.200000762939453125</ele>
        <time>2026-03-15T12:45:20.000Z</time>
        <extensions>
          <ns3:TrackPointExtension>
            <ns3:hr>169</ns3:hr>
            <ns3:cad>87</ns3:cad>
          </ns3:TrackPointExtension>
        </extensions>
      </trkpt>
      <trkpt lat="40.66652261652052402496337890625" lon="-73.96169842220842838287353515625">
        <ele>33.200000762939453125</ele>
        <time>2026-03-15T12:45:21.000Z</time>
        <extensions>
          <ns3:TrackPointExtension>
            <ns3:hr>174</ns3:hr>
            <ns3:cad>90</ns3:cad>
          </ns3:TrackPointExtension>
        </extensions>
      </trkpt>
      <trkpt lat="40.666337795555591583251953125" lon="-73.9616332948207855224609375">
        <ele>32.40000152587890625</ele>
        <time>2026-03-15T12:45:29.000Z</time>
        <extensions>
          <ns3:TrackPointExtension>
            <ns3:hr>171</ns3:hr>
            <ns3:cad>86</ns3:cad>
          </ns3:TrackPointExtension>
        </extensions>
      </trkpt>
      <trkpt lat="40.66615079529583454132080078125" lon="-73.96156783215701580047607421875">
        <ele>31.3999996185302734375</ele>
        <time>2026-03-15T12:45:36.000Z</time>
        <extensions>
          <ns3:TrackPointExtension>
            <ns3:hr>169</ns3:hr>
            <ns3:cad>87</ns3:cad>
          </ns3:TrackPointExtension>
        </extensions>
      </trkpt>
      <trkpt lat="40.66598617471754550933837890625" lon="-73.96154453046619892120361328125">
        <ele>30.200000762939453125</ele>
        <time>2026-03-15T12:45:42.000Z</time>
        <extensions>
          <ns3:TrackPointExtension>
            <ns3:hr>167</ns3:hr>
            <ns3:cad>86</ns3:cad>
          </ns3:TrackPointExtension>
        </extensions>
      </trkpt>
      <trkpt lat="40.6658890284597873687744140625" lon="-73.96154084242880344390869140625">
        <ele>30</ele>
        <time>2026-03-15T12:45:47.000Z</time>
        <extensions>
          <ns3:TrackPointExtension>
            <ns3:hr>165</ns3:hr>
            <ns3:cad>84</ns3:cad>
          </ns3:TrackPointExtension>
        </extensions>
      </trkpt>
      <trkpt lat="40.66577226854860782623291015625" lon="-73.96153212524950504302978515625">
        <ele>30</ele>
        <time>2026-03-15T12:45:52.000Z</time>
        <extensions>
          <ns3:TrackPointExtension>
            <ns3:hr>163</ns3:hr>
            <ns3:cad>86</ns3:cad>
          </ns3:TrackPointExtension>
        </extensions>
      </trkpt>
      <trkpt lat="40.66566581837832927703857421875" lon="-73.9615248329937458038330078125">
        <ele>29.6000003814697265625</ele>
        <time>2026-03-15T12:45:57.000Z</time>
        <extensions>
          <ns3:TrackPointExtension>
            <ns3:hr>161</ns3:hr>
            <ns3:cad>84</ns3:cad>
          </ns3:TrackPointExtension>
        </extensions>
      </trkpt>
      <trkpt lat="40.66548787057399749755859375" lon="-73.9614862762391567230224609375">
        <ele>28.799999237060546875</ele>
        <time>2026-03-15T12:46:06.000Z</time>
        <extensions>
          <ns3:TrackPointExtension>
            <ns3:hr>158</ns3:hr>
            <ns3:cad>85</ns3:cad>
          </ns3:TrackPointExtension>
        </extensions>
      </trkpt>
      <trkpt lat="40.6653328053653240203857421875" lon="-73.9614534191787242889404296875">
        <ele>28.3999996185302734375</ele>
        <time>2026-03-15T12:46:13.000Z</time>
        <extensions>
          <ns3:TrackPointExtension>
            <ns3:hr>161</ns3:hr>
            <ns3:cad>84</ns3:cad>
          </ns3:TrackPointExtension>
        </extensions>
      </trkpt>
      <trkpt lat="40.66514295525848865509033203125" lon="-73.961353003978729248046875">
        <ele>27.799999237060546875</ele>
        <time>2026-03-15T12:46:22.000Z</time>
        <extensions>
          <ns3:TrackPointExtension>
            <ns3:hr>160</ns3:hr>
            <ns3:cad>86</ns3:cad>
          </ns3:TrackPointExtension>
        </extensions>
      </trkpt>
      <trkpt lat="40.66506651230156421661376953125" lon="-73.9613461308181285858154296875">
        <ele>27.799999237060546875</ele>
        <time>2026-03-15T12:46:26.000Z</time>
        <extensions>
          <ns3:TrackPointExtension>
            <ns3:hr>157</ns3:hr>
            <ns3:cad>85</ns3:cad>
          </ns3:TrackPointExtension>
        </extensions>
      </trkpt>
      <trkpt lat="40.66494631581008434295654296875" lon="-73.96133280359208583831787109375">
        <ele>27.6000003814697265625</ele>
        <time>2026-03-15T12:46:32.000Z</time>
        <extensions>
          <ns3:TrackPointExtension>
            <ns3:hr>156</ns3:hr>
            <ns3:cad>85</ns3:cad>
          </ns3:TrackPointExtension>
        </extensions>
      </trkpt>
      <trkpt lat="40.6647785939276218414306640625" lon="-73.96130866371095180511474609375">
        <ele>28</ele>
        <time>2026-03-15T12:46:40.000Z</time>
        <extensions>
          <ns3:TrackPointExtension>
            <ns3:hr>159</ns3:hr>
            <ns3:cad>85</ns3:cad>
          </ns3:TrackPointExtension>
        </extensions>
      </trkpt>
      <trkpt lat="40.664576590061187744140625" lon="-73.9612643234431743621826171875">
        <ele>28</ele>
        <time>2026-03-15T12:46:48.000Z</time>
        <extensions>
          <ns3:TrackPointExtension>
            <ns3:hr>157</ns3:hr>
            <ns3:cad>85</ns3:cad>
          </ns3:TrackPointExtension>
        </extensions>
      </trkpt>
      <trkpt lat="40.66437785513699054718017578125" lon="-73.96122165955603122711181640625">
        <ele>27</ele>
        <time>2026-03-15T12:46:56.000Z</time>
        <extensions>
          <ns3:TrackPointExtension>
            <ns3:hr>160</ns3:hr>
            <ns3:cad>85</ns3:cad>
          </ns3:TrackPointExtension>
        </extensions>
      </trkpt>
      <trkpt lat="40.6642059423029422760009765625" lon="-73.96112702786922454833984375">
        <ele>26.6000003814697265625</ele>
        <time>2026-03-15T12:47:04.000Z</time>
        <extensions>
          <ns3:TrackPointExtension>
            <ns3:hr>161</ns3:hr>
            <ns3:cad>85</ns3:cad>
          </ns3:TrackPointExtension>
        </extensions>
      </trkpt>
      <trkpt lat="40.66399647854268550872802734375" lon="-73.96113381721079349517822265625">
        <ele>25.799999237060546875</ele>
        <time>2026-03-15T12:47:11.000Z</time>
        <extensions>
          <ns3:TrackPointExtension>
            <ns3:hr>161</ns3:hr>
            <ns3:cad>85</ns3:cad>
          </ns3:TrackPointExtension>
        </extensions>
      </trkpt>
      <trkpt lat="40.66385432146489620208740234375" lon="-73.96114337258040904998779296875">
        <ele>25.3999996185302734375</ele>
        <time>2026-03-15T12:47:18.000Z</time>
        <extensions>
          <ns3:TrackPointExtension>
            <ns3:hr>158</ns3:hr>
            <ns3:cad>86</ns3:cad>
          </ns3:TrackPointExtension>
        </extensions>
      </trkpt>
      <trkpt lat="40.66377318464219570159912109375" lon="-73.961130715906620025634765625">
        <ele>25.200000762939453125</ele>
        <time>2026-03-15T12:47:22.000Z</time>
        <extensions>
          <ns3:TrackPointExtension>
            <ns3:hr>156</ns3:hr>
            <ns3:cad>87</ns3:cad>
          </ns3:TrackPointExtension>
        </extensions>
      </trkpt>
      <trkpt lat="40.66357185132801532745361328125" lon="-73.96108620800077915191650390625">
        <ele>24.6000003814697265625</ele>
        <time>2026-03-15T12:47:31.000Z</time>
        <extensions>
          <ns3:TrackPointExtension>
            <ns3:hr>155</ns3:hr>
            <ns3:cad>87</ns3:cad>
          </ns3:TrackPointExtension>
        </extensions>
      </trkpt>
      <trkpt lat="40.66354653798043727874755859375" lon="-73.96108017303049564361572265625">
        <ele>24.3999996185302734375</ele>
        <time>2026-03-15T12:47:32.000Z</time>
        <extensions>
          <ns3:TrackPointExtension>
            <ns3:hr>155</ns3:hr>
            <ns3:cad>87</ns3:cad>
          </ns3:TrackPointExtension>
        </extensions>
      </trkpt>
      <trkpt lat="40.66338141448795795440673828125" lon="-73.9610658399760723114013671875">
        <ele>24</ele>
        <time>2026-03-15T12:47:39.000Z</time>
        <extensions>
          <ns3:TrackPointExtension>
            <ns3:hr>158</ns3:hr>
            <ns3:cad>86</ns3:cad>
          </ns3:TrackPointExtension>
        </extensions>
      </trkpt>
      <trkpt lat="40.6633315421640872955322265625" lon="-73.96112610585987567901611328125">
        <ele>24</ele>
        <time>2026-03-15T12:47:42.000Z</time>
        <extensions>
          <ns3:TrackPointExtension>
            <ns3:hr>159</ns3:hr>
            <ns3:cad>85</ns3:cad>
          </ns3:TrackPointExtension>
        </extensions>
      </trkpt>
      <trkpt lat="40.66326825879514217376708984375" lon="-73.96136096678674221038818359375">
        <ele>24</ele>
        <time>2026-03-15T12:47:51.000Z</time>
        <extensions>
          <ns3:TrackPointExtension>
            <ns3:hr>160</ns3:hr>
            <ns3:cad>85</ns3:cad>
          </ns3:TrackPointExtension>
        </extensions>
      </trkpt>
      <trkpt lat="40.66322542726993560791015625" lon="-73.96160311996936798095703125">
        <ele>24</ele>
        <time>2026-03-15T12:48:01.000Z</time>
        <extensions>
          <ns3:TrackPointExtension>
            <ns3:hr>160</ns3:hr>
            <ns3:cad>83</ns3:cad>
          </ns3:TrackPointExtension>
        </extensions>
      </trkpt>
      <trkpt lat="40.663220398128032684326171875" lon="-73.96163186989724636077880859375">
        <ele>24</ele>
        <time>2026-03-15T12:48:02.000Z</time>
        <extensions>
          <ns3:TrackPointExtension>
            <ns3:hr>161</ns3:hr>
            <ns3:cad>83</ns3:cad>
          </ns3:TrackPointExtension>
        </extensions>
      </trkpt>
      <trkpt lat="40.66321126185357570648193359375" lon="-73.96172247827053070068359375">
        <ele>24.200000762939453125</ele>
        <time>2026-03-15T12:48:05.000Z</time>
        <extensions>
          <ns3:TrackPointExtension>
            <ns3:hr>164</ns3:hr>
            <ns3:cad>85</ns3:cad>
          </ns3:TrackPointExtension>
        </extensions>
      </trkpt>
      <trkpt lat="40.66319466568529605865478515625" lon="-73.9618902839720249176025390625">
        <ele>24.799999237060546875</ele>
        <time>2026-03-15T12:48:11.000Z</time>
        <extensions>
          <ns3:TrackPointExtension>
            <ns3:hr>161</ns3:hr>
            <ns3:cad>85</ns3:cad>
          </ns3:TrackPointExtension>
        </extensions>
      </trkpt>
      <trkpt lat="40.6631937436759471893310546875" lon="-73.96191886626183986663818359375">
        <ele>25</ele>
        <time>2026-03-15T12:48:12.000Z</time>
        <extensions>
          <ns3:TrackPointExtension>
            <ns3:hr>160</ns3:hr>
            <ns3:cad>85</ns3:cad>
          </ns3:TrackPointExtension>
        </extensions>
      </trkpt>
      <trkpt lat="40.66318921744823455810546875" lon="-73.962074182927608489990234375">
        <ele>25</ele>
        <time>2026-03-15T12:48:17.000Z</time>
        <extensions>
          <ns3:TrackPointExtension>
            <ns3:hr>158</ns3:hr>
            <ns3:cad>85</ns3:cad>
          </ns3:TrackPointExtension>
        </extensions>
      </trkpt>
      <trkpt lat="40.66318343393504619598388671875" lon="-73.96231516264379024505615234375">
        <ele>25.6000003814697265625</ele>
        <time>2026-03-15T12:48:25.000Z</time>
        <extensions>
          <ns3:TrackPointExtension>
            <ns3:hr>160</ns3:hr>
            <ns3:cad>86</ns3:cad>
          </ns3:TrackPointExtension>
        </extensions>
      </trkpt>
      <trkpt lat="40.66330061294138431549072265625" lon="-73.96250677295029163360595703125">
        <ele>26</ele>
        <time>2026-03-15T12:48:34.000Z</time>
        <extensions>
          <ns3:TrackPointExtension>
            <ns3:hr>160</ns3:hr>
            <ns3:cad>83</ns3:cad>
          </ns3:TrackPointExtension>
        </extensions>
      </trkpt>
      <trkpt lat="40.66346121020615100860595703125" lon="-73.9626392908394336700439453125">
        <ele>26.6000003814697265625</ele>
        <time>2026-03-15T12:48:42.000Z</time>
        <extensions>
          <ns3:TrackPointExtension>
            <ns3:hr>161</ns3:hr>
            <ns3:cad>82</ns3:cad>
          </ns3:TrackPointExtension>
        </extensions>
      </trkpt>
      <trkpt lat="40.663562715053558349609375" lon="-73.9627019874751567840576171875">
        <ele>26.799999237060546875</ele>
        <time>2026-03-15T12:48:47.000Z</time>
        <extensions>
          <ns3:TrackPointExtension>
            <ns3:hr>164</ns3:hr>
            <ns3:cad>87</ns3:cad>
          </ns3:TrackPointExtension>
        </extensions>
      </trkpt>
      <trkpt lat="40.6637303531169891357421875" lon="-73.96282763220369815826416015625">
        <ele>27</ele>
        <time>2026-03-15T12:48:56.000Z</time>
        <extensions>
          <ns3:TrackPointExtension>
            <ns3:hr>164</ns3:hr>
            <ns3:cad>82</ns3:cad>
          </ns3:TrackPointExtension>
        </extensions>
      </trkpt>
      <trkpt lat="40.6637492962181568145751953125" lon="-73.9628387801349163055419921875">
        <ele>27</ele>
        <time>2026-03-15T12:48:57.000Z</time>
        <extensions>
          <ns3:TrackPointExtension>
            <ns3:hr>163</ns3:hr>
            <ns3:cad>82</ns3:cad>
          </ns3:TrackPointExtension>
        </extensions>
      </trkpt>
      <trkpt lat="40.663929842412471771240234375" lon="-73.96293575875461101531982421875">
        <ele>27</ele>
        <time>2026-03-15T12:49:06.000Z</time>
        <extensions>
          <ns3:TrackPointExtension>
            <ns3:hr>162</ns3:hr>
            <ns3:cad>84</ns3:cad>
          </ns3:TrackPointExtension>
        </extensions>
      </trkpt>
      <trkpt lat="40.664099492132663726806640625" lon="-73.9630441367626190185546875">
        <ele>27.3999996185302734375</ele>
        <time>2026-03-15T12:49:16.000Z</time>
        <extensions>
          <ns3:TrackPointExtension>
            <ns3:hr>163</ns3:hr>
            <ns3:cad>81</ns3:cad>
          </ns3:TrackPointExtension>
        </extensions>
      </trkpt>
      <trkpt lat="40.6642766855657100677490234375" lon="-73.96313440985977649688720703125">
        <ele>28</ele>
        <time>2026-03-15T12:49:26.000Z</time>
        <extensions>
          <ns3:TrackPointExtension>
            <ns3:hr>162</ns3:hr>
            <ns3:cad>83</ns3:cad>
          </ns3:TrackPointExtension>
        </extensions>
      </trkpt>
      <trkpt lat="40.66444759257137775421142578125" lon="-73.9632330648601055145263671875">
        <ele>28.6000003814697265625</ele>
        <time>2026-03-15T12:49:36.000Z</time>
        <extensions>
          <ns3:TrackPointExtension>
            <ns3:hr>160</ns3:hr>
            <ns3:cad>82</ns3:cad>
          </ns3:TrackPointExtension>
        </extensions>
      </trkpt>
      <trkpt lat="40.66454012878239154815673828125" lon="-73.963310681283473968505859375">
        <ele>29</ele>
        <time>2026-03-15T12:49:42.000Z</time>
        <extensions>
          <ns3:TrackPointExtension>
            <ns3:hr>160</ns3:hr>
            <ns3:cad>84</ns3:cad>
          </ns3:TrackPointExtension>
        </extensions>
      </trkpt>
      <trkpt lat="40.66470072604715824127197265625" lon="-73.9634437859058380126953125">
        <ele>29.6000003814697265625</ele>
        <time>2026-03-15T12:49:52.000Z</time>
        <extensions>
          <ns3:TrackPointExtension>
            <ns3:hr>158</ns3:hr>
            <ns3:cad>83</ns3:cad>
          </ns3:TrackPointExtension>
        </extensions>
      </trkpt>
      <trkpt lat="40.6648627482354640960693359375" lon="-73.9635579474270343780517578125">
        <ele>29.200000762939453125</ele>
        <time>2026-03-15T12:50:01.000Z</time>
        <extensions>
          <ns3:TrackPointExtension>
            <ns3:hr>161</ns3:hr>
            <ns3:cad>84</ns3:cad>
          </ns3:TrackPointExtension>
        </extensions>
      </trkpt>
      <trkpt lat="40.66501521505415439605712890625" lon="-73.9636652357876300811767578125">
        <ele>29.3999996185302734375</ele>
        <time>2026-03-15T12:50:10.000Z</time>
        <extensions>
          <ns3:TrackPointExtension>
            <ns3:hr>158</ns3:hr>
            <ns3:cad>85</ns3:cad>
          </ns3:TrackPointExtension>
        </extensions>
      </trkpt>
      <trkpt lat="40.66518100909888744354248046875" lon="-73.96378576755523681640625">
        <ele>29.3999996185302734375</ele>
        <time>2026-03-15T12:50:20.000Z</time>
        <extensions>
          <ns3:TrackPointExtension>
            <ns3:hr>159</ns3:hr>
            <ns3:cad>82</ns3:cad>
          </ns3:TrackPointExtension>
        </extensions>
      </trkpt>
      <trkpt lat="40.66534093581140041351318359375" lon="-73.963904790580272674560546875">
        <ele>29.6000003814697265625</ele>
        <time>2026-03-15T12:50:30.000Z</time>
        <extensions>
          <ns3:TrackPointExtension>
            <ns3:hr>159</ns3:hr>
            <ns3:cad>83</ns3:cad>
          </ns3:TrackPointExtension>
        </extensions>
      </trkpt>
      <trkpt lat="40.6654229946434497833251953125" lon="-73.963966481387615203857421875">
        <ele>30.3999996185302734375</ele>
        <time>2026-03-15T12:50:35.000Z</time>
        <extensions>
          <ns3:TrackPointExtension>
            <ns3:hr>156</ns3:hr>
            <ns3:cad>83</ns3:cad>
          </ns3:TrackPointExtension>
        </extensions>
      </trkpt>
      <trkpt lat="40.66559113562107086181640625" lon="-73.9640829898416996002197265625">
        <ele>31</ele>
        <time>2026-03-15T12:50:46.000Z</time>
        <extensions>
          <ns3:TrackPointExtension>
            <ns3:hr>156</ns3:hr>
            <ns3:cad>82</ns3:cad>
          </ns3:TrackPointExtension>
        </extensions>
      </trkpt>
      <trkpt lat="40.66574980504810810089111328125" lon="-73.96419505588710308074951171875">
        <ele>31</ele>
        <time>2026-03-15T12:50:55.000Z</time>
        <extensions>
          <ns3:TrackPointExtension>
            <ns3:hr>154</ns3:hr>
            <ns3:cad>82</ns3:cad>
          </ns3:TrackPointExtension>
        </extensions>
      </trkpt>
      <trkpt lat="40.66591241396963596343994140625" lon="-73.96430318243801593780517578125">
        <ele>31.799999237060546875</ele>
        <time>2026-03-15T12:51:05.000Z</time>
        <extensions>
          <ns3:TrackPointExtension>
            <ns3:hr>153</ns3:hr>
            <ns3:cad>83</ns3:cad>
          </ns3:TrackPointExtension>
        </extensions>
      </trkpt>
      <trkpt lat="40.66605783998966217041015625" lon="-73.9644051901996135711669921875">
        <ele>33</ele>
        <time>2026-03-15T12:51:14.000Z</time>
        <extensions>
          <ns3:TrackPointExtension>
            <ns3:hr>156</ns3:hr>
            <ns3:cad>82</ns3:cad>
          </ns3:TrackPointExtension>
        </extensions>
      </trkpt>
      <trkpt lat="40.66615800373256206512451171875" lon="-73.9644766040146350860595703125">
        <ele>33.200000762939453125</ele>
        <time>2026-03-15T12:51:20.000Z</time>
        <extensions>
          <ns3:TrackPointExtension>
            <ns3:hr>159</ns3:hr>
            <ns3:cad>83</ns3:cad>
          </ns3:TrackPointExtension>
        </extensions>
      </trkpt>
      <trkpt lat="40.66621935926377773284912109375" lon="-73.9645205251872539520263671875">
        <ele>33.40000152587890625</ele>
        <time>2026-03-15T12:51:24.000Z</time>
        <extensions>
          <ns3:TrackPointExtension>
            <ns3:hr>162</ns3:hr>
            <ns3:cad>83</ns3:cad>
          </ns3:TrackPointExtension>
        </extensions>
      </trkpt>
      <trkpt lat="40.66635162569582462310791015625" lon="-73.96461163647472858428955078125">
        <ele>33.799999237060546875</ele>
        <time>2026-03-15T12:51:32.000Z</time>
        <extensions>
          <ns3:TrackPointExtension>
            <ns3:hr>161</ns3:hr>
            <ns3:cad>81</ns3:cad>
          </ns3:TrackPointExtension>
        </extensions>
      </trkpt>
      <trkpt lat="40.666498728096485137939453125" lon="-73.964709453284740447998046875">
        <ele>34</ele>
        <time>2026-03-15T12:51:41.000Z</time>
        <extensions>
          <ns3:TrackPointExtension>
            <ns3:hr>158</ns3:hr>
            <ns3:cad>81</ns3:cad>
          </ns3:TrackPointExtension>
        </extensions>
      </trkpt>
      <trkpt lat="40.66666577942669391632080078125" lon="-73.96481565199792385101318359375">
        <ele>34.200000762939453125</ele>
        <time>2026-03-15T12:51:52.000Z</time>
        <extensions>
          <ns3:TrackPointExtension>
            <ns3:hr>159</ns3:hr>
            <ns3:cad>81</ns3:cad>
          </ns3:TrackPointExtension>
        </extensions>
      </trkpt>
      <trkpt lat="40.66682989709079265594482421875" lon="-73.96493048407137393951416015625">
        <ele>35.59999847412109375</ele>
        <time>2026-03-15T12:52:02.000Z</time>
        <extensions>
          <ns3:TrackPointExtension>
            <ns3:hr>159</ns3:hr>
            <ns3:cad>84</ns3:cad>
          </ns3:TrackPointExtension>
        </extensions>
      </trkpt>
      <trkpt lat="40.66688261926174163818359375" lon="-73.96496552042663097381591796875">
        <ele>35.799999237060546875</ele>
        <time>2026-03-15T12:52:05.000Z</time>
        <extensions>
          <ns3:TrackPointExtension>
            <ns3:hr>162</ns3:hr>
            <ns3:cad>84</ns3:cad>
          </ns3:TrackPointExtension>
        </extensions>
      </trkpt>
      <trkpt lat="40.666995942592620849609375" lon="-73.96504313684999942779541015625">
        <ele>36.200000762939453125</ele>
        <time>2026-03-15T12:52:12.000Z</time>
        <extensions>
          <ns3:TrackPointExtension>
            <ns3:hr>162</ns3:hr>
            <ns3:cad>84</ns3:cad>
          </ns3:TrackPointExtension>
        </extensions>
      </trkpt>
      <trkpt lat="40.66718109883368015289306640625" lon="-73.96514003165066242218017578125">
        <ele>38</ele>
        <time>2026-03-15T12:52:22.000Z</time>
        <extensions>
          <ns3:TrackPointExtension>
            <ns3:hr>161</ns3:hr>
            <ns3:cad>84</ns3:cad>
          </ns3:TrackPointExtension>
        </extensions>
      </trkpt>
      <trkpt lat="40.6673112697899341583251953125" lon="-73.965216390788555145263671875">
        <ele>38.200000762939453125</ele>
        <time>2026-03-15T12:52:29.000Z</time>
        <extensions>
          <ns3:TrackPointExtension>
            <ns3:hr>158</ns3:hr>
            <ns3:cad>85</ns3:cad>
          </ns3:TrackPointExtension>
        </extensions>
      </trkpt>
      <trkpt lat="40.66742719151079654693603515625" lon="-73.965361900627613067626953125">
        <ele>38</ele>
        <time>2026-03-15T12:52:40.000Z</time>
        <extensions>
          <ns3:TrackPointExtension>
            <ns3:hr>155</ns3:hr>
            <ns3:cad>80</ns3:cad>
          </ns3:TrackPointExtension>
        </extensions>
      </trkpt>
      <trkpt lat="40.6674007885158061981201171875" lon="-73.96538369357585906982421875">
        <ele>37.799999237060546875</ele>
        <time>2026-03-15T12:52:42.000Z</time>
        <extensions>
          <ns3:TrackPointExtension>
            <ns3:hr>155</ns3:hr>
            <ns3:cad>80</ns3:cad>
          </ns3:TrackPointExtension>
        </extensions>
      </trkpt>
      <trkpt lat="40.6672935001552104949951171875" lon="-73.9653580449521541595458984375">
        <ele>37.40000152587890625</ele>
        <time>2026-03-15T12:52:48.000Z</time>
        <extensions>
          <ns3:TrackPointExtension>
            <ns3:hr>151</ns3:hr>
            <ns3:cad>80</ns3:cad>
          </ns3:TrackPointExtension>
        </extensions>
      </trkpt>
      <trkpt lat="40.6672762334346771240234375" lon="-73.96535016596317291259765625">
        <ele>37.200000762939453125</ele>
        <time>2026-03-15T12:52:49.000Z</time>
        <extensions>
          <ns3:TrackPointExtension>
            <ns3:hr>156</ns3:hr>
            <ns3:cad>81</ns3:cad>
          </ns3:TrackPointExtension>
        </extensions>
      </trkpt>
      <trkpt lat="40.667258799076080322265625" lon="-73.96533943712711334228515625">
        <ele>37</ele>
        <time>2026-03-15T12:52:50.000Z</time>
        <extensions>
          <ns3:TrackPointExtension>
            <ns3:hr>161</ns3:hr>
            <ns3:cad>82</ns3:cad>
          </ns3:TrackPointExtension>
        </extensions>
      </trkpt>
      <trkpt lat="40.66724144853651523590087890625" lon="-73.9653282053768634796142578125">
        <ele>37</ele>
        <time>2026-03-15T12:52:51.000Z</time>
        <extensions>
          <ns3:TrackPointExtension>
            <ns3:hr>165</ns3:hr>
            <ns3:cad>83</ns3:cad>
          </ns3:TrackPointExtension>
        </extensions>
      </trkpt>
      <trkpt lat="40.6670692004263401031494140625" lon="-73.96520842798054218292236328125">
        <ele>37.200000762939453125</ele>
        <time>2026-03-15T12:52:59.000Z</time>
        <extensions>
          <ns3:TrackPointExtension>
            <ns3:hr>169</ns3:hr>
            <ns3:cad>83</ns3:cad>
          </ns3:TrackPointExtension>
        </extensions>
      </trkpt>
      <trkpt lat="40.66700692288577556610107421875" lon="-73.9651550352573394775390625">
        <ele>36.40000152587890625</ele>
        <time>2026-03-15T12:53:02.000Z</time>
        <extensions>
          <ns3:TrackPointExtension>
            <ns3:hr>169</ns3:hr>
            <ns3:cad>81</ns3:cad>
          </ns3:TrackPointExtension>
        </extensions>
      </trkpt>
      <trkpt lat="40.66684967838227748870849609375" lon="-73.96502654068171977996826171875">
        <ele>35.200000762939453125</ele>
        <time>2026-03-15T12:53:10.000Z</time>
        <extensions>
          <ns3:TrackPointExtension>
            <ns3:hr>170</ns3:hr>
            <ns3:cad>81</ns3:cad>
          </ns3:TrackPointExtension>
        </extensions>
      </trkpt>
      <trkpt lat="40.66678262315690517425537109375" lon="-73.96495814435184001922607421875">
        <ele>35.200000762939453125</ele>
        <time>2026-03-15T12:53:14.000Z</time>
        <extensions>
          <ns3:TrackPointExtension>
            <ns3:hr>166</ns3:hr>
            <ns3:cad>81</ns3:cad>
          </ns3:TrackPointExtension>
        </extensions>
      </trkpt>
      <trkpt lat="40.66676267422735691070556640625" lon="-73.9649429731070995330810546875">
        <ele>35.200000762939453125</ele>
        <time>2026-03-15T12:53:15.000Z</time>
        <extensions>
          <ns3:TrackPointExtension>
            <ns3:hr>162</ns3:hr>
            <ns3:cad>81</ns3:cad>
          </ns3:TrackPointExtension>
        </extensions>
      </trkpt>
      <trkpt lat="40.6666242890059947967529296875" lon="-73.9648370258510112762451171875">
        <ele>33.59999847412109375</ele>
        <time>2026-03-15T12:53:22.000Z</time>
        <extensions>
          <ns3:TrackPointExtension>
            <ns3:hr>160</ns3:hr>
            <ns3:cad>81</ns3:cad>
          </ns3:TrackPointExtension>
        </extensions>
      </trkpt>
      <trkpt lat="40.6665146537125110626220703125" lon="-73.9647662825882434844970703125">
        <ele>33.59999847412109375</ele>
        <time>2026-03-15T12:53:28.000Z</time>
        <extensions>
          <ns3:TrackPointExtension>
            <ns3:hr>163</ns3:hr>
            <ns3:cad>81</ns3:cad>
          </ns3:TrackPointExtension>
        </extensions>
      </trkpt>
      <trkpt lat="40.66644231788814067840576171875" lon="-73.96471708081662654876708984375">
        <ele>33.59999847412109375</ele>
        <time>2026-03-15T12:53:32.000Z</time>
        <extensions>
          <ns3:TrackPointExtension>
            <ns3:hr>161</ns3:hr>
            <ns3:cad>81</ns3:cad>
          </ns3:TrackPointExtension>
        </extensions>
      </trkpt>
      <trkpt lat="40.6662772782146930694580078125" lon="-73.964585401117801666259765625">
        <ele>33.40000152587890625</ele>
        <time>2026-03-15T12:53:41.000Z</time>
        <extensions>
          <ns3:TrackPointExtension>
            <ns3:hr>161</ns3:hr>
            <ns3:cad>84</ns3:cad>
          </ns3:TrackPointExtension>
        </extensions>
      </trkpt>
      <trkpt lat="40.66610704176127910614013671875" lon="-73.9644712395966053009033203125">
        <ele>32.799999237060546875</ele>
        <time>2026-03-15T12:53:50.000Z</time>
        <extensions>
          <ns3:TrackPointExtension>
            <ns3:hr>163</ns3:hr>
            <ns3:cad>86</ns3:cad>
          </ns3:TrackPointExtension>
        </extensions>
      </trkpt>
      <trkpt lat="40.6659275852143764495849609375" lon="-73.96436705254018306732177734375">
        <ele>32</ele>
        <time>2026-03-15T12:53:59.000Z</time>
        <extensions>
          <ns3:TrackPointExtension>
            <ns3:hr>164</ns3:hr>
            <ns3:cad>85</ns3:cad>
          </ns3:TrackPointExtension>
        </extensions>
      </trkpt>
      <trkpt lat="40.66575885750353336334228515625" lon="-73.96426211111247539520263671875">
        <ele>30.6000003814697265625</ele>
        <time>2026-03-15T12:54:07.000Z</time>
        <extensions>
          <ns3:TrackPointExtension>
            <ns3:hr>163</ns3:hr>
            <ns3:cad>85</ns3:cad>
          </ns3:TrackPointExtension>
        </extensions>
      </trkpt>
      <trkpt lat="40.66558669321238994598388671875" lon="-73.96413034759461879730224609375">
        <ele>30.799999237060546875</ele>
        <time>2026-03-15T12:54:15.000Z</time>
        <extensions>
          <ns3:TrackPointExtension>
            <ns3:hr>162</ns3:hr>
            <ns3:cad>83</ns3:cad>
          </ns3:TrackPointExtension>
        </extensions>
      </trkpt>
      <trkpt lat="40.6654209829866886138916015625" lon="-73.9640041999518871307373046875">
        <ele>30.3999996185302734375</ele>
        <time>2026-03-15T12:54:23.000Z</time>
        <extensions>
          <ns3:TrackPointExtension>
            <ns3:hr>164</ns3:hr>
            <ns3:cad>82</ns3:cad>
          </ns3:TrackPointExtension>
        </extensions>
      </trkpt>
      <trkpt lat="40.66534294746816158294677734375" lon="-73.96393789909780025482177734375">
        <ele>29.799999237060546875</ele>
        <time>2026-03-15T12:54:27.000Z</time>
        <extensions>
          <ns3:TrackPointExtension>
            <ns3:hr>161</ns3:hr>
            <ns3:cad>81</ns3:cad>
          </ns3:TrackPointExtension>
        </extensions>
      </trkpt>
      <trkpt lat="40.66517715342342853546142578125" lon="-73.963818959891796112060546875">
        <ele>29.3999996185302734375</ele>
        <time>2026-03-15T12:54:36.000Z</time>
        <extensions>
          <ns3:TrackPointExtension>
            <ns3:hr>163</ns3:hr>
            <ns3:cad>81</ns3:cad>
          </ns3:TrackPointExtension>
        </extensions>
      </trkpt>
      <trkpt lat="40.66501202993094921112060546875" lon="-73.963692896068096160888671875">
        <ele>29.3999996185302734375</ele>
        <time>2026-03-15T12:54:45.000Z</time>
        <extensions>
          <ns3:TrackPointExtension>
            <ns3:hr>160</ns3:hr>
            <ns3:cad>81</ns3:cad>
          </ns3:TrackPointExtension>
        </extensions>
      </trkpt>
      <trkpt lat="40.66484372131526470184326171875" lon="-73.96358770318329334259033203125">
        <ele>29.200000762939453125</ele>
        <time>2026-03-15T12:54:54.000Z</time>
        <extensions>
          <ns3:TrackPointExtension>
            <ns3:hr>159</ns3:hr>
            <ns3:cad>81</ns3:cad>
          </ns3:TrackPointExtension>
        </extensions>
      </trkpt>
      <trkpt lat="40.66467893309891223907470703125" lon="-73.9634918980300426483154296875">
        <ele>29.3999996185302734375</ele>
        <time>2026-03-15T12:55:04.000Z</time>
        <extensions>
          <ns3:TrackPointExtension>
            <ns3:hr>160</ns3:hr>
            <ns3:cad>79</ns3:cad>
          </ns3:TrackPointExtension>
        </extensions>
      </trkpt>
      <trkpt lat="40.66452571190893650054931640625" lon="-73.9633899740874767303466796875">
        <ele>29</ele>
        <time>2026-03-15T12:55:12.000Z</time>
        <extensions>
          <ns3:TrackPointExtension>
            <ns3:hr>163</ns3:hr>
            <ns3:cad>81</ns3:cad>
          </ns3:TrackPointExtension>
        </extensions>
      </trkpt>
      <trkpt lat="40.6643480993807315826416015625" lon="-73.9632897265255451202392578125">
        <ele>28.3999996185302734375</ele>
        <time>2026-03-15T12:55:20.000Z</time>
        <extensions>
          <ns3:TrackPointExtension>
            <ns3:hr>164</ns3:hr>
            <ns3:cad>83</ns3:cad>
          </ns3:TrackPointExtension>
        </extensions>
      </trkpt>
      <trkpt lat="40.6641782820224761962890625" lon="-73.96317531354725360870361328125">
        <ele>28</ele>
        <time>2026-03-15T12:55:28.000Z</time>
        <extensions>
          <ns3:TrackPointExtension>
            <ns3:hr>165</ns3:hr>
            <ns3:cad>84</ns3:cad>
          </ns3:TrackPointExtension>
        </extensions>
      </trkpt>
      <trkpt lat="40.66401273943483829498291015625" lon="-73.963070623576641082763671875">
        <ele>27.200000762939453125</ele>
        <time>2026-03-15T12:55:36.000Z</time>
        <extensions>
          <ns3:TrackPointExtension>
            <ns3:hr>162</ns3:hr>
            <ns3:cad>83</ns3:cad>
          </ns3:TrackPointExtension>
        </extensions>
      </trkpt>
      <trkpt lat="40.6639055348932743072509765625" lon="-73.963015638291835784912109375">
        <ele>27</ele>
        <time>2026-03-15T12:55:41.000Z</time>
        <extensions>
          <ns3:TrackPointExtension>
            <ns3:hr>165</ns3:hr>
            <ns3:cad>83</ns3:cad>
          </ns3:TrackPointExtension>
        </extensions>
      </trkpt>
      <trkpt lat="40.663739405572414398193359375" lon="-73.96304120309650897979736328125">
        <ele>27</ele>
        <time>2026-03-15T12:55:49.000Z</time>
        <extensions>
          <ns3:TrackPointExtension>
            <ns3:hr>163</ns3:hr>
            <ns3:cad>80</ns3:cad>
          </ns3:TrackPointExtension>
        </extensions>
      </trkpt>
      <trkpt lat="40.66365214996039867401123046875" lon="-73.9632293768227100372314453125">
        <ele>27</ele>
        <time>2026-03-15T12:55:57.000Z</time>
        <extensions>
          <ns3:TrackPointExtension>
            <ns3:hr>160</ns3:hr>
            <ns3:cad>82</ns3:cad>
          </ns3:TrackPointExtension>
        </extensions>
      </trkpt>
      <trkpt lat="40.663555674254894256591796875" lon="-73.96344101987779140472412109375">
        <ele>27</ele>
        <time>2026-03-15T12:56:06.000Z</time>
        <extensions>
          <ns3:TrackPointExtension>
            <ns3:hr>161</ns3:hr>
            <ns3:cad>82</ns3:cad>
          </ns3:TrackPointExtension>
        </extensions>
      </trkpt>
      <trkpt lat="40.6635119207203388214111328125" lon="-73.96353405900299549102783203125">
        <ele>27</ele>
        <time>2026-03-15T12:56:10.000Z</time>
        <extensions>
          <ns3:TrackPointExtension>
            <ns3:hr>164</ns3:hr>
            <ns3:cad>83</ns3:cad>
          </ns3:TrackPointExtension>
        </extensions>
      </trkpt>
      <trkpt lat="40.66338828764855861663818359375" lon="-73.963715694844722747802734375">
        <ele>27</ele>
        <time>2026-03-15T12:56:19.000Z</time>
        <extensions>
          <ns3:TrackPointExtension>
            <ns3:hr>162</ns3:hr>
            <ns3:cad>83</ns3:cad>
          </ns3:TrackPointExtension>
        </extensions>
      </trkpt>
      <trkpt lat="40.6632447056472301483154296875" lon="-73.96387134678661823272705078125">
        <ele>27</ele>
        <time>2026-03-15T12:56:28.000Z</time>
        <extensions>
          <ns3:TrackPointExtension>
            <ns3:hr>160</ns3:hr>
            <ns3:cad>81</ns3:cad>
          </ns3:TrackPointExtension>
        </extensions>
      </trkpt>
      <trkpt lat="40.663086287677288055419921875" lon="-73.96399472840130329132080078125">
        <ele>26.6000003814697265625</ele>
        <time>2026-03-15T12:56:37.000Z</time>
        <extensions>
          <ns3:TrackPointExtension>
            <ns3:hr>159</ns3:hr>
            <ns3:cad>84</ns3:cad>
          </ns3:TrackPointExtension>
        </extensions>
      </trkpt>
      <trkpt lat="40.6628953479230403900146484375" lon="-73.96405742503702640533447265625">
        <ele>26.3999996185302734375</ele>
        <time>2026-03-15T12:56:46.000Z</time>
        <extensions>
          <ns3:TrackPointExtension>
            <ns3:hr>160</ns3:hr>
            <ns3:cad>86</ns3:cad>
          </ns3:TrackPointExtension>
        </extensions>
      </trkpt>
      <trkpt lat="40.66276551224291324615478515625" lon="-73.96407636813819408416748046875">
        <ele>26.200000762939453125</ele>
        <time>2026-03-15T12:56:52.000Z</time>
        <extensions>
          <ns3:TrackPointExtension>
            <ns3:hr>162</ns3:hr>
            <ns3:cad>86</ns3:cad>
          </ns3:TrackPointExtension>
        </extensions>
      </trkpt>
      <trkpt lat="40.6625781767070293426513671875" lon="-73.9641101472079753875732421875">
        <ele>26.200000762939453125</ele>
        <time>2026-03-15T12:57:02.000Z</time>
        <extensions>
          <ns3:TrackPointExtension>
            <ns3:hr>159</ns3:hr>
            <ns3:cad>82</ns3:cad>
          </ns3:TrackPointExtension>
        </extensions>
      </trkpt>
      <trkpt lat="40.66239084117114543914794921875" lon="-73.9641805551946163177490234375">
        <ele>26.6000003814697265625</ele>
        <time>2026-03-15T12:57:11.000Z</time>
        <extensions>
          <ns3:TrackPointExtension>
            <ns3:hr>159</ns3:hr>
            <ns3:cad>82</ns3:cad>
          </ns3:TrackPointExtension>
        </extensions>
      </trkpt>
      <trkpt lat="40.662224628031253814697265625" lon="-73.9642881788313388824462890625">
        <ele>26.3999996185302734375</ele>
        <time>2026-03-15T12:57:20.000Z</time>
        <extensions>
          <ns3:TrackPointExtension>
            <ns3:hr>158</ns3:hr>
            <ns3:cad>79</ns3:cad>
          </ns3:TrackPointExtension>
        </extensions>
      </trkpt>
      <trkpt lat="40.66207936964929103851318359375" lon="-73.9644276537001132965087890625">
        <ele>26</ele>
        <time>2026-03-15T12:57:29.000Z</time>
        <extensions>
          <ns3:TrackPointExtension>
            <ns3:hr>159</ns3:hr>
            <ns3:cad>80</ns3:cad>
          </ns3:TrackPointExtension>
        </extensions>
      </trkpt>
      <trkpt lat="40.66202455200254917144775390625" lon="-73.964499570429325103759765625">
        <ele>25.799999237060546875</ele>
        <time>2026-03-15T12:57:34.000Z</time>
        <extensions>
          <ns3:TrackPointExtension>
            <ns3:hr>161</ns3:hr>
            <ns3:cad>78</ns3:cad>
          </ns3:TrackPointExtension>
        </extensions>
      </trkpt>
      <trkpt lat="40.6620432436466217041015625" lon="-73.96467114798724651336669921875">
        <ele>25.200000762939453125</ele>
        <time>2026-03-15T12:57:41.000Z</time>
        <extensions>
          <ns3:TrackPointExtension>
            <ns3:hr>158</ns3:hr>
            <ns3:cad>77</ns3:cad>
          </ns3:TrackPointExtension>
        </extensions>
      </trkpt>
      <trkpt lat="40.66213452257215976715087890625" lon="-73.96488287486135959625244140625">
        <ele>24.3999996185302734375</ele>
        <time>2026-03-15T12:57:50.000Z</time>
        <extensions>
          <ns3:TrackPointExtension>
            <ns3:hr>160</ns3:hr>
            <ns3:cad>80</ns3:cad>
          </ns3:TrackPointExtension>
        </extensions>
      </trkpt>
      <trkpt lat="40.6622405536472797393798828125" lon="-73.96503626368939876556396484375">
        <ele>23.799999237060546875</ele>
        <time>2026-03-15T12:58:04.000Z</time>
        <extensions>
          <ns3:TrackPointExtension>
            <ns3:hr>163</ns3:hr>
            <ns3:cad>83</ns3:cad>
          </ns3:TrackPointExtension>
        </extensions>
      </trkpt>
      <trkpt lat="40.6622539646923542022705078125" lon="-73.965038359165191650390625">
        <ele>23.799999237060546875</ele>
        <time>2026-03-15T12:58:05.000Z</time>
        <extensions>
          <ns3:TrackPointExtension>
            <ns3:hr>163</ns3:hr>
            <ns3:cad>83</ns3:cad>
          </ns3:TrackPointExtension>
        </extensions>
      </trkpt>
      <trkpt lat="40.66241665743291378021240234375" lon="-73.9651541970670223236083984375">
        <ele>24</ele>
        <time>2026-03-15T12:58:14.000Z</time>
        <extensions>
          <ns3:TrackPointExtension>
            <ns3:hr>161</ns3:hr>
            <ns3:cad>82</ns3:cad>
          </ns3:TrackPointExtension>
        </extensions>
      </trkpt>
      <trkpt lat="40.6625878997147083282470703125" lon="-73.96523206494748592376708984375">
        <ele>24.799999237060546875</ele>
        <time>2026-03-15T12:58:23.000Z</time>
        <extensions>
          <ns3:TrackPointExtension>
            <ns3:hr>161</ns3:hr>
            <ns3:cad>84</ns3:cad>
          </ns3:TrackPointExtension>
        </extensions>
      </trkpt>
      <trkpt lat="40.66271874122321605682373046875" lon="-73.96524312905967235565185546875">
        <ele>25.3999996185302734375</ele>
        <time>2026-03-15T12:58:30.000Z</time>
        <extensions>
          <ns3:TrackPointExtension>
            <ns3:hr>164</ns3:hr>
            <ns3:cad>83</ns3:cad>
          </ns3:TrackPointExtension>
        </extensions>
      </trkpt>
      <trkpt lat="40.662906579673290252685546875" lon="-73.96525486372411251068115234375">
        <ele>26.200000762939453125</ele>
        <time>2026-03-15T12:58:39.000Z</time>
        <extensions>
          <ns3:TrackPointExtension>
            <ns3:hr>164</ns3:hr>
            <ns3:cad>86</ns3:cad>
          </ns3:TrackPointExtension>
        </extensions>
      </trkpt>
      <trkpt lat="40.6630893051624298095703125" lon="-73.96528235636651515960693359375">
        <ele>26.799999237060546875</ele>
        <time>2026-03-15T12:58:47.000Z</time>
        <extensions>
          <ns3:TrackPointExtension>
            <ns3:hr>166</ns3:hr>
            <ns3:cad>86</ns3:cad>
          </ns3:TrackPointExtension>
        </extensions>
      </trkpt>
      <trkpt lat="40.66315962933003902435302734375" lon="-73.96530180238187313079833984375">
        <ele>27.200000762939453125</ele>
        <time>2026-03-15T12:58:50.000Z</time>
        <extensions>
          <ns3:TrackPointExtension>
            <ns3:hr>169</ns3:hr>
            <ns3:cad>85</ns3:cad>
          </ns3:TrackPointExtension>
        </extensions>
      </trkpt>
      <trkpt lat="40.6632229126989841461181640625" lon="-73.9653040654957294464111328125">
        <ele>27.200000762939453125</ele>
        <time>2026-03-15T12:58:53.000Z</time>
        <extensions>
          <ns3:TrackPointExtension>
            <ns3:hr>173</ns3:hr>
            <ns3:cad>83</ns3:cad>
          </ns3:TrackPointExtension>
        </extensions>
      </trkpt>
      <trkpt lat="40.66338728182017803192138671875" lon="-73.96531487815082073211669921875">
        <ele>27.200000762939453125</ele>
        <time>2026-03-15T12:59:02.000Z</time>
        <extensions>
          <ns3:TrackPointExtension>
            <ns3:hr>173</ns3:hr>
            <ns3:cad>82</ns3:cad>
          </ns3:TrackPointExtension>
        </extensions>
      </trkpt>
      <trkpt lat="40.6634696759283542633056640625" lon="-73.96531789563596248626708984375">
        <ele>27.200000762939453125</ele>
        <time>2026-03-15T12:59:06.000Z</time>
        <extensions>
          <ns3:TrackPointExtension>
            <ns3:hr>170</ns3:hr>
            <ns3:cad>82</ns3:cad>
          </ns3:TrackPointExtension>
        </extensions>
      </trkpt>
      <trkpt lat="40.6636326201260089874267578125" lon="-73.9653825201094150543212890625">
        <ele>27.3999996185302734375</ele>
        <time>2026-03-15T12:59:13.000Z</time>
        <extensions>
          <ns3:TrackPointExtension>
            <ns3:hr>167</ns3:hr>
            <ns3:cad>85</ns3:cad>
          </ns3:TrackPointExtension>
        </extensions>
      </trkpt>
      <trkpt lat="40.66371493041515350341796875" lon="-73.96543733775615692138671875">
        <ele>27.6000003814697265625</ele>
        <time>2026-03-15T12:59:17.000Z</time>
        <extensions>
          <ns3:TrackPointExtension>
            <ns3:hr>170</ns3:hr>
            <ns3:cad>86</ns3:cad>
          </ns3:TrackPointExtension>
        </extensions>
      </trkpt>
      <trkpt lat="40.6638854183256626129150390625" lon="-73.9655394293367862701416015625">
        <ele>28</ele>
        <time>2026-03-15T12:59:27.000Z</time>
        <extensions>
          <ns3:TrackPointExtension>
            <ns3:hr>170</ns3:hr>
            <ns3:cad>82</ns3:cad>
          </ns3:TrackPointExtension>
        </extensions>
      </trkpt>
      <trkpt lat="40.66405397839844226837158203125" lon="-73.965641520917415618896484375">
        <ele>28</ele>
        <time>2026-03-15T12:59:35.000Z</time>
        <extensions>
          <ns3:TrackPointExtension>
            <ns3:hr>167</ns3:hr>
            <ns3:cad>82</ns3:cad>
          </ns3:TrackPointExtension>
        </extensions>
      </trkpt>
      <trkpt lat="40.6642361171543598175048828125" lon="-73.96573363803327083587646484375">
        <ele>28</ele>
        <time>2026-03-15T12:59:44.000Z</time>
        <extensions>
          <ns3:TrackPointExtension>
            <ns3:hr>168</ns3:hr>
            <ns3:cad>85</ns3:cad>
          </ns3:TrackPointExtension>
        </extensions>
      </trkpt>
      <trkpt lat="40.6644250452518463134765625" lon="-73.965797759592533111572265625">
        <ele>28</ele>
        <time>2026-03-15T12:59:52.000Z</time>
        <extensions>
          <ns3:TrackPointExtension>
            <ns3:hr>166</ns3:hr>
            <ns3:cad>84</ns3:cad>
          </ns3:TrackPointExtension>
        </extensions>
      </trkpt>
      <trkpt lat="40.66461321897804737091064453125" lon="-73.965881578624248504638671875">
        <ele>27.799999237060546875</ele>
        <time>2026-03-15T13:00:02.000Z</time>
        <extensions>
          <ns3:TrackPointExtension>
            <ns3:hr>165</ns3:hr>
            <ns3:cad>84</ns3:cad>
          </ns3:TrackPointExtension>
        </extensions>
      </trkpt>
      <trkpt lat="40.66472184844315052032470703125" lon="-73.9659317024052143096923828125">
        <ele>27.3999996185302734375</ele>
        <time>2026-03-15T13:00:07.000Z</time>
        <extensions>
          <ns3:TrackPointExtension>
            <ns3:hr>164</ns3:hr>
            <ns3:cad>83</ns3:cad>
          </ns3:TrackPointExtension>
        </extensions>
      </trkpt>
      <trkpt lat="40.66490390338003635406494140625" lon="-73.96601895801723003387451171875">
        <ele>27.799999237060546875</ele>
        <time>2026-03-15T13:00:15.000Z</time>
        <extensions>
          <ns3:TrackPointExtension>
            <ns3:hr>166</ns3:hr>
            <ns3:cad>85</ns3:cad>
          </ns3:TrackPointExtension>
        </extensions>
      </trkpt>
      <trkpt lat="40.6649995408952236175537109375" lon="-73.966086097061634063720703125">
        <ele>28</ele>
        <time>2026-03-15T13:00:19.000Z</time>
        <extensions>
          <ns3:TrackPointExtension>
            <ns3:hr>169</ns3:hr>
            <ns3:cad>85</ns3:cad>
          </ns3:TrackPointExtension>
        </extensions>
      </trkpt>
      <trkpt lat="40.66518008708953857421875" lon="-73.9662042818963527679443359375">
        <ele>28</ele>
        <time>2026-03-15T13:00:28.000Z</time>
        <extensions>
          <ns3:TrackPointExtension>
            <ns3:hr>168</ns3:hr>
            <ns3:cad>85</ns3:cad>
          </ns3:TrackPointExtension>
        </extensions>
      </trkpt>
      <trkpt lat="40.66535484977066516876220703125" lon="-73.96627158857882022857666015625">
        <ele>27.6000003814697265625</ele>
        <time>2026-03-15T13:00:37.000Z</time>
        <extensions>
          <ns3:TrackPointExtension>
            <ns3:hr>166</ns3:hr>
            <ns3:cad>84</ns3:cad>
          </ns3:TrackPointExtension>
        </extensions>
      </trkpt>
      <trkpt lat="40.66552014090120792388916015625" lon="-73.96636630408465862274169921875">
        <ele>28</ele>
        <time>2026-03-15T13:00:46.000Z</time>
        <extensions>
          <ns3:TrackPointExtension>
            <ns3:hr>166</ns3:hr>
            <ns3:cad>85</ns3:cad>
          </ns3:TrackPointExtension>
        </extensions>
      </trkpt>
      <trkpt lat="40.66559406928718090057373046875" lon="-73.96640452556312084197998046875">
        <ele>28.200000762939453125</ele>
        <time>2026-03-15T13:00:50.000Z</time>
        <extensions>
          <ns3:TrackPointExtension>
            <ns3:hr>169</ns3:hr>
            <ns3:cad>85</ns3:cad>
          </ns3:TrackPointExtension>
        </extensions>
      </trkpt>
      <trkpt lat="40.6657706759870052337646484375" lon="-73.96649940870702266693115234375">
        <ele>28</ele>
        <time>2026-03-15T13:01:00.000Z</time>
        <extensions>
          <ns3:TrackPointExtension>
            <ns3:hr>170</ns3:hr>
            <ns3:cad>83</ns3:cad>
          </ns3:TrackPointExtension>
        </extensions>
      </trkpt>
      <trkpt lat="40.66592917777597904205322265625" lon="-73.96661281585693359375">
        <ele>28.799999237060546875</ele>
        <time>2026-03-15T13:01:08.000Z</time>
        <extensions>
          <ns3:TrackPointExtension>
            <ns3:hr>169</ns3:hr>
            <ns3:cad>86</ns3:cad>
          </ns3:TrackPointExtension>
        </extensions>
      </trkpt>
      <trkpt lat="40.666071586310863494873046875" lon="-73.96675840951502323150634765625">
        <ele>31.200000762939453125</ele>
        <time>2026-03-15T13:01:17.000Z</time>
        <extensions>
          <ns3:TrackPointExtension>
            <ns3:hr>168</ns3:hr>
            <ns3:cad>85</ns3:cad>
          </ns3:TrackPointExtension>
        </extensions>
      </trkpt>
      <trkpt lat="40.66622413694858551025390625" lon="-73.966914229094982147216796875">
        <ele>32.200000762939453125</ele>
        <time>2026-03-15T13:01:26.000Z</time>
        <extensions>
          <ns3:TrackPointExtension>
            <ns3:hr>167</ns3:hr>
            <ns3:cad>85</ns3:cad>
          </ns3:TrackPointExtension>
        </extensions>
      </trkpt>
      <trkpt lat="40.6662514619529247283935546875" lon="-73.9669412188231945037841796875">
        <ele>32.40000152587890625</ele>
        <time>2026-03-15T13:01:28.000Z</time>
        <extensions>
          <ns3:TrackPointExtension>
            <ns3:hr>164</ns3:hr>
            <ns3:cad>85</ns3:cad>
          </ns3:TrackPointExtension>
        </extensions>
      </trkpt>
      <trkpt lat="40.66638850606977939605712890625" lon="-73.96710022352635860443115234375">
        <ele>33.799999237060546875</ele>
        <time>2026-03-15T13:01:38.000Z</time>
        <extensions>
          <ns3:TrackPointExtension>
            <ns3:hr>165</ns3:hr>
            <ns3:cad>85</ns3:cad>
          </ns3:TrackPointExtension>
        </extensions>
      </trkpt>
      <trkpt lat="40.66647517494857311248779296875" lon="-73.96722477860748767852783203125">
        <ele>33.200000762939453125</ele>
        <time>2026-03-15T13:01:44.000Z</time>
        <extensions>
          <ns3:TrackPointExtension>
            <ns3:hr>168</ns3:hr>
            <ns3:cad>89</ns3:cad>
          </ns3:TrackPointExtension>
        </extensions>
      </trkpt>
      <trkpt lat="40.6665324233472347259521484375" lon="-73.96729166619479656219482421875">
        <ele>34.40000152587890625</ele>
        <time>2026-03-15T13:01:48.000Z</time>
        <extensions>
          <ns3:TrackPointExtension>
            <ns3:hr>171</ns3:hr>
            <ns3:cad>92</ns3:cad>
          </ns3:TrackPointExtension>
        </extensions>
      </trkpt>
      <trkpt lat="40.666646920144557952880859375" lon="-73.96747539751231670379638671875">
        <ele>36</ele>
        <time>2026-03-15T13:01:57.000Z</time>
        <extensions>
          <ns3:TrackPointExtension>
            <ns3:hr>170</ns3:hr>
            <ns3:cad>86</ns3:cad>
          </ns3:TrackPointExtension>
        </extensions>
      </trkpt>
      <trkpt lat="40.66675865091383457183837890625" lon="-73.96769416518509387969970703125">
        <ele>36</ele>
        <time>2026-03-15T13:02:06.000Z</time>
        <extensions>
          <ns3:TrackPointExtension>
            <ns3:hr>169</ns3:hr>
            <ns3:cad>86</ns3:cad>
          </ns3:TrackPointExtension>
        </extensions>
      </trkpt>
      <trkpt lat="40.6668465770781040191650390625" lon="-73.96791779436171054840087890625">
        <ele>36.40000152587890625</ele>
        <time>2026-03-15T13:02:15.000Z</time>
        <extensions>
          <ns3:TrackPointExtension>
            <ns3:hr>173</ns3:hr>
            <ns3:cad>85</ns3:cad>
          </ns3:TrackPointExtension>
        </extensions>
      </trkpt>
      <trkpt lat="40.66689737141132354736328125" lon="-73.968060202896595001220703125">
        <ele>36.59999847412109375</ele>
        <time>2026-03-15T13:02:21.000Z</time>
        <extensions>
          <ns3:TrackPointExtension>
            <ns3:hr>170</ns3:hr>
            <ns3:cad>85</ns3:cad>
          </ns3:TrackPointExtension>
        </extensions>
      </trkpt>
      <trkpt lat="40.666959397494792938232421875" lon="-73.96823127754032611846923828125">
        <ele>37.59999847412109375</ele>
        <time>2026-03-15T13:02:28.000Z</time>
        <extensions>
          <ns3:TrackPointExtension>
            <ns3:hr>167</ns3:hr>
            <ns3:cad>82</ns3:cad>
          </ns3:TrackPointExtension>
        </extensions>
      </trkpt>
      <trkpt lat="40.66707548685371875762939453125" lon="-73.96841534413397312164306640625">
        <ele>38.40000152587890625</ele>
        <time>2026-03-15T13:02:37.000Z</time>
        <extensions>
          <ns3:TrackPointExtension>
            <ns3:hr>168</ns3:hr>
            <ns3:cad>83</ns3:cad>
          </ns3:TrackPointExtension>
        </extensions>
      </trkpt>
      <trkpt lat="40.6671959348022937774658203125" lon="-73.96859572269022464752197265625">
        <ele>39</ele>
        <time>2026-03-15T13:02:47.000Z</time>
        <extensions>
          <ns3:TrackPointExtension>
            <ns3:hr>168</ns3:hr>
            <ns3:cad>82</ns3:cad>
          </ns3:TrackPointExtension>
        </extensions>
      </trkpt>
      <trkpt lat="40.66735845990478992462158203125" lon="-73.96871633827686309814453125">
        <ele>39.59999847412109375</ele>
        <time>2026-03-15T13:02:57.000Z</time>
        <extensions>
          <ns3:TrackPointExtension>
            <ns3:hr>168</ns3:hr>
            <ns3:cad>82</ns3:cad>
          </ns3:TrackPointExtension>
        </extensions>
      </trkpt>
      <trkpt lat="40.66752727143466472625732421875" lon="-73.9687983132898807525634765625">
        <ele>40.40000152587890625</ele>
        <time>2026-03-15T13:03:06.000Z</time>
        <extensions>
          <ns3:TrackPointExtension>
            <ns3:hr>168</ns3:hr>
            <ns3:cad>81</ns3:cad>
          </ns3:TrackPointExtension>
        </extensions>
      </trkpt>
      <trkpt lat="40.667705722153186798095703125" lon="-73.968836031854152679443359375">
        <ele>41.200000762939453125</ele>
        <time>2026-03-15T13:03:16.000Z</time>
        <extensions>
          <ns3:TrackPointExtension>
            <ns3:hr>171</ns3:hr>
            <ns3:cad>79</ns3:cad>
          </ns3:TrackPointExtension>
        </extensions>
      </trkpt>
      <trkpt lat="40.667891465127468109130859375" lon="-73.968836702406406402587890625">
        <ele>42</ele>
        <time>2026-03-15T13:03:27.000Z</time>
        <extensions>
          <ns3:TrackPointExtension>
            <ns3:hr>170</ns3:hr>
            <ns3:cad>81</ns3:cad>
          </ns3:TrackPointExtension>
        </extensions>
      </trkpt>
      <trkpt lat="40.6680715084075927734375" lon="-73.96885002963244915008544921875">
        <ele>42.799999237060546875</ele>
        <time>2026-03-15T13:03:38.000Z</time>
        <extensions>
          <ns3:TrackPointExtension>
            <ns3:hr>166</ns3:hr>
            <ns3:cad>80</ns3:cad>
          </ns3:TrackPointExtension>
        </extensions>
      </trkpt>
      <trkpt lat="40.668255575001239776611328125" lon="-73.968906439840793609619140625">
        <ele>43.799999237060546875</ele>
        <time>2026-03-15T13:03:48.000Z</time>
        <extensions>
          <ns3:TrackPointExtension>
            <ns3:hr>166</ns3:hr>
            <ns3:cad>83</ns3:cad>
          </ns3:TrackPointExtension>
        </extensions>
      </trkpt>
      <trkpt lat="40.66831081174314022064208984375" lon="-73.9689287357032299041748046875">
        <ele>44.200000762939453125</ele>
        <time>2026-03-15T13:03:51.000Z</time>
        <extensions>
          <ns3:TrackPointExtension>
            <ns3:hr>172</ns3:hr>
            <ns3:cad>82</ns3:cad>
          </ns3:TrackPointExtension>
        </extensions>
      </trkpt>
      <trkpt lat="40.6684803776443004608154296875" lon="-73.96904700435698032379150390625">
        <ele>45.200000762939453125</ele>
        <time>2026-03-15T13:04:01.000Z</time>
        <extensions>
          <ns3:TrackPointExtension>
            <ns3:hr>175</ns3:hr>
            <ns3:cad>87</ns3:cad>
          </ns3:TrackPointExtension>
        </extensions>
      </trkpt>
      <trkpt lat="40.66859931685030460357666015625" lon="-73.96910525858402252197265625">
        <ele>45.59999847412109375</ele>
        <time>2026-03-15T13:04:07.000Z</time>
        <extensions>
          <ns3:TrackPointExtension>
            <ns3:hr>172</ns3:hr>
            <ns3:cad>82</ns3:cad>
          </ns3:TrackPointExtension>
        </extensions>
      </trkpt>
      <trkpt lat="40.66867492161691188812255859375" lon="-73.96914876066148281097412109375">
        <ele>45.799999237060546875</ele>
        <time>2026-03-15T13:04:11.000Z</time>
        <extensions>
          <ns3:TrackPointExtension>
            <ns3:hr>169</ns3:hr>
            <ns3:cad>84</ns3:cad>
          </ns3:TrackPointExtension>
        </extensions>
      </trkpt>
      <trkpt lat="40.6688545458018779754638671875" lon="-73.969203494489192962646484375">
        <ele>45.799999237060546875</ele>
        <time>2026-03-15T13:04:20.000Z</time>
        <extensions>
          <ns3:TrackPointExtension>
            <ns3:hr>171</ns3:hr>
            <ns3:cad>84</ns3:cad>
          </ns3:TrackPointExtension>
        </extensions>
      </trkpt>
      <trkpt lat="40.66903433762490749359130859375" lon="-73.9692110382020473480224609375">
        <ele>46</ele>
        <time>2026-03-15T13:04:31.000Z</time>
        <extensions>
          <ns3:TrackPointExtension>
            <ns3:hr>170</ns3:hr>
            <ns3:cad>82</ns3:cad>
          </ns3:TrackPointExtension>
        </extensions>
      </trkpt>
      <trkpt lat="40.66918068565428256988525390625" lon="-73.96915513090789318084716796875">
        <ele>46</ele>
        <time>2026-03-15T13:04:39.000Z</time>
        <extensions>
          <ns3:TrackPointExtension>
            <ns3:hr>173</ns3:hr>
            <ns3:cad>85</ns3:cad>
          </ns3:TrackPointExtension>
        </extensions>
      </trkpt>
      <trkpt lat="40.66936609335243701934814453125" lon="-73.9690791070461273193359375">
        <ele>46.59999847412109375</ele>
        <time>2026-03-15T13:04:48.000Z</time>
        <extensions>
          <ns3:TrackPointExtension>
            <ns3:hr>170</ns3:hr>
            <ns3:cad>84</ns3:cad>
          </ns3:TrackPointExtension>
        </extensions>
      </trkpt>
      <trkpt lat="40.66954429261386394500732421875" lon="-73.9689907617866992950439453125">
        <ele>47.200000762939453125</ele>
        <time>2026-03-15T13:04:57.000Z</time>
        <extensions>
          <ns3:TrackPointExtension>
            <ns3:hr>164</ns3:hr>
            <ns3:cad>85</ns3:cad>
          </ns3:TrackPointExtension>
        </extensions>
      </trkpt>
      <trkpt lat="40.6695626489818096160888671875" lon="-73.968984223902225494384765625">
        <ele>47.200000762939453125</ele>
        <time>2026-03-15T13:04:58.000Z</time>
        <extensions>
          <ns3:TrackPointExtension>
            <ns3:hr>164</ns3:hr>
            <ns3:cad>85</ns3:cad>
          </ns3:TrackPointExtension>
        </extensions>
      </trkpt>
      <trkpt lat="40.66961855627596378326416015625" lon="-73.96895664744079113006591796875">
        <ele>47.40000152587890625</ele>
        <time>2026-03-15T13:05:01.000Z</time>
        <extensions>
          <ns3:TrackPointExtension>
            <ns3:hr>168</ns3:hr>
            <ns3:cad>85</ns3:cad>
          </ns3:TrackPointExtension>
        </extensions>
      </trkpt>
      <trkpt lat="40.669707320630550384521484375" lon="-73.968894369900226593017578125">
        <ele>47.799999237060546875</ele>
        <time>2026-03-15T13:05:06.000Z</time>
        <extensions>
          <ns3:TrackPointExtension>
            <ns3:hr>165</ns3:hr>
            <ns3:cad>83</ns3:cad>
          </ns3:TrackPointExtension>
        </extensions>
      </trkpt>
      <trkpt lat="40.66987236030399799346923828125" lon="-73.968793451786041259765625">
        <ele>48.40000152587890625</ele>
        <time>2026-03-15T13:05:16.000Z</time>
        <extensions>
          <ns3:TrackPointExtension>
            <ns3:hr>167</ns3:hr>
            <ns3:cad>86</ns3:cad>
          </ns3:TrackPointExtension>
        </extensions>
      </trkpt>
      <trkpt lat="40.669961459934711456298828125" lon="-73.968734443187713623046875">
        <ele>49</ele>
        <time>2026-03-15T13:05:22.000Z</time>
        <extensions>
          <ns3:TrackPointExtension>
            <ns3:hr>170</ns3:hr>
            <ns3:cad>86</ns3:cad>
          </ns3:TrackPointExtension>
        </extensions>
      </trkpt>
      <trkpt lat="40.67015047185122966766357421875" lon="-73.9686732552945613861083984375">
        <ele>49.799999237060546875</ele>
        <time>2026-03-15T13:05:32.000Z</time>
        <extensions>
          <ns3:TrackPointExtension>
            <ns3:hr>169</ns3:hr>
            <ns3:cad>83</ns3:cad>
          </ns3:TrackPointExtension>
        </extensions>
      </trkpt>
      <trkpt lat="40.67032682709395885467529296875" lon="-73.9686263166368007659912109375">
        <ele>49.799999237060546875</ele>
        <time>2026-03-15T13:05:41.000Z</time>
        <extensions>
          <ns3:TrackPointExtension>
            <ns3:hr>171</ns3:hr>
            <ns3:cad>85</ns3:cad>
          </ns3:TrackPointExtension>
        </extensions>
      </trkpt>
      <trkpt lat="40.67041240632534027099609375" lon="-73.9686256460845470428466796875">
        <ele>49.59999847412109375</ele>
        <time>2026-03-15T13:05:45.000Z</time>
        <extensions>
          <ns3:TrackPointExtension>
            <ns3:hr>174</ns3:hr>
            <ns3:cad>85</ns3:cad>
          </ns3:TrackPointExtension>
        </extensions>
      </trkpt>
      <trkpt lat="40.67051290534436702728271484375" lon="-73.96864919923245906829833984375">
        <ele>49</ele>
        <time>2026-03-15T13:05:50.000Z</time>
        <extensions>
          <ns3:TrackPointExtension>
            <ns3:hr>171</ns3:hr>
            <ns3:cad>86</ns3:cad>
          </ns3:TrackPointExtension>
        </extensions>
      </trkpt>
      <trkpt lat="40.67065539769828319549560546875" lon="-73.96867610514163970947265625">
        <ele>48.799999237060546875</ele>
        <time>2026-03-15T13:05:57.000Z</time>
        <extensions>
          <ns3:TrackPointExtension>
            <ns3:hr>168</ns3:hr>
            <ns3:cad>86</ns3:cad>
          </ns3:TrackPointExtension>
        </extensions>
      </trkpt>
      <trkpt lat="40.670826137065887451171875" lon="-73.96878615953028202056884765625">
        <ele>48.40000152587890625</ele>
        <time>2026-03-15T13:06:06.000Z</time>
        <extensions>
          <ns3:TrackPointExtension>
            <ns3:hr>168</ns3:hr>
            <ns3:cad>84</ns3:cad>
          </ns3:TrackPointExtension>
        </extensions>
      </trkpt>
      <trkpt lat="40.67098103463649749755859375" lon="-73.968924544751644134521484375">
        <ele>47.59999847412109375</ele>
        <time>2026-03-15T13:06:15.000Z</time>
        <extensions>
          <ns3:TrackPointExtension>
            <ns3:hr>166</ns3:hr>
            <ns3:cad>84</ns3:cad>
          </ns3:TrackPointExtension>
        </extensions>
      </trkpt>
      <trkpt lat="40.67111690528690814971923828125" lon="-73.9691154845058917999267578125">
        <ele>46.40000152587890625</ele>
        <time>2026-03-15T13:06:24.000Z</time>
        <extensions>
          <ns3:TrackPointExtension>
            <ns3:hr>165</ns3:hr>
            <ns3:cad>83</ns3:cad>
          </ns3:TrackPointExtension>
        </extensions>
      </trkpt>
      <trkpt lat="40.6711934320628643035888671875" lon="-73.96923475898802280426025390625">
        <ele>46</ele>
        <time>2026-03-15T13:06:29.000Z</time>
        <extensions>
          <ns3:TrackPointExtension>
            <ns3:hr>168</ns3:hr>
            <ns3:cad>85</ns3:cad>
          </ns3:TrackPointExtension>
        </extensions>
      </trkpt>
      <trkpt lat="40.67127741873264312744140625" lon="-73.9693870581686496734619140625">
        <ele>45.799999237060546875</ele>
        <time>2026-03-15T13:06:35.000Z</time>
        <extensions>
          <ns3:TrackPointExtension>
            <ns3:hr>171</ns3:hr>
            <ns3:cad>84</ns3:cad>
          </ns3:TrackPointExtension>
        </extensions>
      </trkpt>
      <trkpt lat="40.671384371817111968994140625" lon="-73.96951119415462017059326171875">
        <ele>46</ele>
        <time>2026-03-15T13:06:41.000Z</time>
        <extensions>
          <ns3:TrackPointExtension>
            <ns3:hr>174</ns3:hr>
            <ns3:cad>88</ns3:cad>
          </ns3:TrackPointExtension>
        </extensions>
      </trkpt>
      <trkpt lat="40.67139266990125179290771484375" lon="-73.9695204980671405792236328125">
        <ele>46</ele>
        <time>2026-03-15T13:06:42.000Z</time>
        <extensions>
          <ns3:TrackPointExtension>
            <ns3:hr>176</ns3:hr>
            <ns3:cad>89</ns3:cad>
          </ns3:TrackPointExtension>
        </extensions>
      </trkpt>
      <trkpt lat="40.6713986210525035858154296875" lon="-73.96953575313091278076171875">
        <ele>46</ele>
        <time>2026-03-15T13:06:44.000Z</time>
        <extensions>
          <ns3:TrackPointExtension>
            <ns3:hr>179</ns3:hr>
            <ns3:cad>90</ns3:cad>
          </ns3:TrackPointExtension>
        </extensions>
      </trkpt>
      <trkpt lat="40.6714127026498317718505859375" lon="-73.9695449732244014739990234375">
        <ele>46.200000762939453125</ele>
        <time>2026-03-15T13:06:45.000Z</time>
        <extensions>
          <ns3:TrackPointExtension>
            <ns3:hr>179</ns3:hr>
            <ns3:cad>90</ns3:cad>
          </ns3:TrackPointExtension>
        </extensions>
      </trkpt>
      <trkpt lat="40.6714489124715328216552734375" lon="-73.9695624075829982757568359375">
        <ele>46.40000152587890625</ele>
        <time>2026-03-15T13:06:47.000Z</time>
        <extensions>
          <ns3:TrackPointExtension>
            <ns3:hr>176</ns3:hr>
            <ns3:cad>87</ns3:cad>
          </ns3:TrackPointExtension>
        </extensions>
      </trkpt>
      <trkpt lat="40.67163222469389438629150390625" lon="-73.96961378864943981170654296875">
        <ele>46</ele>
        <time>2026-03-15T13:06:55.000Z</time>
        <extensions>
          <ns3:TrackPointExtension>
            <ns3:hr>176</ns3:hr>
            <ns3:cad>85</ns3:cad>
          </ns3:TrackPointExtension>
        </extensions>
      </trkpt>
      <trkpt lat="40.671732388436794281005859375" lon="-73.96963273175060749053955078125">
        <ele>45.200000762939453125</ele>
        <time>2026-03-15T13:07:00.000Z</time>
        <extensions>
          <ns3:TrackPointExtension>
            <ns3:hr>171</ns3:hr>
            <ns3:cad>85</ns3:cad>
          </ns3:TrackPointExtension>
        </extensions>
      </trkpt>
      <trkpt lat="40.67175342701375484466552734375" lon="-73.9696358330547809600830078125">
        <ele>45</ele>
        <time>2026-03-15T13:07:01.000Z</time>
        <extensions>
          <ns3:TrackPointExtension>
            <ns3:hr>171</ns3:hr>
            <ns3:cad>85</ns3:cad>
          </ns3:TrackPointExtension>
        </extensions>
      </trkpt>
      <trkpt lat="40.67192693240940570831298828125" lon="-73.96965368650853633880615234375">
        <ele>45</ele>
        <time>2026-03-15T13:07:09.000Z</time>
        <extensions>
          <ns3:TrackPointExtension>
            <ns3:hr>174</ns3:hr>
            <ns3:cad>85</ns3:cad>
          </ns3:TrackPointExtension>
        </extensions>
      </trkpt>
      <trkpt lat="40.67198711447417736053466796875" lon="-73.96965779364109039306640625">
        <ele>45</ele>
        <time>2026-03-15T13:07:12.000Z</time>
        <extensions>
          <ns3:TrackPointExtension>
            <ns3:hr>171</ns3:hr>
            <ns3:cad>84</ns3:cad>
          </ns3:TrackPointExtension>
        </extensions>
      </trkpt>
      <trkpt lat="40.67218266427516937255859375" lon="-73.969709090888500213623046875">
        <ele>44.40000152587890625</ele>
        <time>2026-03-15T13:07:22.000Z</time>
        <extensions>
          <ns3:TrackPointExtension>
            <ns3:hr>171</ns3:hr>
            <ns3:cad>81</ns3:cad>
          </ns3:TrackPointExtension>
        </extensions>
      </trkpt>
      <trkpt lat="40.6722991727292537689208984375" lon="-73.96973834373056888580322265625">
        <ele>44</ele>
        <time>2026-03-15T13:07:28.000Z</time>
        <extensions>
          <ns3:TrackPointExtension>
            <ns3:hr>168</ns3:hr>
            <ns3:cad>81</ns3:cad>
          </ns3:TrackPointExtension>
        </extensions>
      </trkpt>
      <trkpt lat="40.67235432565212249755859375" lon="-73.969752676784992218017578125">
        <ele>44</ele>
        <time>2026-03-15T13:07:31.000Z</time>
        <extensions>
          <ns3:TrackPointExtension>
            <ns3:hr>171</ns3:hr>
            <ns3:cad>79</ns3:cad>
          </ns3:TrackPointExtension>
        </extensions>
      </trkpt>
      <trkpt lat="40.67254417575895786285400390625" lon="-73.9697226695716381072998046875">
        <ele>44</ele>
        <time>2026-03-15T13:07:42.000Z</time>
        <extensions>
          <ns3:TrackPointExtension>
            <ns3:hr>169</ns3:hr>
            <ns3:cad>83</ns3:cad>
          </ns3:TrackPointExtension>
        </extensions>
      </trkpt>
      <trkpt lat="40.67274056375026702880859375" lon="-73.96966994740068912506103515625">
        <ele>43.40000152587890625</ele>
        <time>2026-03-15T13:07:51.000Z</time>
        <extensions>
          <ns3:TrackPointExtension>
            <ns3:hr>168</ns3:hr>
            <ns3:cad>84</ns3:cad>
          </ns3:TrackPointExtension>
        </extensions>
      </trkpt>
      <trkpt lat="40.6728030927479267120361328125" lon="-73.96964496932923793792724609375">
        <ele>43.200000762939453125</ele>
        <time>2026-03-15T13:07:54.000Z</time>
        <extensions>
          <ns3:TrackPointExtension>
            <ns3:hr>171</ns3:hr>
            <ns3:cad>81</ns3:cad>
          </ns3:TrackPointExtension>
        </extensions>
      </trkpt>
      <trkpt lat="40.67284542135894298553466796875" lon="-73.9696370065212249755859375">
        <ele>43.200000762939453125</ele>
        <time>2026-03-15T13:07:56.000Z</time>
        <extensions>
          <ns3:TrackPointExtension>
            <ns3:hr>174</ns3:hr>
            <ns3:cad>81</ns3:cad>
          </ns3:TrackPointExtension>
        </extensions>
      </trkpt>
      <trkpt lat="40.6729100458323955535888671875" lon="-73.96963088773190975189208984375">
        <ele>42.799999237060546875</ele>
        <time>2026-03-15T13:07:59.000Z</time>
        <extensions>
          <ns3:TrackPointExtension>
            <ns3:hr>177</ns3:hr>
            <ns3:cad>82</ns3:cad>
          </ns3:TrackPointExtension>
        </extensions>
      </trkpt>
      <trkpt lat="40.67310593090951442718505859375" lon="-73.9696190692484378814697265625">
        <ele>42.59999847412109375</ele>
        <time>2026-03-15T13:08:08.000Z</time>
        <extensions>
          <ns3:TrackPointExtension>
            <ns3:hr>175</ns3:hr>
            <ns3:cad>84</ns3:cad>
          </ns3:TrackPointExtension>
        </extensions>
      </trkpt>
      <trkpt lat="40.673125796020030975341796875" lon="-73.96959635429084300994873046875">
        <ele>42.59999847412109375</ele>
        <time>2026-03-15T13:08:16.000Z</time>
        <extensions>
          <ns3:TrackPointExtension>
            <ns3:hr>170</ns3:hr>
            <ns3:cad>0</ns3:cad>
          </ns3:TrackPointExtension>
        </extensions>
      </trkpt>
      <trkpt lat="40.67312722094357013702392578125" lon="-73.9695935882627964019775390625">
        <ele>42.59999847412109375</ele>
        <time>2026-03-15T13:08:17.000Z</time>
        <extensions>
          <ns3:TrackPointExtension>
            <ns3:hr>164</ns3:hr>
            <ns3:cad>0</ns3:cad>
          </ns3:TrackPointExtension>
        </extensions>
      </trkpt>
      <trkpt lat="40.67313157953321933746337890625" lon="-73.9695912413299083709716796875">
        <ele>42.59999847412109375</ele>
        <time>2026-03-15T13:08:18.000Z</time>
        <extensions>
          <ns3:TrackPointExtension>
            <ns3:hr>161</ns3:hr>
            <ns3:cad>0</ns3:cad>
          </ns3:TrackPointExtension>
        </extensions>
      </trkpt>
      <trkpt lat="40.67313509993255138397216796875" lon="-73.96958763711154460906982421875">
        <ele>42.59999847412109375</ele>
        <time>2026-03-15T13:08:19.000Z</time>
        <extensions>
          <ns3:TrackPointExtension>
            <ns3:hr>157</ns3:hr>
            <ns3:cad>0</ns3:cad>
          </ns3:TrackPointExtension>
        </extensions>
      </trkpt>
      <trkpt lat="40.6731393747031688690185546875" lon="-73.96958671510219573974609375">
        <ele>42.59999847412109375</ele>
        <time>2026-03-15T13:08:20.000Z</time>
        <extensions>
          <ns3:TrackPointExtension>
            <ns3:hr>157</ns3:hr>
            <ns3:cad>0</ns3:cad>
          </ns3:TrackPointExtension>
        </extensions>
      </trkpt>
      <trkpt lat="40.67329921759665012359619140625" lon="-73.96957992576062679290771484375">
        <ele>42.40000152587890625</ele>
        <time>2026-03-15T13:08:29.000Z</time>
        <extensions>
          <ns3:TrackPointExtension>
            <ns3:hr>160</ns3:hr>
            <ns3:cad>85</ns3:cad>
          </ns3:TrackPointExtension>
        </extensions>
      </trkpt>
      <trkpt lat="40.6734238564968109130859375" lon="-73.96959065459668636322021484375">
        <ele>42</ele>
        <time>2026-03-15T13:08:36.000Z</time>
        <extensions>
          <ns3:TrackPointExtension>
            <ns3:hr>163</ns3:hr>
            <ns3:cad>83</ns3:cad>
          </ns3:TrackPointExtension>
        </extensions>
      </trkpt>
      <trkpt lat="40.6736211664974689483642578125" lon="-73.96959400735795497894287109375">
        <ele>41.799999237060546875</ele>
        <time>2026-03-15T13:08:46.000Z</time>
        <extensions>
          <ns3:TrackPointExtension>
            <ns3:hr>164</ns3:hr>
            <ns3:cad>81</ns3:cad>
          </ns3:TrackPointExtension>
        </extensions>
      </trkpt>
      <trkpt lat="40.67382208071649074554443359375" lon="-73.96960205398499965667724609375">
        <ele>41</ele>
        <time>2026-03-15T13:08:55.000Z</time>
        <extensions>
          <ns3:TrackPointExtension>
            <ns3:hr>164</ns3:hr>
            <ns3:cad>84</ns3:cad>
          </ns3:TrackPointExtension>
        </extensions>
      </trkpt>
      <trkpt lat="40.673966668546199798583984375" lon="-73.9696086756885051727294921875">
        <ele>41</ele>
        <time>2026-03-15T13:09:02.000Z</time>
        <extensions>
          <ns3:TrackPointExtension>
            <ns3:hr>168</ns3:hr>
            <ns3:cad>83</ns3:cad>
          </ns3:TrackPointExtension>
        </extensions>
      </trkpt>
      <trkpt lat="40.6741099990904331207275390625" lon="-73.969644717872142791748046875">
        <ele>40.40000152587890625</ele>
        <time>2026-03-15T13:09:08.000Z</time>
        <extensions>
          <ns3:TrackPointExtension>
            <ns3:hr>165</ns3:hr>
            <ns3:cad>83</ns3:cad>
          </ns3:TrackPointExtension>
        </extensions>
      </trkpt>
      <trkpt lat="40.67429029382765293121337890625" lon="-73.9697313867509365081787109375">
        <ele>39</ele>
        <time>2026-03-15T13:09:16.000Z</time>
        <extensions>
          <ns3:TrackPointExtension>
            <ns3:hr>164</ns3:hr>
            <ns3:cad>83</ns3:cad>
          </ns3:TrackPointExtension>
        </extensions>
      </trkpt>
      <trkpt lat="40.67437964491546154022216796875" lon="-73.96979383192956447601318359375">
        <ele>39.40000152587890625</ele>
        <time>2026-03-15T13:09:20.000Z</time>
        <extensions>
          <ns3:TrackPointExtension>
            <ns3:hr>167</ns3:hr>
            <ns3:cad>84</ns3:cad>
          </ns3:TrackPointExtension>
        </extensions>
      </trkpt>
      <trkpt lat="40.6745289266109466552734375" lon="-73.96992777474224567413330078125">
        <ele>39</ele>
        <time>2026-03-15T13:09:28.000Z</time>
        <extensions>
          <ns3:TrackPointExtension>
            <ns3:hr>166</ns3:hr>
            <ns3:cad>84</ns3:cad>
          </ns3:TrackPointExtension>
        </extensions>
      </trkpt>
      <trkpt lat="40.67463730461895465850830078125" lon="-73.97014201618731021881103515625">
        <ele>39.40000152587890625</ele>
        <time>2026-03-15T13:09:37.000Z</time>
        <extensions>
          <ns3:TrackPointExtension>
            <ns3:hr>166</ns3:hr>
            <ns3:cad>85</ns3:cad>
          </ns3:TrackPointExtension>
        </extensions>
      </trkpt>
      <trkpt lat="40.6747037731111049652099609375" lon="-73.97029104642570018768310546875">
        <ele>40.200000762939453125</ele>
        <time>2026-03-15T13:09:43.000Z</time>
        <extensions>
          <ns3:TrackPointExtension>
            <ns3:hr>163</ns3:hr>
            <ns3:cad>85</ns3:cad>
          </ns3:TrackPointExtension>
        </extensions>
      </trkpt>
      <trkpt lat="40.6747730076313018798828125" lon="-73.9704582653939723968505859375">
        <ele>39.59999847412109375</ele>
        <time>2026-03-15T13:09:50.000Z</time>
        <extensions>
          <ns3:TrackPointExtension>
            <ns3:hr>167</ns3:hr>
            <ns3:cad>84</ns3:cad>
          </ns3:TrackPointExtension>
        </extensions>
      </trkpt>
      <trkpt lat="40.67489027045667171478271484375" lon="-73.97066655568778514862060546875">
        <ele>39.200000762939453125</ele>
        <time>2026-03-15T13:09:59.000Z</time>
        <extensions>
          <ns3:TrackPointExtension>
            <ns3:hr>166</ns3:hr>
            <ns3:cad>85</ns3:cad>
          </ns3:TrackPointExtension>
        </extensions>
      </trkpt>
      <trkpt lat="40.6750524602830410003662109375" lon="-73.97082614712417125701904296875">
        <ele>39</ele>
        <time>2026-03-15T13:10:08.000Z</time>
        <extensions>
          <ns3:TrackPointExtension>
            <ns3:hr>165</ns3:hr>
            <ns3:cad>83</ns3:cad>
          </ns3:TrackPointExtension>
        </extensions>
      </trkpt>
      <trkpt lat="40.675207190215587615966796875" lon="-73.97095598280429840087890625">
        <ele>38.200000762939453125</ele>
        <time>2026-03-15T13:10:16.000Z</time>
        <extensions>
          <ns3:TrackPointExtension>
            <ns3:hr>163</ns3:hr>
            <ns3:cad>82</ns3:cad>
          </ns3:TrackPointExtension>
        </extensions>
      </trkpt>
      <trkpt lat="40.67537038587033748626708984375" lon="-73.971086405217647552490234375">
        <ele>37</ele>
        <time>2026-03-15T13:10:24.000Z</time>
        <extensions>
          <ns3:TrackPointExtension>
            <ns3:hr>165</ns3:hr>
            <ns3:cad>84</ns3:cad>
          </ns3:TrackPointExtension>
        </extensions>
      </trkpt>
      <trkpt lat="40.67549862898886203765869140625" lon="-73.971190340816974639892578125">
        <ele>36.200000762939453125</ele>
        <time>2026-03-15T13:10:30.000Z</time>
        <extensions>
          <ns3:TrackPointExtension>
            <ns3:hr>168</ns3:hr>
            <ns3:cad>83</ns3:cad>
          </ns3:TrackPointExtension>
        </extensions>
      </trkpt>
      <trkpt lat="40.67564095370471477508544921875" lon="-73.97138203494250774383544921875">
        <ele>35</ele>
        <time>2026-03-15T13:10:38.000Z</time>
        <extensions>
          <ns3:TrackPointExtension>
            <ns3:hr>169</ns3:hr>
            <ns3:cad>84</ns3:cad>
          </ns3:TrackPointExtension>
        </extensions>
      </trkpt>
      <trkpt lat="40.6758121959865093231201171875" lon="-73.97149250842630863189697265625">
        <ele>34.59999847412109375</ele>
        <time>2026-03-15T13:10:47.000Z</time>
        <extensions>
          <ns3:TrackPointExtension>
            <ns3:hr>170</ns3:hr>
            <ns3:cad>86</ns3:cad>
          </ns3:TrackPointExtension>
        </extensions>
      </trkpt>
      <trkpt lat="40.6759530119597911834716796875" lon="-73.9715950191020965576171875">
        <ele>34.200000762939453125</ele>
        <time>2026-03-15T13:10:54.000Z</time>
        <extensions>
          <ns3:TrackPointExtension>
            <ns3:hr>166</ns3:hr>
            <ns3:cad>84</ns3:cad>
          </ns3:TrackPointExtension>
        </extensions>
      </trkpt>
      <trkpt lat="40.67611386068165302276611328125" lon="-73.9717259444296360015869140625">
        <ele>33</ele>
        <time>2026-03-15T13:11:03.000Z</time>
        <extensions>
          <ns3:TrackPointExtension>
            <ns3:hr>165</ns3:hr>
            <ns3:cad>83</ns3:cad>
          </ns3:TrackPointExtension>
        </extensions>
      </trkpt>
      <trkpt lat="40.67623321898281574249267578125" lon="-73.97184823639690876007080078125">
        <ele>33</ele>
        <time>2026-03-15T13:11:10.000Z</time>
        <extensions>
          <ns3:TrackPointExtension>
            <ns3:hr>168</ns3:hr>
            <ns3:cad>84</ns3:cad>
          </ns3:TrackPointExtension>
        </extensions>
      </trkpt>
      <trkpt lat="40.676410831511020660400390625" lon="-73.9719197340309619903564453125">
        <ele>32.40000152587890625</ele>
        <time>2026-03-15T13:11:19.000Z</time>
        <extensions>
          <ns3:TrackPointExtension>
            <ns3:hr>170</ns3:hr>
            <ns3:cad>83</ns3:cad>
          </ns3:TrackPointExtension>
        </extensions>
      </trkpt>
      <trkpt lat="40.6765373982489109039306640625" lon="-73.9719831012189388275146484375">
        <ele>32</ele>
        <time>2026-03-15T13:11:25.000Z</time>
        <extensions>
          <ns3:TrackPointExtension>
            <ns3:hr>167</ns3:hr>
            <ns3:cad>84</ns3:cad>
          </ns3:TrackPointExtension>
        </extensions>
      </trkpt>
      <trkpt lat="40.67671014927327632904052734375" lon="-73.97211494855582714080810546875">
        <ele>31.6000003814697265625</ele>
        <time>2026-03-15T13:11:34.000Z</time>
        <extensions>
          <ns3:TrackPointExtension>
            <ns3:hr>169</ns3:hr>
            <ns3:cad>84</ns3:cad>
          </ns3:TrackPointExtension>
        </extensions>
      </trkpt>
      <trkpt lat="40.67684166133403778076171875" lon="-73.9722067303955554962158203125">
        <ele>31</ele>
        <time>2026-03-15T13:11:41.000Z</time>
        <extensions>
          <ns3:TrackPointExtension>
            <ns3:hr>166</ns3:hr>
            <ns3:cad>84</ns3:cad>
          </ns3:TrackPointExtension>
        </extensions>
      </trkpt>
      <trkpt lat="40.67701625637710094451904296875" lon="-73.97230689413845539093017578125">
        <ele>30.799999237060546875</ele>
        <time>2026-03-15T13:11:50.000Z</time>
        <extensions>
          <ns3:TrackPointExtension>
            <ns3:hr>166</ns3:hr>
            <ns3:cad>84</ns3:cad>
          </ns3:TrackPointExtension>
        </extensions>
      </trkpt>
      <trkpt lat="40.67718087695538997650146484375" lon="-73.9724105782806873321533203125">
        <ele>30</ele>
        <time>2026-03-15T13:11:59.000Z</time>
        <extensions>
          <ns3:TrackPointExtension>
            <ns3:hr>169</ns3:hr>
            <ns3:cad>85</ns3:cad>
          </ns3:TrackPointExtension>
        </extensions>
      </trkpt>
      <trkpt lat="40.6773184239864349365234375" lon="-73.97253052331507205963134765625">
        <ele>29.799999237060546875</ele>
        <time>2026-03-15T13:12:07.000Z</time>
        <extensions>
          <ns3:TrackPointExtension>
            <ns3:hr>166</ns3:hr>
            <ns3:cad>84</ns3:cad>
          </ns3:TrackPointExtension>
        </extensions>
      </trkpt>
      <trkpt lat="40.677428729832172393798828125" lon="-73.97263227961957454681396484375">
        <ele>29</ele>
        <time>2026-03-15T13:12:13.000Z</time>
        <extensions>
          <ns3:TrackPointExtension>
            <ns3:hr>170</ns3:hr>
            <ns3:cad>84</ns3:cad>
          </ns3:TrackPointExtension>
        </extensions>
      </trkpt>
      <trkpt lat="40.67744784057140350341796875" lon="-73.9726459421217441558837890625">
        <ele>29</ele>
        <time>2026-03-15T13:12:14.000Z</time>
        <extensions>
          <ns3:TrackPointExtension>
            <ns3:hr>170</ns3:hr>
            <ns3:cad>84</ns3:cad>
          </ns3:TrackPointExtension>
        </extensions>
      </trkpt>
      <trkpt lat="40.67760533653199672698974609375" lon="-73.9727322757244110107421875">
        <ele>29</ele>
        <time>2026-03-15T13:12:22.000Z</time>
        <extensions>
          <ns3:TrackPointExtension>
            <ns3:hr>173</ns3:hr>
            <ns3:cad>83</ns3:cad>
          </ns3:TrackPointExtension>
        </extensions>
      </trkpt>
      <trkpt lat="40.67777716554701328277587890625" lon="-73.97283679805696010589599609375">
        <ele>28</ele>
        <time>2026-03-15T13:12:31.000Z</time>
        <extensions>
          <ns3:TrackPointExtension>
            <ns3:hr>173</ns3:hr>
            <ns3:cad>81</ns3:cad>
          </ns3:TrackPointExtension>
        </extensions>
      </trkpt>
      <trkpt lat="40.67794413305819034576416015625" lon="-73.9729812182486057281494140625">
        <ele>27.799999237060546875</ele>
        <time>2026-03-15T13:12:40.000Z</time>
        <extensions>
          <ns3:TrackPointExtension>
            <ns3:hr>171</ns3:hr>
            <ns3:cad>82</ns3:cad>
          </ns3:TrackPointExtension>
        </extensions>
      </trkpt>
      <trkpt lat="40.67810791544616222381591796875" lon="-73.97308942861855030059814453125">
        <ele>27</ele>
        <time>2026-03-15T13:12:49.000Z</time>
        <extensions>
          <ns3:TrackPointExtension>
            <ns3:hr>171</ns3:hr>
            <ns3:cad>81</ns3:cad>
          </ns3:TrackPointExtension>
        </extensions>
      </trkpt>
      <trkpt lat="40.67825652658939361572265625" lon="-73.97325689904391765594482421875">
        <ele>26</ele>
        <time>2026-03-15T13:12:57.000Z</time>
        <extensions>
          <ns3:TrackPointExtension>
            <ns3:hr>169</ns3:hr>
            <ns3:cad>84</ns3:cad>
          </ns3:TrackPointExtension>
        </extensions>
      </trkpt>
      <trkpt lat="40.67836725153028964996337890625" lon="-73.9735116250813007354736328125">
        <ele>25.6000003814697265625</ele>
        <time>2026-03-15T13:13:05.000Z</time>
        <extensions>
          <ns3:TrackPointExtension>
            <ns3:hr>169</ns3:hr>
            <ns3:cad>83</ns3:cad>
          </ns3:TrackPointExtension>
        </extensions>
      </trkpt>
      <trkpt lat="40.678539164364337921142578125" lon="-73.97361044771969318389892578125">
        <ele>25</ele>
        <time>2026-03-15T13:13:13.000Z</time>
        <extensions>
          <ns3:TrackPointExtension>
            <ns3:hr>171</ns3:hr>
            <ns3:cad>85</ns3:cad>
          </ns3:TrackPointExtension>
        </extensions>
      </trkpt>
      <trkpt lat="40.67873722873628139495849609375" lon="-73.973691500723361968994140625">
        <ele>24.6000003814697265625</ele>
        <time>2026-03-15T13:13:22.000Z</time>
        <extensions>
          <ns3:TrackPointExtension>
            <ns3:hr>169</ns3:hr>
            <ns3:cad>83</ns3:cad>
          </ns3:TrackPointExtension>
        </extensions>
      </trkpt>
      <trkpt lat="40.6789170205593109130859375" lon="-73.973771631717681884765625">
        <ele>23.6000003814697265625</ele>
        <time>2026-03-15T13:13:30.000Z</time>
        <extensions>
          <ns3:TrackPointExtension>
            <ns3:hr>169</ns3:hr>
            <ns3:cad>83</ns3:cad>
          </ns3:TrackPointExtension>
        </extensions>
      </trkpt>
      <trkpt lat="40.67904316820204257965087890625" lon="-73.97383935749530792236328125">
        <ele>23</ele>
        <time>2026-03-15T13:13:36.000Z</time>
        <extensions>
          <ns3:TrackPointExtension>
            <ns3:hr>172</ns3:hr>
            <ns3:cad>85</ns3:cad>
          </ns3:TrackPointExtension>
        </extensions>
      </trkpt>
      <trkpt lat="40.67922354675829410552978515625" lon="-73.97395729087293148040771484375">
        <ele>22.799999237060546875</ele>
        <time>2026-03-15T13:13:45.000Z</time>
        <extensions>
          <ns3:TrackPointExtension>
            <ns3:hr>172</ns3:hr>
            <ns3:cad>85</ns3:cad>
          </ns3:TrackPointExtension>
        </extensions>
      </trkpt>
      <trkpt lat="40.67940677516162395477294921875" lon="-73.9740567840635776519775390625">
        <ele>21.799999237060546875</ele>
        <time>2026-03-15T13:13:54.000Z</time>
        <extensions>
          <ns3:TrackPointExtension>
            <ns3:hr>172</ns3:hr>
            <ns3:cad>84</ns3:cad>
          </ns3:TrackPointExtension>
        </extensions>
      </trkpt>
      <trkpt lat="40.67947885952889919281005859375" lon="-73.9742043055593967437744140625">
        <ele>21.200000762939453125</ele>
        <time>2026-03-15T13:13:59.000Z</time>
        <extensions>
          <ns3:TrackPointExtension>
            <ns3:hr>169</ns3:hr>
            <ns3:cad>84</ns3:cad>
          </ns3:TrackPointExtension>
        </extensions>
      </trkpt>
      <trkpt lat="40.67956619895994663238525390625" lon="-73.97425300441682338714599609375">
        <ele>21</ele>
        <time>2026-03-15T13:14:03.000Z</time>
        <extensions>
          <ns3:TrackPointExtension>
            <ns3:hr>172</ns3:hr>
            <ns3:cad>84</ns3:cad>
          </ns3:TrackPointExtension>
        </extensions>
      </trkpt>
      <trkpt lat="40.67974054254591464996337890625" lon="-73.97435090504586696624755859375">
        <ele>20.6000003814697265625</ele>
        <time>2026-03-15T13:14:11.000Z</time>
        <extensions>
          <ns3:TrackPointExtension>
            <ns3:hr>174</ns3:hr>
            <ns3:cad>86</ns3:cad>
          </ns3:TrackPointExtension>
        </extensions>
      </trkpt>
      <trkpt lat="40.67979234270751476287841796875" lon="-73.97440119646489620208740234375">
        <ele>20.200000762939453125</ele>
        <time>2026-03-15T13:14:14.000Z</time>
        <extensions>
          <ns3:TrackPointExtension>
            <ns3:hr>177</ns3:hr>
            <ns3:cad>83</ns3:cad>
          </ns3:TrackPointExtension>
        </extensions>
      </trkpt>
      <trkpt lat="40.6799541972577571868896484375" lon="-73.97451250813901424407958984375">
        <ele>20</ele>
        <time>2026-03-15T13:14:22.000Z</time>
        <extensions>
          <ns3:TrackPointExtension>
            <ns3:hr>177</ns3:hr>
            <ns3:cad>84</ns3:cad>
          </ns3:TrackPointExtension>
        </extensions>
      </trkpt>
      <trkpt lat="40.68012912757694721221923828125" lon="-73.97463186644017696380615234375">
        <ele>19.799999237060546875</ele>
        <time>2026-03-15T13:14:30.000Z</time>
        <extensions>
          <ns3:TrackPointExtension>
            <ns3:hr>176</ns3:hr>
            <ns3:cad>85</ns3:cad>
          </ns3:TrackPointExtension>
        </extensions>
      </trkpt>
      <trkpt lat="40.68021680228412151336669921875" lon="-73.9746793918311595916748046875">
        <ele>19.6000003814697265625</ele>
        <time>2026-03-15T13:14:34.000Z</time>
        <extensions>
          <ns3:TrackPointExtension>
            <ns3:hr>173</ns3:hr>
            <ns3:cad>83</ns3:cad>
          </ns3:TrackPointExtension>
        </extensions>
      </trkpt>
      <trkpt lat="40.68031336180865764617919921875" lon="-73.9747571758925914764404296875">
        <ele>19</ele>
        <time>2026-03-15T13:14:39.000Z</time>
        <extensions>
          <ns3:TrackPointExtension>
            <ns3:hr>167</ns3:hr>
            <ns3:cad>83</ns3:cad>
          </ns3:TrackPointExtension>
        </extensions>
      </trkpt>
      <trkpt lat="40.68032274954020977020263671875" lon="-73.97479849867522716522216796875">
        <ele>19</ele>
        <time>2026-03-15T13:14:40.000Z</time>
        <extensions>
          <ns3:TrackPointExtension>
            <ns3:hr>168</ns3:hr>
            <ns3:cad>83</ns3:cad>
          </ns3:TrackPointExtension>
        </extensions>
      </trkpt>
      <trkpt lat="40.68044780753552913665771484375" lon="-73.97488332353532314300537109375">
        <ele>19</ele>
        <time>2026-03-15T13:14:47.000Z</time>
        <extensions>
          <ns3:TrackPointExtension>
            <ns3:hr>171</ns3:hr>
            <ns3:cad>82</ns3:cad>
          </ns3:TrackPointExtension>
        </extensions>
      </trkpt>
      <trkpt lat="40.68062634207308292388916015625" lon="-73.97497032769024372100830078125">
        <ele>18.200000762939453125</ele>
        <time>2026-03-15T13:14:56.000Z</time>
        <extensions>
          <ns3:TrackPointExtension>
            <ns3:hr>169</ns3:hr>
            <ns3:cad>80</ns3:cad>
          </ns3:TrackPointExtension>
        </extensions>
      </trkpt>
      <trkpt lat="40.68080127239227294921875" lon="-73.97506755776703357696533203125">
        <ele>18</ele>
        <time>2026-03-15T13:15:04.000Z</time>
        <extensions>
          <ns3:TrackPointExtension>
            <ns3:hr>167</ns3:hr>
            <ns3:cad>82</ns3:cad>
          </ns3:TrackPointExtension>
        </extensions>
      </trkpt>
      <trkpt lat="40.6809744425117969512939453125" lon="-73.9751916937530040740966796875">
        <ele>17.799999237060546875</ele>
        <time>2026-03-15T13:15:12.000Z</time>
        <extensions>
          <ns3:TrackPointExtension>
            <ns3:hr>170</ns3:hr>
            <ns3:cad>82</ns3:cad>
          </ns3:TrackPointExtension>
        </extensions>
      </trkpt>
      <trkpt lat="40.68114568479359149932861328125" lon="-73.97531348280608654022216796875">
        <ele>17</ele>
        <time>2026-03-15T13:15:20.000Z</time>
        <extensions>
          <ns3:TrackPointExtension>
            <ns3:hr>170</ns3:hr>
            <ns3:cad>81</ns3:cad>
          </ns3:TrackPointExtension>
        </extensions>
      </trkpt>
      <trkpt lat="40.6812074594199657440185546875" lon="-73.9753439091145992279052734375">
        <ele>17</ele>
        <time>2026-03-15T13:15:23.000Z</time>
        <extensions>
          <ns3:TrackPointExtension>
            <ns3:hr>173</ns3:hr>
            <ns3:cad>81</ns3:cad>
          </ns3:TrackPointExtension>
        </extensions>
      </trkpt>
      <trkpt lat="40.68137803114950656890869140625" lon="-73.97545765154063701629638671875">
        <ele>16.3999996185302734375</ele>
        <time>2026-03-15T13:15:32.000Z</time>
        <extensions>
          <ns3:TrackPointExtension>
            <ns3:hr>174</ns3:hr>
            <ns3:cad>84</ns3:cad>
          </ns3:TrackPointExtension>
        </extensions>
      </trkpt>
      <trkpt lat="40.68154625594615936279296875" lon="-73.97556628100574016571044921875">
        <ele>16</ele>
        <time>2026-03-15T13:15:41.000Z</time>
        <extensions>
          <ns3:TrackPointExtension>
            <ns3:hr>175</ns3:hr>
            <ns3:cad>84</ns3:cad>
          </ns3:TrackPointExtension>
        </extensions>
      </trkpt>
      <trkpt lat="40.6817311607301235198974609375" lon="-73.975670635700225830078125">
        <ele>15.6000003814697265625</ele>
        <time>2026-03-15T13:15:50.000Z</time>
        <extensions>
          <ns3:TrackPointExtension>
            <ns3:hr>176</ns3:hr>
            <ns3:cad>84</ns3:cad>
          </ns3:TrackPointExtension>
        </extensions>
      </trkpt>
      <trkpt lat="40.6819103658199310302734375" lon="-73.9757680334150791168212890625">
        <ele>15</ele>
        <time>2026-03-15T13:15:59.000Z</time>
        <extensions>
          <ns3:TrackPointExtension>
            <ns3:hr>174</ns3:hr>
            <ns3:cad>85</ns3:cad>
          </ns3:TrackPointExtension>
        </extensions>
      </trkpt>
      <trkpt lat="40.6820578873157501220703125" lon="-73.97588043473660945892333984375">
        <ele>15</ele>
        <time>2026-03-15T13:16:06.000Z</time>
        <extensions>
          <ns3:TrackPointExtension>
            <ns3:hr>171</ns3:hr>
            <ns3:cad>85</ns3:cad>
          </ns3:TrackPointExtension>
        </extensions>
      </trkpt>
      <trkpt lat="40.682213790714740753173828125" lon="-73.976033069193363189697265625">
        <ele>15</ele>
        <time>2026-03-15T13:16:15.000Z</time>
        <extensions>
          <ns3:TrackPointExtension>
            <ns3:hr>170</ns3:hr>
            <ns3:cad>84</ns3:cad>
          </ns3:TrackPointExtension>
        </extensions>
      </trkpt>
      <trkpt lat="40.68238000385463237762451171875" lon="-73.97617229260504245758056640625">
        <ele>14.80000019073486328125</ele>
        <time>2026-03-15T13:16:23.000Z</time>
        <extensions>
          <ns3:TrackPointExtension>
            <ns3:hr>171</ns3:hr>
            <ns3:cad>84</ns3:cad>
          </ns3:TrackPointExtension>
        </extensions>
      </trkpt>
      <trkpt lat="40.6825398467481136322021484375" lon="-73.9762900583446025848388671875">
        <ele>14.19999980926513671875</ele>
        <time>2026-03-15T13:16:31.000Z</time>
        <extensions>
          <ns3:TrackPointExtension>
            <ns3:hr>170</ns3:hr>
            <ns3:cad>84</ns3:cad>
          </ns3:TrackPointExtension>
        </extensions>
      </trkpt>
      <trkpt lat="40.6827064789831638336181640625" lon="-73.97641017101705074310302734375">
        <ele>14</ele>
        <time>2026-03-15T13:16:39.000Z</time>
        <extensions>
          <ns3:TrackPointExtension>
            <ns3:hr>171</ns3:hr>
            <ns3:cad>85</ns3:cad>
          </ns3:TrackPointExtension>
        </extensions>
      </trkpt>
      <trkpt lat="40.682856179773807525634765625" lon="-73.9766129292547702789306640625">
        <ele>14</ele>
        <time>2026-03-15T13:16:47.000Z</time>
        <extensions>
          <ns3:TrackPointExtension>
            <ns3:hr>170</ns3:hr>
            <ns3:cad>82</ns3:cad>
          </ns3:TrackPointExtension>
        </extensions>
      </trkpt>
      <trkpt lat="40.68297461606562137603759765625" lon="-73.97682624869048595428466796875">
        <ele>14</ele>
        <time>2026-03-15T13:16:54.000Z</time>
        <extensions>
          <ns3:TrackPointExtension>
            <ns3:hr>170</ns3:hr>
            <ns3:cad>83</ns3:cad>
          </ns3:TrackPointExtension>
        </extensions>
      </trkpt>
      <trkpt lat="40.683106295764446258544921875" lon="-73.976977877318859100341796875">
        <ele>13.80000019073486328125</ele>
        <time>2026-03-15T13:17:01.000Z</time>
        <extensions>
          <ns3:TrackPointExtension>
            <ns3:hr>175</ns3:hr>
            <ns3:cad>82</ns3:cad>
          </ns3:TrackPointExtension>
        </extensions>
      </trkpt>
      <trkpt lat="40.6832727603614330291748046875" lon="-73.97709824144840240478515625">
        <ele>13.3999996185302734375</ele>
        <time>2026-03-15T13:17:10.000Z</time>
        <extensions>
          <ns3:TrackPointExtension>
            <ns3:hr>175</ns3:hr>
            <ns3:cad>82</ns3:cad>
          </ns3:TrackPointExtension>
        </extensions>
      </trkpt>
      <trkpt lat="40.68342556245625019073486328125" lon="-73.97723059169948101043701171875">
        <ele>14</ele>
        <time>2026-03-15T13:17:18.000Z</time>
        <extensions>
          <ns3:TrackPointExtension>
            <ns3:hr>174</ns3:hr>
            <ns3:cad>84</ns3:cad>
          </ns3:TrackPointExtension>
        </extensions>
      </trkpt>
      <trkpt lat="40.683613233268260955810546875" lon="-73.97730016149580478668212890625">
        <ele>13.6000003814697265625</ele>
        <time>2026-03-15T13:17:27.000Z</time>
        <extensions>
          <ns3:TrackPointExtension>
            <ns3:hr>174</ns3:hr>
            <ns3:cad>83</ns3:cad>
          </ns3:TrackPointExtension>
        </extensions>
      </trkpt>
      <trkpt lat="40.6838138960301876068115234375" lon="-73.9773327670991420745849609375">
        <ele>14</ele>
        <time>2026-03-15T13:17:38.000Z</time>
        <extensions>
          <ns3:TrackPointExtension>
            <ns3:hr>173</ns3:hr>
            <ns3:cad>84</ns3:cad>
          </ns3:TrackPointExtension>
        </extensions>
      </trkpt>
      <trkpt lat="40.6840070150792598724365234375" lon="-73.97741197608411312103271484375">
        <ele>14</ele>
        <time>2026-03-15T13:17:47.000Z</time>
        <extensions>
          <ns3:TrackPointExtension>
            <ns3:hr>174</ns3:hr>
            <ns3:cad>87</ns3:cad>
          </ns3:TrackPointExtension>
        </extensions>
      </trkpt>
      <trkpt lat="40.6841381080448627471923828125" lon="-73.9774997346103191375732421875">
        <ele>14</ele>
        <time>2026-03-15T13:17:53.000Z</time>
        <extensions>
          <ns3:TrackPointExtension>
            <ns3:hr>171</ns3:hr>
            <ns3:cad>83</ns3:cad>
          </ns3:TrackPointExtension>
        </extensions>
      </trkpt>
      <trkpt lat="40.68431857042014598846435546875" lon="-73.97758263163268566131591796875">
        <ele>14</ele>
        <time>2026-03-15T13:18:01.000Z</time>
        <extensions>
          <ns3:TrackPointExtension>
            <ns3:hr>170</ns3:hr>
            <ns3:cad>84</ns3:cad>
          </ns3:TrackPointExtension>
        </extensions>
      </trkpt>
      <trkpt lat="40.6844814307987689971923828125" lon="-73.97769008763134479522705078125">
        <ele>14</ele>
        <time>2026-03-15T13:18:09.000Z</time>
        <extensions>
          <ns3:TrackPointExtension>
            <ns3:hr>172</ns3:hr>
            <ns3:cad>83</ns3:cad>
          </ns3:TrackPointExtension>
        </extensions>
      </trkpt>
      <trkpt lat="40.68452308885753154754638671875" lon="-73.97771783173084259033203125">
        <ele>14</ele>
        <time>2026-03-15T13:18:11.000Z</time>
        <extensions>
          <ns3:TrackPointExtension>
            <ns3:hr>175</ns3:hr>
            <ns3:cad>85</ns3:cad>
          </ns3:TrackPointExtension>
        </extensions>
      </trkpt>
      <trkpt lat="40.68460120819509029388427734375" lon="-73.9777748286724090576171875">
        <ele>14</ele>
        <time>2026-03-15T13:18:15.000Z</time>
        <extensions>
          <ns3:TrackPointExtension>
            <ns3:hr>172</ns3:hr>
            <ns3:cad>85</ns3:cad>
          </ns3:TrackPointExtension>
        </extensions>
      </trkpt>
      <trkpt lat="40.68475862033665180206298828125" lon="-73.9778916724026203155517578125">
        <ele>14</ele>
        <time>2026-03-15T13:18:23.000Z</time>
        <extensions>
          <ns3:TrackPointExtension>
            <ns3:hr>170</ns3:hr>
            <ns3:cad>83</ns3:cad>
          </ns3:TrackPointExtension>
        </extensions>
      </trkpt>
      <trkpt lat="40.6848629750311374664306640625" lon="-73.97798077203333377838134765625">
        <ele>14</ele>
        <time>2026-03-15T13:18:29.000Z</time>
        <extensions>
          <ns3:TrackPointExtension>
            <ns3:hr>173</ns3:hr>
            <ns3:cad>82</ns3:cad>
          </ns3:TrackPointExtension>
        </extensions>
      </trkpt>
      <trkpt lat="40.68488133139908313751220703125" lon="-73.977995105087757110595703125">
        <ele>14</ele>
        <time>2026-03-15T13:18:30.000Z</time>
        <extensions>
          <ns3:TrackPointExtension>
            <ns3:hr>170</ns3:hr>
            <ns3:cad>83</ns3:cad>
          </ns3:TrackPointExtension>
        </extensions>
      </trkpt>
      <trkpt lat="40.68505198694765567779541015625" lon="-73.9781320653855800628662109375">
        <ele>14</ele>
        <time>2026-03-15T13:18:39.000Z</time>
        <extensions>
          <ns3:TrackPointExtension>
            <ns3:hr>176</ns3:hr>
            <ns3:cad>84</ns3:cad>
          </ns3:TrackPointExtension>
        </extensions>
      </trkpt>
      <trkpt lat="40.68514267913997173309326171875" lon="-73.978220410645008087158203125">
        <ele>14</ele>
        <time>2026-03-15T13:18:44.000Z</time>
        <extensions>
          <ns3:TrackPointExtension>
            <ns3:hr>173</ns3:hr>
            <ns3:cad>86</ns3:cad>
          </ns3:TrackPointExtension>
        </extensions>
      </trkpt>
      <trkpt lat="40.68519766442477703094482421875" lon="-73.9782715402543544769287109375">
        <ele>13.80000019073486328125</ele>
        <time>2026-03-15T13:18:48.000Z</time>
        <extensions>
          <ns3:TrackPointExtension>
            <ns3:hr>170</ns3:hr>
            <ns3:cad>85</ns3:cad>
          </ns3:TrackPointExtension>
        </extensions>
      </trkpt>
      <trkpt lat="40.685213170945644378662109375" lon="-73.978282772004604339599609375">
        <ele>13.80000019073486328125</ele>
        <time>2026-03-15T13:18:49.000Z</time>
        <extensions>
          <ns3:TrackPointExtension>
            <ns3:hr>167</ns3:hr>
            <ns3:cad>85</ns3:cad>
          </ns3:TrackPointExtension>
        </extensions>
      </trkpt>
      <trkpt lat="40.68522348068654537200927734375" lon="-73.978288806974887847900390625">
        <ele>13.6000003814697265625</ele>
        <time>2026-03-15T13:18:50.000Z</time>
        <extensions>
          <ns3:TrackPointExtension>
            <ns3:hr>163</ns3:hr>
            <ns3:cad>83</ns3:cad>
          </ns3:TrackPointExtension>
        </extensions>
      </trkpt>
      <trkpt lat="40.68523965775966644287109375" lon="-73.9782986976206302642822265625">
        <ele>13.6000003814697265625</ele>
        <time>2026-03-15T13:18:51.000Z</time>
        <extensions>
          <ns3:TrackPointExtension>
            <ns3:hr>159</ns3:hr>
            <ns3:cad>82</ns3:cad>
          </ns3:TrackPointExtension>
        </extensions>
      </trkpt>
      <trkpt lat="40.68525566719472408294677734375" lon="-73.9783070795238018035888671875">
        <ele>13.6000003814697265625</ele>
        <time>2026-03-15T13:18:52.000Z</time>
        <extensions>
          <ns3:TrackPointExtension>
            <ns3:hr>153</ns3:hr>
            <ns3:cad>82</ns3:cad>
          </ns3:TrackPointExtension>
        </extensions>
      </trkpt>
      <trkpt lat="40.68528818897902965545654296875" lon="-73.9783191494643688201904296875">
        <ele>13.3999996185302734375</ele>
        <time>2026-03-15T13:18:54.000Z</time>
        <extensions>
          <ns3:TrackPointExtension>
            <ns3:hr>156</ns3:hr>
            <ns3:cad>82</ns3:cad>
          </ns3:TrackPointExtension>
        </extensions>
      </trkpt>
      <trkpt lat="40.68529606796801090240478515625" lon="-73.97832241840660572052001953125">
        <ele>13.3999996185302734375</ele>
        <time>2026-03-15T13:18:55.000Z</time>
        <extensions>
          <ns3:TrackPointExtension>
            <ns3:hr>159</ns3:hr>
            <ns3:cad>82</ns3:cad>
          </ns3:TrackPointExtension>
        </extensions>
      </trkpt>
      <trkpt lat="40.68530344404280185699462890625" lon="-73.9783261902630329132080078125">
        <ele>13.19999980926513671875</ele>
        <time>2026-03-15T13:18:56.000Z</time>
        <extensions>
          <ns3:TrackPointExtension>
            <ns3:hr>163</ns3:hr>
            <ns3:cad>83</ns3:cad>
          </ns3:TrackPointExtension>
        </extensions>
      </trkpt>
      <trkpt lat="40.68532272242009639739990234375" lon="-73.97833406925201416015625">
        <ele>13.19999980926513671875</ele>
        <time>2026-03-15T13:18:57.000Z</time>
        <extensions>
          <ns3:TrackPointExtension>
            <ns3:hr>163</ns3:hr>
            <ns3:cad>83</ns3:cad>
          </ns3:TrackPointExtension>
        </extensions>
      </trkpt>
      <trkpt lat="40.6854481995105743408203125" lon="-73.97850933484733104705810546875">
        <ele>13</ele>
        <time>2026-03-15T13:19:11.000Z</time>
        <extensions>
          <ns3:TrackPointExtension>
            <ns3:hr>164</ns3:hr>
            <ns3:cad>85</ns3:cad>
          </ns3:TrackPointExtension>
        </extensions>
      </trkpt>
      <trkpt lat="40.6854922883212566375732421875" lon="-73.97854487411677837371826171875">
        <ele>13</ele>
        <time>2026-03-15T13:19:13.000Z</time>
        <extensions>
          <ns3:TrackPointExtension>
            <ns3:hr>167</ns3:hr>
            <ns3:cad>83</ns3:cad>
          </ns3:TrackPointExtension>
        </extensions>
      </trkpt>
      <trkpt lat="40.68555523641407489776611328125" lon="-73.9787583611905574798583984375">
        <ele>13</ele>
        <time>2026-03-15T13:19:19.000Z</time>
        <extensions>
          <ns3:TrackPointExtension>
            <ns3:hr>164</ns3:hr>
            <ns3:cad>85</ns3:cad>
          </ns3:TrackPointExtension>
        </extensions>
      </trkpt>
      <trkpt lat="40.68563553504645824432373046875" lon="-73.978960700333118438720703125">
        <ele>13</ele>
        <time>2026-03-15T13:19:26.000Z</time>
        <extensions>
          <ns3:TrackPointExtension>
            <ns3:hr>161</ns3:hr>
            <ns3:cad>84</ns3:cad>
          </ns3:TrackPointExtension>
        </extensions>
      </trkpt>
      <trkpt lat="40.68575556389987468719482421875" lon="-73.979199416935443878173828125">
        <ele>12.6000003814697265625</ele>
        <time>2026-03-15T13:19:32.000Z</time>
        <extensions>
          <ns3:TrackPointExtension>
            <ns3:hr>162</ns3:hr>
            <ns3:cad>83</ns3:cad>
          </ns3:TrackPointExtension>
        </extensions>
      </trkpt>
      <trkpt lat="40.68596695549786090850830078125" lon="-73.9792686514556407928466796875">
        <ele>12</ele>
        <time>2026-03-15T13:19:36.000Z</time>
        <extensions>
          <ns3:TrackPointExtension>
            <ns3:hr>162</ns3:hr>
            <ns3:cad>83</ns3:cad>
          </ns3:TrackPointExtension>
        </extensions>
      </trkpt>
      <trkpt lat="40.6861911714076995849609375" lon="-73.979232609272003173828125">
        <ele>12</ele>
        <time>2026-03-15T13:19:41.000Z</time>
        <extensions>
          <ns3:TrackPointExtension>
            <ns3:hr>165</ns3:hr>
            <ns3:cad>84</ns3:cad>
          </ns3:TrackPointExtension>
        </extensions>
      </trkpt>
      <trkpt lat="40.68640968762338161468505859375" lon="-73.9792813919484615325927734375">
        <ele>12</ele>
        <time>2026-03-15T13:19:50.000Z</time>
        <extensions>
          <ns3:TrackPointExtension>
            <ns3:hr>165</ns3:hr>
            <ns3:cad>85</ns3:cad>
          </ns3:TrackPointExtension>
        </extensions>
      </trkpt>
      <trkpt lat="40.6864843703806400299072265625" lon="-73.97929228842258453369140625">
        <ele>12</ele>
        <time>2026-03-15T13:19:53.000Z</time>
        <extensions>
          <ns3:TrackPointExtension>
            <ns3:hr>168</ns3:hr>
            <ns3:cad>85</ns3:cad>
          </ns3:TrackPointExtension>
        </extensions>
      </trkpt>
      <trkpt lat="40.68673624657094478607177734375" lon="-73.979279212653636932373046875">
        <ele>12</ele>
        <time>2026-03-15T13:20:00.000Z</time>
        <extensions>
          <ns3:TrackPointExtension>
            <ns3:hr>168</ns3:hr>
            <ns3:cad>85</ns3:cad>
          </ns3:TrackPointExtension>
        </extensions>
      </trkpt>
      <trkpt lat="40.6868830136954784393310546875" lon="-73.9794339425861835479736328125">
        <ele>11.6000003814697265625</ele>
        <time>2026-03-15T13:20:10.000Z</time>
        <extensions>
          <ns3:TrackPointExtension>
            <ns3:hr>169</ns3:hr>
            <ns3:cad>83</ns3:cad>
          </ns3:TrackPointExtension>
        </extensions>
      </trkpt>
      <trkpt lat="40.68706490099430084228515625" lon="-73.9795204438269138336181640625">
        <ele>11.3999996185302734375</ele>
        <time>2026-03-15T13:20:18.000Z</time>
        <extensions>
          <ns3:TrackPointExtension>
            <ns3:hr>167</ns3:hr>
            <ns3:cad>85</ns3:cad>
          </ns3:TrackPointExtension>
        </extensions>
      </trkpt>
      <trkpt lat="40.68717981688678264617919921875" lon="-73.979745246469974517822265625">
        <ele>11.6000003814697265625</ele>
        <time>2026-03-15T13:20:27.000Z</time>
        <extensions>
          <ns3:TrackPointExtension>
            <ns3:hr>167</ns3:hr>
            <ns3:cad>84</ns3:cad>
          </ns3:TrackPointExtension>
        </extensions>
      </trkpt>
      <trkpt lat="40.68735189735889434814453125" lon="-73.9798356033861637115478515625">
        <ele>11.3999996185302734375</ele>
        <time>2026-03-15T13:20:37.000Z</time>
        <extensions>
          <ns3:TrackPointExtension>
            <ns3:hr>166</ns3:hr>
            <ns3:cad>84</ns3:cad>
          </ns3:TrackPointExtension>
        </extensions>
      </trkpt>
      <trkpt lat="40.68752079270780086517333984375" lon="-73.97993979044258594512939453125">
        <ele>11.3999996185302734375</ele>
        <time>2026-03-15T13:20:48.000Z</time>
        <extensions>
          <ns3:TrackPointExtension>
            <ns3:hr>167</ns3:hr>
            <ns3:cad>83</ns3:cad>
          </ns3:TrackPointExtension>
        </extensions>
      </trkpt>
      <trkpt lat="40.6874623708426952362060546875" lon="-73.98031731136143207550048828125">
        <ele>12</ele>
        <time>2026-03-15T13:20:57.000Z</time>
        <extensions>
          <ns3:TrackPointExtension>
            <ns3:hr>168</ns3:hr>
            <ns3:cad>83</ns3:cad>
          </ns3:TrackPointExtension>
        </extensions>
      </trkpt>
      <trkpt lat="40.68773603998124599456787109375" lon="-73.98032368160784244537353515625">
        <ele>11.6000003814697265625</ele>
        <time>2026-03-15T13:21:04.000Z</time>
        <extensions>
          <ns3:TrackPointExtension>
            <ns3:hr>168</ns3:hr>
            <ns3:cad>85</ns3:cad>
          </ns3:TrackPointExtension>
        </extensions>
      </trkpt>
      <trkpt lat="40.68793703801929950714111328125" lon="-73.9803958497941493988037109375">
        <ele>11.3999996185302734375</ele>
        <time>2026-03-15T13:21:09.000Z</time>
        <extensions>
          <ns3:TrackPointExtension>
            <ns3:hr>166</ns3:hr>
            <ns3:cad>85</ns3:cad>
          </ns3:TrackPointExtension>
        </extensions>
      </trkpt>
      <trkpt lat="40.68788230419158935546875" lon="-73.98075409233570098876953125">
        <ele>12</ele>
        <time>2026-03-15T13:21:17.000Z</time>
        <extensions>
          <ns3:TrackPointExtension>
            <ns3:hr>166</ns3:hr>
            <ns3:cad>86</ns3:cad>
          </ns3:TrackPointExtension>
        </extensions>
      </trkpt>
      <trkpt lat="40.6877872534096240997314453125" lon="-73.98107327520847320556640625">
        <ele>12</ele>
        <time>2026-03-15T13:21:21.000Z</time>
        <extensions>
          <ns3:TrackPointExtension>
            <ns3:hr>165</ns3:hr>
            <ns3:cad>86</ns3:cad>
          </ns3:TrackPointExtension>
        </extensions>
      </trkpt>
      <trkpt lat="40.68801029585301876068115234375" lon="-73.9811793901026248931884765625">
        <ele>11.6000003814697265625</ele>
        <time>2026-03-15T13:21:28.000Z</time>
        <extensions>
          <ns3:TrackPointExtension>
            <ns3:hr>167</ns3:hr>
            <ns3:cad>85</ns3:cad>
          </ns3:TrackPointExtension>
        </extensions>
      </trkpt>
      <trkpt lat="40.68823442794382572174072265625" lon="-73.98114426992833614349365234375">
        <ele>11.19999980926513671875</ele>
        <time>2026-03-15T13:21:30.000Z</time>
        <extensions>
          <ns3:TrackPointExtension>
            <ns3:hr>168</ns3:hr>
            <ns3:cad>85</ns3:cad>
          </ns3:TrackPointExtension>
        </extensions>
      </trkpt>
      <trkpt lat="40.68836501799523830413818359375" lon="-73.98101904429495334625244140625">
        <ele>11</ele>
        <time>2026-03-15T13:21:36.000Z</time>
        <extensions>
          <ns3:TrackPointExtension>
            <ns3:hr>166</ns3:hr>
            <ns3:cad>85</ns3:cad>
          </ns3:TrackPointExtension>
        </extensions>
      </trkpt>
      <trkpt lat="40.68857305683195590972900390625" lon="-73.98100513033568859100341796875">
        <ele>10.6000003814697265625</ele>
        <time>2026-03-15T13:21:43.000Z</time>
        <extensions>
          <ns3:TrackPointExtension>
            <ns3:hr>166</ns3:hr>
            <ns3:cad>84</ns3:cad>
          </ns3:TrackPointExtension>
        </extensions>
      </trkpt>
      <trkpt lat="40.68865369074046611785888671875" lon="-73.98102558217942714691162109375">
        <ele>10.80000019073486328125</ele>
        <time>2026-03-15T13:21:47.000Z</time>
        <extensions>
          <ns3:TrackPointExtension>
            <ns3:hr>163</ns3:hr>
            <ns3:cad>84</ns3:cad>
          </ns3:TrackPointExtension>
        </extensions>
      </trkpt>
      <trkpt lat="40.688724517822265625" lon="-73.9813101477921009063720703125">
        <ele>11</ele>
        <time>2026-03-15T13:21:58.000Z</time>
        <extensions>
          <ns3:TrackPointExtension>
            <ns3:hr>164</ns3:hr>
            <ns3:cad>84</ns3:cad>
          </ns3:TrackPointExtension>
        </extensions>
      </trkpt>
      <trkpt lat="40.68879065103828907012939453125" lon="-73.9814050309360027313232421875">
        <ele>11</ele>
        <time>2026-03-15T13:22:04.000Z</time>
        <extensions>
          <ns3:TrackPointExtension>
            <ns3:hr>167</ns3:hr>
            <ns3:cad>84</ns3:cad>
          </ns3:TrackPointExtension>
        </extensions>
      </trkpt>
      <trkpt lat="40.68893616087734699249267578125" lon="-73.981646932661533355712890625">
        <ele>11</ele>
        <time>2026-03-15T13:22:22.000Z</time>
        <extensions>
          <ns3:TrackPointExtension>
            <ns3:hr>169</ns3:hr>
            <ns3:cad>83</ns3:cad>
          </ns3:TrackPointExtension>
        </extensions>
      </trkpt>
      <trkpt lat="40.68912022747099399566650390625" lon="-73.9816903509199619293212890625">
        <ele>11</ele>
        <time>2026-03-15T13:22:28.000Z</time>
        <extensions>
          <ns3:TrackPointExtension>
            <ns3:hr>166</ns3:hr>
            <ns3:cad>83</ns3:cad>
          </ns3:TrackPointExtension>
        </extensions>
      </trkpt>
      <trkpt lat="40.68934586830437183380126953125" lon="-73.98173050023615360260009765625">
        <ele>11</ele>
        <time>2026-03-15T13:22:34.000Z</time>
        <extensions>
          <ns3:TrackPointExtension>
            <ns3:hr>166</ns3:hr>
            <ns3:cad>84</ns3:cad>
          </ns3:TrackPointExtension>
        </extensions>
      </trkpt>
      <trkpt lat="40.68940772674977779388427734375" lon="-73.981795795261859893798828125">
        <ele>11</ele>
        <time>2026-03-15T13:22:42.000Z</time>
        <extensions>
          <ns3:TrackPointExtension>
            <ns3:hr>168</ns3:hr>
            <ns3:cad>84</ns3:cad>
          </ns3:TrackPointExtension>
        </extensions>
      </trkpt>
      <trkpt lat="40.68938962183892726898193359375" lon="-73.98183309473097324371337890625">
        <ele>11</ele>
        <time>2026-03-15T13:22:47.000Z</time>
        <extensions>
          <ns3:TrackPointExtension>
            <ns3:hr>167</ns3:hr>
            <ns3:cad>84</ns3:cad>
          </ns3:TrackPointExtension>
        </extensions>
      </trkpt>
      <trkpt lat="40.68937486968934535980224609375" lon="-73.98191892541944980621337890625">
        <ele>11</ele>
        <time>2026-03-15T13:22:57.000Z</time>
        <extensions>
          <ns3:TrackPointExtension>
            <ns3:hr>164</ns3:hr>
            <ns3:cad>84</ns3:cad>
          </ns3:TrackPointExtension>
        </extensions>
      </trkpt>
      <trkpt lat="40.68932239897549152374267578125" lon="-73.9819458313286304473876953125">
        <ele>11</ele>
        <time>2026-03-15T13:22:59.000Z</time>
        <extensions>
          <ns3:TrackPointExtension>
            <ns3:hr>163</ns3:hr>
            <ns3:cad>83</ns3:cad>
          </ns3:TrackPointExtension>
        </extensions>
      </trkpt>
      <trkpt lat="40.6895176135003566741943359375" lon="-73.981846086680889129638671875">
        <ele>11</ele>
        <time>2026-03-15T13:23:07.000Z</time>
        <extensions>
          <ns3:TrackPointExtension>
            <ns3:hr>163</ns3:hr>
            <ns3:cad>83</ns3:cad>
          </ns3:TrackPointExtension>
        </extensions>
      </trkpt>
      <trkpt lat="40.68966588936746120452880859375" lon="-73.98182773031294345855712890625">
        <ele>10.6000003814697265625</ele>
        <time>2026-03-15T13:23:11.000Z</time>
        <extensions>
          <ns3:TrackPointExtension>
            <ns3:hr>162</ns3:hr>
            <ns3:cad>82</ns3:cad>
          </ns3:TrackPointExtension>
        </extensions>
      </trkpt>
      <trkpt lat="40.68984090350568294525146484375" lon="-73.98188992403447628021240234375">
        <ele>10.80000019073486328125</ele>
        <time>2026-03-15T13:23:15.000Z</time>
        <extensions>
          <ns3:TrackPointExtension>
            <ns3:hr>162</ns3:hr>
            <ns3:cad>83</ns3:cad>
          </ns3:TrackPointExtension>
        </extensions>
      </trkpt>
      <trkpt lat="40.69005514495074748992919921875" lon="-73.98196385242044925689697265625">
        <ele>11</ele>
        <time>2026-03-15T13:23:20.000Z</time>
        <extensions>
          <ns3:TrackPointExtension>
            <ns3:hr>162</ns3:hr>
            <ns3:cad>84</ns3:cad>
          </ns3:TrackPointExtension>
        </extensions>
      </trkpt>
      <trkpt lat="40.69024088792502880096435546875" lon="-73.98199335671961307525634765625">
        <ele>11</ele>
        <time>2026-03-15T13:23:26.000Z</time>
        <extensions>
          <ns3:TrackPointExtension>
            <ns3:hr>165</ns3:hr>
            <ns3:cad>85</ns3:cad>
          </ns3:TrackPointExtension>
        </extensions>
      </trkpt>
      <trkpt lat="40.690324790775775909423828125" lon="-73.982006348669528961181640625">
        <ele>11</ele>
        <time>2026-03-15T13:23:30.000Z</time>
        <extensions>
          <ns3:TrackPointExtension>
            <ns3:hr>168</ns3:hr>
            <ns3:cad>84</ns3:cad>
          </ns3:TrackPointExtension>
        </extensions>
      </trkpt>
      <trkpt lat="40.69051061756908893585205078125" lon="-73.98207885213196277618408203125">
        <ele>11.3999996185302734375</ele>
        <time>2026-03-15T13:23:42.000Z</time>
        <extensions>
          <ns3:TrackPointExtension>
            <ns3:hr>166</ns3:hr>
            <ns3:cad>85</ns3:cad>
          </ns3:TrackPointExtension>
        </extensions>
      </trkpt>
      <trkpt lat="40.69070465862751007080078125" lon="-73.98216904141008853912353515625">
        <ele>12</ele>
        <time>2026-03-15T13:23:52.000Z</time>
        <extensions>
          <ns3:TrackPointExtension>
            <ns3:hr>166</ns3:hr>
            <ns3:cad>85</ns3:cad>
          </ns3:TrackPointExtension>
        </extensions>
      </trkpt>
      <trkpt lat="40.69078101776540279388427734375" lon="-73.98213601671159267425537109375">
        <ele>12.19999980926513671875</ele>
        <time>2026-03-15T13:23:55.000Z</time>
        <extensions>
          <ns3:TrackPointExtension>
            <ns3:hr>169</ns3:hr>
            <ns3:cad>85</ns3:cad>
          </ns3:TrackPointExtension>
        </extensions>
      </trkpt>
      <trkpt lat="40.69088227115571498870849609375" lon="-73.98212662898004055023193359375">
        <ele>12.3999996185302734375</ele>
        <time>2026-03-15T13:24:00.000Z</time>
        <extensions>
          <ns3:TrackPointExtension>
            <ns3:hr>169</ns3:hr>
            <ns3:cad>84</ns3:cad>
          </ns3:TrackPointExtension>
        </extensions>
      </trkpt>
      <trkpt lat="40.6909160502254962921142578125" lon="-73.9821540378034114837646484375">
        <ele>12.80000019073486328125</ele>
        <time>2026-03-15T13:24:02.000Z</time>
        <extensions>
          <ns3:TrackPointExtension>
            <ns3:hr>168</ns3:hr>
            <ns3:cad>84</ns3:cad>
          </ns3:TrackPointExtension>
        </extensions>
      </trkpt>
      <trkpt lat="40.69104127585887908935546875" lon="-73.98218496702611446380615234375">
        <ele>13.19999980926513671875</ele>
        <time>2026-03-15T13:24:09.000Z</time>
        <extensions>
          <ns3:TrackPointExtension>
            <ns3:hr>165</ns3:hr>
            <ns3:cad>83</ns3:cad>
          </ns3:TrackPointExtension>
        </extensions>
      </trkpt>
      <trkpt lat="40.691101960837841033935546875" lon="-73.98219150491058826446533203125">
        <ele>13.6000003814697265625</ele>
        <time>2026-03-15T13:24:12.000Z</time>
        <extensions>
          <ns3:TrackPointExtension>
            <ns3:hr>168</ns3:hr>
            <ns3:cad>84</ns3:cad>
          </ns3:TrackPointExtension>
        </extensions>
      </trkpt>
      <trkpt lat="40.6912256777286529541015625" lon="-73.9822851307690143585205078125">
        <ele>14</ele>
        <time>2026-03-15T13:24:18.000Z</time>
        <extensions>
          <ns3:TrackPointExtension>
            <ns3:hr>163</ns3:hr>
            <ns3:cad>84</ns3:cad>
          </ns3:TrackPointExtension>
        </extensions>
      </trkpt>
      <trkpt lat="40.6912600435316562652587890625" lon="-73.9823236875236034393310546875">
        <ele>14.19999980926513671875</ele>
        <time>2026-03-15T13:24:19.000Z</time>
        <extensions>
          <ns3:TrackPointExtension>
            <ns3:hr>163</ns3:hr>
            <ns3:cad>84</ns3:cad>
          </ns3:TrackPointExtension>
        </extensions>
      </trkpt>
      <trkpt lat="40.6913405098021030426025390625" lon="-73.9824142120778560638427734375">
        <ele>14.3999996185302734375</ele>
        <time>2026-03-15T13:24:23.000Z</time>
        <extensions>
          <ns3:TrackPointExtension>
            <ns3:hr>166</ns3:hr>
            <ns3:cad>83</ns3:cad>
          </ns3:TrackPointExtension>
        </extensions>
      </trkpt>
      <trkpt lat="40.6914850138127803802490234375" lon="-73.982619903981685638427734375">
        <ele>15</ele>
        <time>2026-03-15T13:24:33.000Z</time>
        <extensions>
          <ns3:TrackPointExtension>
            <ns3:hr>168</ns3:hr>
            <ns3:cad>81</ns3:cad>
          </ns3:TrackPointExtension>
        </extensions>
      </trkpt>
      <trkpt lat="40.69166346453130245208740234375" lon="-73.9827042259275913238525390625">
        <ele>15</ele>
        <time>2026-03-15T13:24:46.000Z</time>
        <extensions>
          <ns3:TrackPointExtension>
            <ns3:hr>168</ns3:hr>
            <ns3:cad>83</ns3:cad>
          </ns3:TrackPointExtension>
        </extensions>
      </trkpt>
      <trkpt lat="40.691835545003414154052734375" lon="-73.98275275714695453643798828125">
        <ele>15</ele>
        <time>2026-03-15T13:24:53.000Z</time>
        <extensions>
          <ns3:TrackPointExtension>
            <ns3:hr>170</ns3:hr>
            <ns3:cad>82</ns3:cad>
          </ns3:TrackPointExtension>
        </extensions>
      </trkpt>
      <trkpt lat="40.69194794632494449615478515625" lon="-73.98277170024812221527099609375">
        <ele>15</ele>
        <time>2026-03-15T13:24:57.000Z</time>
        <extensions>
          <ns3:TrackPointExtension>
            <ns3:hr>169</ns3:hr>
            <ns3:cad>82</ns3:cad>
          </ns3:TrackPointExtension>
        </extensions>
      </trkpt>
      <trkpt lat="40.69214743562042713165283203125" lon="-73.982859961688518524169921875">
        <ele>15</ele>
        <time>2026-03-15T13:25:04.000Z</time>
        <extensions>
          <ns3:TrackPointExtension>
            <ns3:hr>169</ns3:hr>
            <ns3:cad>81</ns3:cad>
          </ns3:TrackPointExtension>
        </extensions>
      </trkpt>
      <trkpt lat="40.69231390021741390228271484375" lon="-73.98297362029552459716796875">
        <ele>14.3999996185302734375</ele>
        <time>2026-03-15T13:25:09.000Z</time>
        <extensions>
          <ns3:TrackPointExtension>
            <ns3:hr>169</ns3:hr>
            <ns3:cad>81</ns3:cad>
          </ns3:TrackPointExtension>
        </extensions>
      </trkpt>
      <trkpt lat="40.69236536510288715362548828125" lon="-73.98300169967114925384521484375">
        <ele>13.80000019073486328125</ele>
        <time>2026-03-15T13:25:12.000Z</time>
        <extensions>
          <ns3:TrackPointExtension>
            <ns3:hr>166</ns3:hr>
            <ns3:cad>81</ns3:cad>
          </ns3:TrackPointExtension>
        </extensions>
      </trkpt>
      <trkpt lat="40.692531578242778778076171875" lon="-73.98308987729251384735107421875">
        <ele>13.19999980926513671875</ele>
        <time>2026-03-15T13:25:25.000Z</time>
        <extensions>
          <ns3:TrackPointExtension>
            <ns3:hr>163</ns3:hr>
            <ns3:cad>72</ns3:cad>
          </ns3:TrackPointExtension>
        </extensions>
      </trkpt>
      <trkpt lat="40.69269259460270404815673828125" lon="-73.98318643681704998016357421875">
        <ele>12.6000003814697265625</ele>
        <time>2026-03-15T13:25:32.000Z</time>
        <extensions>
          <ns3:TrackPointExtension>
            <ns3:hr>161</ns3:hr>
            <ns3:cad>80</ns3:cad>
          </ns3:TrackPointExtension>
        </extensions>
      </trkpt>
      <trkpt lat="40.692882277071475982666015625" lon="-73.9832245744764804840087890625">
        <ele>12</ele>
        <time>2026-03-15T13:25:38.000Z</time>
        <extensions>
          <ns3:TrackPointExtension>
            <ns3:hr>158</ns3:hr>
            <ns3:cad>79</ns3:cad>
          </ns3:TrackPointExtension>
        </extensions>
      </trkpt>
      <trkpt lat="40.6930940039455890655517578125" lon="-73.9832540787756443023681640625">
        <ele>11.19999980926513671875</ele>
        <time>2026-03-15T13:25:45.000Z</time>
        <extensions>
          <ns3:TrackPointExtension>
            <ns3:hr>162</ns3:hr>
            <ns3:cad>83</ns3:cad>
          </ns3:TrackPointExtension>
        </extensions>
      </trkpt>
      <trkpt lat="40.6931915692985057830810546875" lon="-73.9832916297018527984619140625">
        <ele>10.80000019073486328125</ele>
        <time>2026-03-15T13:25:49.000Z</time>
        <extensions>
          <ns3:TrackPointExtension>
            <ns3:hr>159</ns3:hr>
            <ns3:cad>85</ns3:cad>
          </ns3:TrackPointExtension>
        </extensions>
      </trkpt>
      <trkpt lat="40.69336272776126861572265625" lon="-73.98337234742939472198486328125">
        <ele>11</ele>
        <time>2026-03-15T13:25:58.000Z</time>
        <extensions>
          <ns3:TrackPointExtension>
            <ns3:hr>158</ns3:hr>
            <ns3:cad>83</ns3:cad>
          </ns3:TrackPointExtension>
        </extensions>
      </trkpt>
      <trkpt lat="40.6934108398854732513427734375" lon="-73.9834072999656200408935546875">
        <ele>11</ele>
        <time>2026-03-15T13:26:01.000Z</time>
        <extensions>
          <ns3:TrackPointExtension>
            <ns3:hr>161</ns3:hr>
            <ns3:cad>82</ns3:cad>
          </ns3:TrackPointExtension>
        </extensions>
      </trkpt>
      <trkpt lat="40.69349340163171291351318359375" lon="-73.9834324456751346588134765625">
        <ele>10.80000019073486328125</ele>
        <time>2026-03-15T13:26:06.000Z</time>
        <extensions>
          <ns3:TrackPointExtension>
            <ns3:hr>164</ns3:hr>
            <ns3:cad>82</ns3:cad>
          </ns3:TrackPointExtension>
        </extensions>
      </trkpt>
      <trkpt lat="40.69348133169114589691162109375" lon="-73.9833781309425830841064453125">
        <ele>10.80000019073486328125</ele>
        <time>2026-03-15T13:26:11.000Z</time>
        <extensions>
          <ns3:TrackPointExtension>
            <ns3:hr>167</ns3:hr>
            <ns3:cad>85</ns3:cad>
          </ns3:TrackPointExtension>
        </extensions>
      </trkpt>
      <trkpt lat="40.69365777075290679931640625" lon="-73.98340268991887569427490234375">
        <ele>10.19999980926513671875</ele>
        <time>2026-03-15T13:26:19.000Z</time>
        <extensions>
          <ns3:TrackPointExtension>
            <ns3:hr>169</ns3:hr>
            <ns3:cad>82</ns3:cad>
          </ns3:TrackPointExtension>
        </extensions>
      </trkpt>
      <trkpt lat="40.693863965570926666259765625" lon="-73.98352540098130702972412109375">
        <ele>9.80000019073486328125</ele>
        <time>2026-03-15T13:26:24.000Z</time>
        <extensions>
          <ns3:TrackPointExtension>
            <ns3:hr>167</ns3:hr>
            <ns3:cad>85</ns3:cad>
          </ns3:TrackPointExtension>
        </extensions>
      </trkpt>
      <trkpt lat="40.6939033605158329010009765625" lon="-73.9837630279362201690673828125">
        <ele>10.3999996185302734375</ele>
        <time>2026-03-15T13:26:32.000Z</time>
        <extensions>
          <ns3:TrackPointExtension>
            <ns3:hr>168</ns3:hr>
            <ns3:cad>85</ns3:cad>
          </ns3:TrackPointExtension>
        </extensions>
      </trkpt>
      <trkpt lat="40.693912915885448455810546875" lon="-73.98388280533254146575927734375">
        <ele>10.3999996185302734375</ele>
        <time>2026-03-15T13:26:36.000Z</time>
        <extensions>
          <ns3:TrackPointExtension>
            <ns3:hr>168</ns3:hr>
            <ns3:cad>84</ns3:cad>
          </ns3:TrackPointExtension>
        </extensions>
      </trkpt>
      <trkpt lat="40.69401106797158718109130859375" lon="-73.98395656608045101165771484375">
        <ele>10</ele>
        <time>2026-03-15T13:26:40.000Z</time>
        <extensions>
          <ns3:TrackPointExtension>
            <ns3:hr>165</ns3:hr>
            <ns3:cad>85</ns3:cad>
          </ns3:TrackPointExtension>
        </extensions>
      </trkpt>
      <trkpt lat="40.6941155903041362762451171875" lon="-73.98398355580866336822509765625">
        <ele>10</ele>
        <time>2026-03-15T13:26:44.000Z</time>
        <extensions>
          <ns3:TrackPointExtension>
            <ns3:hr>160</ns3:hr>
            <ns3:cad>85</ns3:cad>
          </ns3:TrackPointExtension>
        </extensions>
      </trkpt>
      <trkpt lat="40.69430879317224025726318359375" lon="-73.98404826410114765167236328125">
        <ele>9.80000019073486328125</ele>
        <time>2026-03-15T13:26:54.000Z</time>
        <extensions>
          <ns3:TrackPointExtension>
            <ns3:hr>162</ns3:hr>
            <ns3:cad>85</ns3:cad>
          </ns3:TrackPointExtension>
        </extensions>
      </trkpt>
      <trkpt lat="40.6944528780877590179443359375" lon="-73.9841187559068202972412109375">
        <ele>9.80000019073486328125</ele>
        <time>2026-03-15T13:27:00.000Z</time>
        <extensions>
          <ns3:TrackPointExtension>
            <ns3:hr>165</ns3:hr>
            <ns3:cad>86</ns3:cad>
          </ns3:TrackPointExtension>
        </extensions>
      </trkpt>
      <trkpt lat="40.69464591331779956817626953125" lon="-73.9841358549892902374267578125">
        <ele>10</ele>
        <time>2026-03-15T13:27:05.000Z</time>
        <extensions>
          <ns3:TrackPointExtension>
            <ns3:hr>166</ns3:hr>
            <ns3:cad>87</ns3:cad>
          </ns3:TrackPointExtension>
        </extensions>
      </trkpt>
      <trkpt lat="40.6948354281485080718994140625" lon="-73.98420500569045543670654296875">
        <ele>10</ele>
        <time>2026-03-15T13:27:15.000Z</time>
        <extensions>
          <ns3:TrackPointExtension>
            <ns3:hr>167</ns3:hr>
            <ns3:cad>85</ns3:cad>
          </ns3:TrackPointExtension>
        </extensions>
      </trkpt>
      <trkpt lat="40.69501253776252269744873046875" lon="-73.98425730876624584197998046875">
        <ele>10</ele>
        <time>2026-03-15T13:27:24.000Z</time>
        <extensions>
          <ns3:TrackPointExtension>
            <ns3:hr>167</ns3:hr>
            <ns3:cad>84</ns3:cad>
          </ns3:TrackPointExtension>
        </extensions>
      </trkpt>
      <trkpt lat="40.69518637843430042266845703125" lon="-73.9843708835542201995849609375">
        <ele>9.80000019073486328125</ele>
        <time>2026-03-15T13:27:35.000Z</time>
        <extensions>
          <ns3:TrackPointExtension>
            <ns3:hr>168</ns3:hr>
            <ns3:cad>85</ns3:cad>
          </ns3:TrackPointExtension>
        </extensions>
      </trkpt>
      <trkpt lat="40.69533155299723148345947265625" lon="-73.98446761071681976318359375">
        <ele>10</ele>
        <time>2026-03-15T13:27:44.000Z</time>
        <extensions>
          <ns3:TrackPointExtension>
            <ns3:hr>165</ns3:hr>
            <ns3:cad>85</ns3:cad>
          </ns3:TrackPointExtension>
        </extensions>
      </trkpt>
      <trkpt lat="40.695493407547473907470703125" lon="-73.98457565344870090484619140625">
        <ele>10</ele>
        <time>2026-03-15T13:27:53.000Z</time>
        <extensions>
          <ns3:TrackPointExtension>
            <ns3:hr>164</ns3:hr>
            <ns3:cad>83</ns3:cad>
          </ns3:TrackPointExtension>
        </extensions>
      </trkpt>
      <trkpt lat="40.69567051716148853302001953125" lon="-73.9846773259341716766357421875">
        <ele>10</ele>
        <time>2026-03-15T13:28:01.000Z</time>
        <extensions>
          <ns3:TrackPointExtension>
            <ns3:hr>164</ns3:hr>
            <ns3:cad>85</ns3:cad>
          </ns3:TrackPointExtension>
        </extensions>
      </trkpt>
      <trkpt lat="40.6958751194179058074951171875" lon="-73.98469786159694194793701171875">
        <ele>10</ele>
        <time>2026-03-15T13:28:05.000Z</time>
        <extensions>
          <ns3:TrackPointExtension>
            <ns3:hr>166</ns3:hr>
            <ns3:cad>85</ns3:cad>
          </ns3:TrackPointExtension>
        </extensions>
      </trkpt>
      <trkpt lat="40.69608458317816257476806640625" lon="-73.98470490239560604095458984375">
        <ele>10.3999996185302734375</ele>
        <time>2026-03-15T13:28:11.000Z</time>
        <extensions>
          <ns3:TrackPointExtension>
            <ns3:hr>167</ns3:hr>
            <ns3:cad>84</ns3:cad>
          </ns3:TrackPointExtension>
        </extensions>
      </trkpt>
      <trkpt lat="40.69629865698516368865966796875" lon="-73.9847644977271556854248046875">
        <ele>11.19999980926513671875</ele>
        <time>2026-03-15T13:28:18.000Z</time>
        <extensions>
          <ns3:TrackPointExtension>
            <ns3:hr>166</ns3:hr>
            <ns3:cad>84</ns3:cad>
          </ns3:TrackPointExtension>
        </extensions>
      </trkpt>
      <trkpt lat="40.69627024233341217041015625" lon="-73.98495183326303958892822265625">
        <ele>11.19999980926513671875</ele>
        <time>2026-03-15T13:28:27.000Z</time>
        <extensions>
          <ns3:TrackPointExtension>
            <ns3:hr>163</ns3:hr>
            <ns3:cad>82</ns3:cad>
          </ns3:TrackPointExtension>
        </extensions>
      </trkpt>
      <trkpt lat="40.69610872305929660797119140625" lon="-73.98519071750342845916748046875">
        <ele>11</ele>
        <time>2026-03-15T13:28:44.000Z</time>
        <extensions>
          <ns3:TrackPointExtension>
            <ns3:hr>161</ns3:hr>
            <ns3:cad>84</ns3:cad>
          </ns3:TrackPointExtension>
        </extensions>
      </trkpt>
      <trkpt lat="40.69611542858183383941650390625" lon="-73.98531845770776271820068359375">
        <ele>11</ele>
        <time>2026-03-15T13:28:49.000Z</time>
        <extensions>
          <ns3:TrackPointExtension>
            <ns3:hr>164</ns3:hr>
            <ns3:cad>82</ns3:cad>
          </ns3:TrackPointExtension>
        </extensions>
      </trkpt>
      <trkpt lat="40.6961195357143878936767578125" lon="-73.98557226173579692840576171875">
        <ele>11.6000003814697265625</ele>
        <time>2026-03-15T13:28:58.000Z</time>
        <extensions>
          <ns3:TrackPointExtension>
            <ns3:hr>166</ns3:hr>
            <ns3:cad>82</ns3:cad>
          </ns3:TrackPointExtension>
        </extensions>
      </trkpt>
      <trkpt lat="40.696103610098361968994140625" lon="-73.98578189313411712646484375">
        <ele>11.6000003814697265625</ele>
        <time>2026-03-15T13:29:05.000Z</time>
        <extensions>
          <ns3:TrackPointExtension>
            <ns3:hr>163</ns3:hr>
            <ns3:cad>82</ns3:cad>
          </ns3:TrackPointExtension>
        </extensions>
      </trkpt>
      <trkpt lat="40.69610520265996456146240234375" lon="-73.98583687841892242431640625">
        <ele>11.6000003814697265625</ele>
        <time>2026-03-15T13:29:07.000Z</time>
        <extensions>
          <ns3:TrackPointExtension>
            <ns3:hr>163</ns3:hr>
            <ns3:cad>82</ns3:cad>
          </ns3:TrackPointExtension>
        </extensions>
      </trkpt>
      <trkpt lat="40.69609053432941436767578125" lon="-73.9860717393457889556884765625">
        <ele>12.3999996185302734375</ele>
        <time>2026-03-15T13:29:18.000Z</time>
        <extensions>
          <ns3:TrackPointExtension>
            <ns3:hr>163</ns3:hr>
            <ns3:cad>82</ns3:cad>
          </ns3:TrackPointExtension>
        </extensions>
      </trkpt>
      <trkpt lat="40.69608156569302082061767578125" lon="-73.98631271906197071075439453125">
        <ele>12.6000003814697265625</ele>
        <time>2026-03-15T13:29:28.000Z</time>
        <extensions>
          <ns3:TrackPointExtension>
            <ns3:hr>166</ns3:hr>
            <ns3:cad>83</ns3:cad>
          </ns3:TrackPointExtension>
        </extensions>
      </trkpt>
      <trkpt lat="40.69608827121555805206298828125" lon="-73.98656166158616542816162109375">
        <ele>13.19999980926513671875</ele>
        <time>2026-03-15T13:29:37.000Z</time>
        <extensions>
          <ns3:TrackPointExtension>
            <ns3:hr>168</ns3:hr>
            <ns3:cad>83</ns3:cad>
          </ns3:TrackPointExtension>
        </extensions>
      </trkpt>
      <trkpt lat="40.6960880197584629058837890625" lon="-73.986812867224216461181640625">
        <ele>14</ele>
        <time>2026-03-15T13:29:48.000Z</time>
        <extensions>
          <ns3:TrackPointExtension>
            <ns3:hr>168</ns3:hr>
            <ns3:cad>81</ns3:cad>
          </ns3:TrackPointExtension>
        </extensions>
      </trkpt>
      <trkpt lat="40.69608625955879688262939453125" lon="-73.9870618097484111785888671875">
        <ele>14</ele>
        <time>2026-03-15T13:29:59.000Z</time>
        <extensions>
          <ns3:TrackPointExtension>
            <ns3:hr>167</ns3:hr>
            <ns3:cad>83</ns3:cad>
          </ns3:TrackPointExtension>
        </extensions>
      </trkpt>
      <trkpt lat="40.696108974516391754150390625" lon="-73.98723556660115718841552734375">
        <ele>14</ele>
        <time>2026-03-15T13:30:07.000Z</time>
        <extensions>
          <ns3:TrackPointExtension>
            <ns3:hr>168</ns3:hr>
            <ns3:cad>83</ns3:cad>
          </ns3:TrackPointExtension>
        </extensions>
      </trkpt>
      <trkpt lat="40.696139149367809295654296875" lon="-73.98739130236208438873291015625">
        <ele>14.6000003814697265625</ele>
        <time>2026-03-15T13:30:12.000Z</time>
        <extensions>
          <ns3:TrackPointExtension>
            <ns3:hr>165</ns3:hr>
            <ns3:cad>82</ns3:cad>
          </ns3:TrackPointExtension>
        </extensions>
      </trkpt>
      <trkpt lat="40.69615750573575496673583984375" lon="-73.9876475371420383453369140625">
        <ele>15.6000003814697265625</ele>
        <time>2026-03-15T13:30:20.000Z</time>
        <extensions>
          <ns3:TrackPointExtension>
            <ns3:hr>164</ns3:hr>
            <ns3:cad>83</ns3:cad>
          </ns3:TrackPointExtension>
        </extensions>
      </trkpt>
      <trkpt lat="40.696165971457958221435546875" lon="-73.98788885213434696197509765625">
        <ele>16.3999996185302734375</ele>
        <time>2026-03-15T13:30:30.000Z</time>
        <extensions>
          <ns3:TrackPointExtension>
            <ns3:hr>164</ns3:hr>
            <ns3:cad>82</ns3:cad>
          </ns3:TrackPointExtension>
        </extensions>
      </trkpt>
      <trkpt lat="40.69624920375645160675048828125" lon="-73.98811885155737400054931640625">
        <ele>17.3999996185302734375</ele>
        <time>2026-03-15T13:30:42.000Z</time>
        <extensions>
          <ns3:TrackPointExtension>
            <ns3:hr>165</ns3:hr>
            <ns3:cad>83</ns3:cad>
          </ns3:TrackPointExtension>
        </extensions>
      </trkpt>
      <trkpt lat="40.69626278243958950042724609375" lon="-73.9882486872375011444091796875">
        <ele>17.799999237060546875</ele>
        <time>2026-03-15T13:30:46.000Z</time>
        <extensions>
          <ns3:TrackPointExtension>
            <ns3:hr>168</ns3:hr>
            <ns3:cad>82</ns3:cad>
          </ns3:TrackPointExtension>
        </extensions>
      </trkpt>
      <trkpt lat="40.69626010023057460784912109375" lon="-73.98830157704651355743408203125">
        <ele>18</ele>
        <time>2026-03-15T13:30:48.000Z</time>
        <extensions>
          <ns3:TrackPointExtension>
            <ns3:hr>171</ns3:hr>
            <ns3:cad>84</ns3:cad>
          </ns3:TrackPointExtension>
        </extensions>
      </trkpt>
      <trkpt lat="40.6962482817471027374267578125" lon="-73.9884119667112827301025390625">
        <ele>18.3999996185302734375</ele>
        <time>2026-03-15T13:30:52.000Z</time>
        <extensions>
          <ns3:TrackPointExtension>
            <ns3:hr>174</ns3:hr>
            <ns3:cad>84</ns3:cad>
          </ns3:TrackPointExtension>
        </extensions>
      </trkpt>
      <trkpt lat="40.6962714157998561859130859375" lon="-73.98851179517805576324462890625">
        <ele>18.6000003814697265625</ele>
        <time>2026-03-15T13:30:56.000Z</time>
        <extensions>
          <ns3:TrackPointExtension>
            <ns3:hr>173</ns3:hr>
            <ns3:cad>83</ns3:cad>
          </ns3:TrackPointExtension>
        </extensions>
      </trkpt>
      <trkpt lat="40.6964149139821529388427734375" lon="-73.98865747265517711639404296875">
        <ele>19.200000762939453125</ele>
        <time>2026-03-15T13:31:13.000Z</time>
        <extensions>
          <ns3:TrackPointExtension>
            <ns3:hr>172</ns3:hr>
            <ns3:cad>84</ns3:cad>
          </ns3:TrackPointExtension>
        </extensions>
      </trkpt>
      <trkpt lat="40.69661398418247699737548828125" lon="-73.98876409046351909637451171875">
        <ele>19.6000003814697265625</ele>
        <time>2026-03-15T13:31:20.000Z</time>
        <extensions>
          <ns3:TrackPointExtension>
            <ns3:hr>171</ns3:hr>
            <ns3:cad>84</ns3:cad>
          </ns3:TrackPointExtension>
        </extensions>
      </trkpt>
      <trkpt lat="40.69679419510066509246826171875" lon="-73.9887388609349727630615234375">
        <ele>19.3999996185302734375</ele>
        <time>2026-03-15T13:31:27.000Z</time>
        <extensions>
          <ns3:TrackPointExtension>
            <ns3:hr>171</ns3:hr>
            <ns3:cad>85</ns3:cad>
          </ns3:TrackPointExtension>
        </extensions>
      </trkpt>
      <trkpt lat="40.6969731487333774566650390625" lon="-73.9887450635433197021484375">
        <ele>19.6000003814697265625</ele>
        <time>2026-03-15T13:31:36.000Z</time>
        <extensions>
          <ns3:TrackPointExtension>
            <ns3:hr>172</ns3:hr>
            <ns3:cad>84</ns3:cad>
          </ns3:TrackPointExtension>
        </extensions>
      </trkpt>
      <trkpt lat="40.69709812290966510772705078125" lon="-73.98875185288488864898681640625">
        <ele>19.6000003814697265625</ele>
        <time>2026-03-15T13:31:46.000Z</time>
        <extensions>
          <ns3:TrackPointExtension>
            <ns3:hr>172</ns3:hr>
            <ns3:cad>83</ns3:cad>
          </ns3:TrackPointExtension>
        </extensions>
      </trkpt>
      <trkpt lat="40.69724522531032562255859375" lon="-73.98889820091426372528076171875">
        <ele>20</ele>
        <time>2026-03-15T13:31:56.000Z</time>
        <extensions>
          <ns3:TrackPointExtension>
            <ns3:hr>173</ns3:hr>
            <ns3:cad>83</ns3:cad>
          </ns3:TrackPointExtension>
        </extensions>
      </trkpt>
      <trkpt lat="40.6974482350051403045654296875" lon="-73.9889220893383026123046875">
        <ele>20.200000762939453125</ele>
        <time>2026-03-15T13:32:04.000Z</time>
        <extensions>
          <ns3:TrackPointExtension>
            <ns3:hr>173</ns3:hr>
            <ns3:cad>84</ns3:cad>
          </ns3:TrackPointExtension>
        </extensions>
      </trkpt>
      <trkpt lat="40.6976467184722423553466796875" lon="-73.9888153038918972015380859375">
        <ele>20</ele>
        <time>2026-03-15T13:32:09.000Z</time>
        <extensions>
          <ns3:TrackPointExtension>
            <ns3:hr>177</ns3:hr>
            <ns3:cad>85</ns3:cad>
          </ns3:TrackPointExtension>
        </extensions>
      </trkpt>
      <trkpt lat="40.6978547573089599609375" lon="-73.98876459337770938873291015625">
        <ele>20.3999996185302734375</ele>
        <time>2026-03-15T13:32:16.000Z</time>
        <extensions>
          <ns3:TrackPointExtension>
            <ns3:hr>178</ns3:hr>
            <ns3:cad>85</ns3:cad>
          </ns3:TrackPointExtension>
        </extensions>
      </trkpt>
      <trkpt lat="40.69797688163816928863525390625" lon="-73.9887177385389804840087890625">
        <ele>20.799999237060546875</ele>
        <time>2026-03-15T13:32:21.000Z</time>
        <extensions>
          <ns3:TrackPointExtension>
            <ns3:hr>175</ns3:hr>
            <ns3:cad>84</ns3:cad>
          </ns3:TrackPointExtension>
        </extensions>
      </trkpt>
      <trkpt lat="40.698050558567047119140625" lon="-73.98871354758739471435546875">
        <ele>21</ele>
        <time>2026-03-15T13:32:24.000Z</time>
        <extensions>
          <ns3:TrackPointExtension>
            <ns3:hr>172</ns3:hr>
            <ns3:cad>83</ns3:cad>
          </ns3:TrackPointExtension>
        </extensions>
      </trkpt>
      <trkpt lat="40.69824828766286373138427734375" lon="-73.988701142370700836181640625">
        <ele>21</ele>
        <time>2026-03-15T13:32:33.000Z</time>
        <extensions>
          <ns3:TrackPointExtension>
            <ns3:hr>170</ns3:hr>
            <ns3:cad>84</ns3:cad>
          </ns3:TrackPointExtension>
        </extensions>
      </trkpt>
      <trkpt lat="40.69843403063714504241943359375" lon="-73.988650180399417877197265625">
        <ele>21</ele>
        <time>2026-03-15T13:32:42.000Z</time>
        <extensions>
          <ns3:TrackPointExtension>
            <ns3:hr>170</ns3:hr>
            <ns3:cad>85</ns3:cad>
          </ns3:TrackPointExtension>
        </extensions>
      </trkpt>
      <trkpt lat="40.698617510497570037841796875" lon="-73.9886161498725414276123046875">
        <ele>21</ele>
        <time>2026-03-15T13:32:52.000Z</time>
        <extensions>
          <ns3:TrackPointExtension>
            <ns3:hr>168</ns3:hr>
            <ns3:cad>82</ns3:cad>
          </ns3:TrackPointExtension>
        </extensions>
      </trkpt>
      <trkpt lat="40.69881155155599117279052734375" lon="-73.98861673660576343536376953125">
        <ele>21</ele>
        <time>2026-03-15T13:33:02.000Z</time>
        <extensions>
          <ns3:TrackPointExtension>
            <ns3:hr>166</ns3:hr>
            <ns3:cad>84</ns3:cad>
          </ns3:TrackPointExtension>
        </extensions>
      </trkpt>
      <trkpt lat="40.69893233478069305419921875" lon="-73.9885983802378177642822265625">
        <ele>21</ele>
        <time>2026-03-15T13:33:08.000Z</time>
        <extensions>
          <ns3:TrackPointExtension>
            <ns3:hr>169</ns3:hr>
            <ns3:cad>85</ns3:cad>
          </ns3:TrackPointExtension>
        </extensions>
      </trkpt>
      <trkpt lat="40.69911363534629344940185546875" lon="-73.98859326727688312530517578125">
        <ele>21</ele>
        <time>2026-03-15T13:33:17.000Z</time>
        <extensions>
          <ns3:TrackPointExtension>
            <ns3:hr>168</ns3:hr>
            <ns3:cad>85</ns3:cad>
          </ns3:TrackPointExtension>
        </extensions>
      </trkpt>
      <trkpt lat="40.699310190975666046142578125" lon="-73.98857004940509796142578125">
        <ele>21</ele>
        <time>2026-03-15T13:33:27.000Z</time>
        <extensions>
          <ns3:TrackPointExtension>
            <ns3:hr>168</ns3:hr>
            <ns3:cad>84</ns3:cad>
          </ns3:TrackPointExtension>
        </extensions>
      </trkpt>
      <trkpt lat="40.699492581188678741455078125" lon="-73.98860550485551357269287109375">
        <ele>21</ele>
        <time>2026-03-15T13:33:35.000Z</time>
        <extensions>
          <ns3:TrackPointExtension>
            <ns3:hr>171</ns3:hr>
            <ns3:cad>85</ns3:cad>
          </ns3:TrackPointExtension>
        </extensions>
      </trkpt>
      <trkpt lat="40.69966784678399562835693359375" lon="-73.98867574520409107208251953125">
        <ele>21</ele>
        <time>2026-03-15T13:33:44.000Z</time>
        <extensions>
          <ns3:TrackPointExtension>
            <ns3:hr>169</ns3:hr>
            <ns3:cad>84</ns3:cad>
          </ns3:TrackPointExtension>
        </extensions>
      </trkpt>
      <trkpt lat="40.69985090754926204681396484375" lon="-73.9887837879359722137451171875">
        <ele>21</ele>
        <time>2026-03-15T13:33:54.000Z</time>
        <extensions>
          <ns3:TrackPointExtension>
            <ns3:hr>171</ns3:hr>
            <ns3:cad>84</ns3:cad>
          </ns3:TrackPointExtension>
        </extensions>
      </trkpt>
      <trkpt lat="40.7000067271292209625244140625" lon="-73.98894497193396091461181640625">
        <ele>20.3999996185302734375</ele>
        <time>2026-03-15T13:34:03.000Z</time>
        <extensions>
          <ns3:TrackPointExtension>
            <ns3:hr>169</ns3:hr>
            <ns3:cad>83</ns3:cad>
          </ns3:TrackPointExtension>
        </extensions>
      </trkpt>
      <trkpt lat="40.70006699301302433013916015625" lon="-73.9890104345977306365966796875">
        <ele>20.799999237060546875</ele>
        <time>2026-03-15T13:34:07.000Z</time>
        <extensions>
          <ns3:TrackPointExtension>
            <ns3:hr>166</ns3:hr>
            <ns3:cad>82</ns3:cad>
          </ns3:TrackPointExtension>
        </extensions>
      </trkpt>
      <trkpt lat="40.70008375681936740875244140625" lon="-73.98902870714664459228515625">
        <ele>21</ele>
        <time>2026-03-15T13:34:08.000Z</time>
        <extensions>
          <ns3:TrackPointExtension>
            <ns3:hr>169</ns3:hr>
            <ns3:cad>83</ns3:cad>
          </ns3:TrackPointExtension>
        </extensions>
      </trkpt>
      <trkpt lat="40.7001654803752899169921875" lon="-73.98912199772894382476806640625">
        <ele>21.200000762939453125</ele>
        <time>2026-03-15T13:34:13.000Z</time>
        <extensions>
          <ns3:TrackPointExtension>
            <ns3:hr>172</ns3:hr>
            <ns3:cad>82</ns3:cad>
          </ns3:TrackPointExtension>
        </extensions>
      </trkpt>
      <trkpt lat="40.70022239349782466888427734375" lon="-73.98918838240206241607666015625">
        <ele>21.200000762939453125</ele>
        <time>2026-03-15T13:34:17.000Z</time>
        <extensions>
          <ns3:TrackPointExtension>
            <ns3:hr>173</ns3:hr>
            <ns3:cad>84</ns3:cad>
          </ns3:TrackPointExtension>
        </extensions>
      </trkpt>
      <trkpt lat="40.70035181008279323577880859375" lon="-73.9893752150237560272216796875">
        <ele>20.799999237060546875</ele>
        <time>2026-03-15T13:34:27.000Z</time>
        <extensions>
          <ns3:TrackPointExtension>
            <ns3:hr>173</ns3:hr>
            <ns3:cad>83</ns3:cad>
          </ns3:TrackPointExtension>
        </extensions>
      </trkpt>
      <trkpt lat="40.700416602194309234619140625" lon="-73.989538662135601043701171875">
        <ele>19.6000003814697265625</ele>
        <time>2026-03-15T13:34:34.000Z</time>
        <extensions>
          <ns3:TrackPointExtension>
            <ns3:hr>170</ns3:hr>
            <ns3:cad>82</ns3:cad>
          </ns3:TrackPointExtension>
        </extensions>
      </trkpt>
      <trkpt lat="40.70052766241133213043212890625" lon="-73.9897359721362590789794921875">
        <ele>17.6000003814697265625</ele>
        <time>2026-03-15T13:34:44.000Z</time>
        <extensions>
          <ns3:TrackPointExtension>
            <ns3:hr>170</ns3:hr>
            <ns3:cad>82</ns3:cad>
          </ns3:TrackPointExtension>
        </extensions>
      </trkpt>
      <trkpt lat="40.7005651295185089111328125" lon="-73.98978936485946178436279296875">
        <ele>17.799999237060546875</ele>
        <time>2026-03-15T13:34:48.000Z</time>
        <extensions>
          <ns3:TrackPointExtension>
            <ns3:hr>167</ns3:hr>
            <ns3:cad>78</ns3:cad>
          </ns3:TrackPointExtension>
        </extensions>
      </trkpt>
      <trkpt lat="40.7006665505468845367431640625" lon="-73.98989237844944000244140625">
        <ele>17.6000003814697265625</ele>
        <time>2026-03-15T13:34:58.000Z</time>
        <extensions>
          <ns3:TrackPointExtension>
            <ns3:hr>170</ns3:hr>
            <ns3:cad>71</ns3:cad>
          </ns3:TrackPointExtension>
        </extensions>
      </trkpt>
      <trkpt lat="40.700692199170589447021484375" lon="-73.9898794703185558319091796875">
        <ele>17.3999996185302734375</ele>
        <time>2026-03-15T13:35:03.000Z</time>
        <extensions>
          <ns3:TrackPointExtension>
            <ns3:hr>167</ns3:hr>
            <ns3:cad>0</ns3:cad>
          </ns3:TrackPointExtension>
        </extensions>
      </trkpt>
      <trkpt lat="40.70070301182568073272705078125" lon="-73.98986781947314739227294921875">
        <ele>17.200000762939453125</ele>
        <time>2026-03-15T13:35:09.000Z</time>
        <extensions>
          <ns3:TrackPointExtension>
            <ns3:hr>164</ns3:hr>
            <ns3:cad>0</ns3:cad>
          </ns3:TrackPointExtension>
        </extensions>
      </trkpt>
      <trkpt lat="40.70071399211883544921875" lon="-73.9898479543626308441162109375">
        <ele>17</ele>
        <time>2026-03-15T13:35:15.000Z</time>
        <extensions>
          <ns3:TrackPointExtension>
            <ns3:hr>161</ns3:hr>
            <ns3:cad>0</ns3:cad>
          </ns3:TrackPointExtension>
        </extensions>
      </trkpt>
      <trkpt lat="40.70071508176624774932861328125" lon="-73.9898469485342502593994140625">
        <ele>17</ele>
        <time>2026-03-15T13:35:18.000Z</time>
        <extensions>
          <ns3:TrackPointExtension>
            <ns3:hr>158</ns3:hr>
            <ns3:cad>0</ns3:cad>
          </ns3:TrackPointExtension>
        </extensions>
      </trkpt>
      <trkpt lat="40.7007155008614063262939453125" lon="-73.9898513071238994598388671875">
        <ele>17</ele>
        <time>2026-03-15T13:35:21.000Z</time>
        <extensions>
          <ns3:TrackPointExtension>
            <ns3:hr>155</ns3:hr>
            <ns3:cad>0</ns3:cad>
          </ns3:TrackPointExtension>
        </extensions>
      </trkpt>
      <trkpt lat="40.70072673261165618896484375" lon="-73.989874608814716339111328125">
        <ele>17</ele>
        <time>2026-03-15T13:35:23.000Z</time>
        <extensions>
          <ns3:TrackPointExtension>
            <ns3:hr>152</ns3:hr>
            <ns3:cad>60</ns3:cad>
          </ns3:TrackPointExtension>
        </extensions>
      </trkpt>
      <trkpt lat="40.7008469291031360626220703125" lon="-73.99009882472455501556396484375">
        <ele>15.3999996185302734375</ele>
        <time>2026-03-15T13:35:36.000Z</time>
        <extensions>
          <ns3:TrackPointExtension>
            <ns3:hr>156</ns3:hr>
            <ns3:cad>77</ns3:cad>
          </ns3:TrackPointExtension>
        </extensions>
      </trkpt>
      <trkpt lat="40.70094206370413303375244140625" lon="-73.99022237397730350494384765625">
        <ele>14.19999980926513671875</ele>
        <time>2026-03-15T13:35:42.000Z</time>
        <extensions>
          <ns3:TrackPointExtension>
            <ns3:hr>163</ns3:hr>
            <ns3:cad>83</ns3:cad>
          </ns3:TrackPointExtension>
        </extensions>
      </trkpt>
      <trkpt lat="40.70094206370413303375244140625" lon="-73.99022237397730350494384765625">
        <ele>14.19999980926513671875</ele>
        <time>2026-03-15T13:35:43.000Z</time>
        <extensions>
          <ns3:TrackPointExtension>
            <ns3:hr>163</ns3:hr>
            <ns3:cad>83</ns3:cad>
          </ns3:TrackPointExtension>
        </extensions>
      </trkpt>
      <trkpt lat="40.701017081737518310546875" lon="-73.99032848887145519256591796875">
        <ele>13.3999996185302734375</ele>
        <time>2026-03-15T13:35:50.000Z</time>
        <extensions>
          <ns3:TrackPointExtension>
            <ns3:hr>160</ns3:hr>
            <ns3:cad>80</ns3:cad>
          </ns3:TrackPointExtension>
        </extensions>
      </trkpt>
      <trkpt lat="40.70116334594786167144775390625" lon="-73.9904933609068393707275390625">
        <ele>12.3999996185302734375</ele>
        <time>2026-03-15T13:36:01.000Z</time>
        <extensions>
          <ns3:TrackPointExtension>
            <ns3:hr>162</ns3:hr>
            <ns3:cad>83</ns3:cad>
          </ns3:TrackPointExtension>
        </extensions>
      </trkpt>
      <trkpt lat="40.701288990676403045654296875" lon="-73.99068354628980159759521484375">
        <ele>11.80000019073486328125</ele>
        <time>2026-03-15T13:36:09.000Z</time>
        <extensions>
          <ns3:TrackPointExtension>
            <ns3:hr>162</ns3:hr>
            <ns3:cad>86</ns3:cad>
          </ns3:TrackPointExtension>
        </extensions>
      </trkpt>
      <trkpt lat="40.70143944583833217620849609375" lon="-73.99085462093353271484375">
        <ele>11.19999980926513671875</ele>
        <time>2026-03-15T13:36:17.000Z</time>
        <extensions>
          <ns3:TrackPointExtension>
            <ns3:hr>162</ns3:hr>
            <ns3:cad>83</ns3:cad>
          </ns3:TrackPointExtension>
        </extensions>
      </trkpt>
      <trkpt lat="40.701569281518459320068359375" lon="-73.991028964519500732421875">
        <ele>10.80000019073486328125</ele>
        <time>2026-03-15T13:36:25.000Z</time>
        <extensions>
          <ns3:TrackPointExtension>
            <ns3:hr>161</ns3:hr>
            <ns3:cad>83</ns3:cad>
          </ns3:TrackPointExtension>
        </extensions>
      </trkpt>
      <trkpt lat="40.7017173059284687042236328125" lon="-73.99119635112583637237548828125">
        <ele>10.19999980926513671875</ele>
        <time>2026-03-15T13:36:35.000Z</time>
        <extensions>
          <ns3:TrackPointExtension>
            <ns3:hr>163</ns3:hr>
            <ns3:cad>84</ns3:cad>
          </ns3:TrackPointExtension>
        </extensions>
      </trkpt>
      <trkpt lat="40.70187211968004703521728515625" lon="-73.99135795421898365020751953125">
        <ele>9.3999996185302734375</ele>
        <time>2026-03-15T13:36:44.000Z</time>
        <extensions>
          <ns3:TrackPointExtension>
            <ns3:hr>163</ns3:hr>
            <ns3:cad>84</ns3:cad>
          </ns3:TrackPointExtension>
        </extensions>
      </trkpt>
      <trkpt lat="40.70198359899222850799560546875" lon="-73.9915276877582073211669921875">
        <ele>8.19999980926513671875</ele>
        <time>2026-03-15T13:36:52.000Z</time>
        <extensions>
          <ns3:TrackPointExtension>
            <ns3:hr>164</ns3:hr>
            <ns3:cad>85</ns3:cad>
          </ns3:TrackPointExtension>
        </extensions>
      </trkpt>
      <trkpt lat="40.7020683400332927703857421875" lon="-73.9916845969855785369873046875">
        <ele>8</ele>
        <time>2026-03-15T13:36:59.000Z</time>
        <extensions>
          <ns3:TrackPointExtension>
            <ns3:hr>167</ns3:hr>
            <ns3:cad>83</ns3:cad>
          </ns3:TrackPointExtension>
        </extensions>
      </trkpt>
      <trkpt lat="40.70220085792243480682373046875" lon="-73.99185868911445140838623046875">
        <ele>7</ele>
        <time>2026-03-15T13:37:08.000Z</time>
        <extensions>
          <ns3:TrackPointExtension>
            <ns3:hr>164</ns3:hr>
            <ns3:cad>81</ns3:cad>
          </ns3:TrackPointExtension>
        </extensions>
      </trkpt>
      <trkpt lat="40.70234871469438076019287109375" lon="-73.99200185202062129974365234375">
        <ele>6</ele>
        <time>2026-03-15T13:37:17.000Z</time>
        <extensions>
          <ns3:TrackPointExtension>
            <ns3:hr>165</ns3:hr>
            <ns3:cad>82</ns3:cad>
          </ns3:TrackPointExtension>
        </extensions>
      </trkpt>
      <trkpt lat="40.7024904526770114898681640625" lon="-73.9921782910823822021484375">
        <ele>5.400000095367431640625</ele>
        <time>2026-03-15T13:37:28.000Z</time>
        <extensions>
          <ns3:TrackPointExtension>
            <ns3:hr>167</ns3:hr>
            <ns3:cad>82</ns3:cad>
          </ns3:TrackPointExtension>
        </extensions>
      </trkpt>
      <trkpt lat="40.70257745683193206787109375" lon="-73.99230075068771839141845703125">
        <ele>5.19999980926513671875</ele>
        <time>2026-03-15T13:37:35.000Z</time>
        <extensions>
          <ns3:TrackPointExtension>
            <ns3:hr>164</ns3:hr>
            <ns3:cad>83</ns3:cad>
          </ns3:TrackPointExtension>
        </extensions>
      </trkpt>
      <trkpt lat="40.70271248929202556610107421875" lon="-73.99247744120657444000244140625">
        <ele>4.599999904632568359375</ele>
        <time>2026-03-15T13:37:45.000Z</time>
        <extensions>
          <ns3:TrackPointExtension>
            <ns3:hr>163</ns3:hr>
            <ns3:cad>83</ns3:cad>
          </ns3:TrackPointExtension>
        </extensions>
      </trkpt>
      <trkpt lat="40.7028364576399326324462890625" lon="-73.99267424829304218292236328125">
        <ele>4.19999980926513671875</ele>
        <time>2026-03-15T13:37:59.000Z</time>
        <extensions>
          <ns3:TrackPointExtension>
            <ns3:hr>162</ns3:hr>
            <ns3:cad>60</ns3:cad>
          </ns3:TrackPointExtension>
        </extensions>
      </trkpt>
      <trkpt lat="40.70298138074576854705810546875" lon="-73.99282160215079784393310546875">
        <ele>3.599999904632568359375</ele>
        <time>2026-03-15T13:38:10.000Z</time>
        <extensions>
          <ns3:TrackPointExtension>
            <ns3:hr>160</ns3:hr>
            <ns3:cad>83</ns3:cad>
          </ns3:TrackPointExtension>
        </extensions>
      </trkpt>
      <trkpt lat="40.70309604518115520477294921875" lon="-73.9929561316967010498046875">
        <ele>3.2000000476837158203125</ele>
        <time>2026-03-15T13:38:21.000Z</time>
        <extensions>
          <ns3:TrackPointExtension>
            <ns3:hr>157</ns3:hr>
            <ns3:cad>61</ns3:cad>
          </ns3:TrackPointExtension>
        </extensions>
      </trkpt>
      <trkpt lat="40.70313393138349056243896484375" lon="-73.9930196665227413177490234375">
        <ele>3.2000000476837158203125</ele>
        <time>2026-03-15T13:38:25.000Z</time>
        <extensions>
          <ns3:TrackPointExtension>
            <ns3:hr>154</ns3:hr>
            <ns3:cad>61</ns3:cad>
          </ns3:TrackPointExtension>
        </extensions>
      </trkpt>
      <trkpt lat="40.70314080454409122467041015625" lon="-73.99303366430103778839111328125">
        <ele>3</ele>
        <time>2026-03-15T13:38:26.000Z</time>
        <extensions>
          <ns3:TrackPointExtension>
            <ns3:hr>158</ns3:hr>
            <ns3:cad>61</ns3:cad>
          </ns3:TrackPointExtension>
        </extensions>
      </trkpt>
      <trkpt lat="40.70315052755177021026611328125" lon="-73.9930424652993679046630859375">
        <ele>3</ele>
        <time>2026-03-15T13:38:27.000Z</time>
        <extensions>
          <ns3:TrackPointExtension>
            <ns3:hr>163</ns3:hr>
            <ns3:cad>60</ns3:cad>
          </ns3:TrackPointExtension>
        </extensions>
      </trkpt>
      <trkpt lat="40.70315605960786342620849609375" lon="-73.99305176921188831329345703125">
        <ele>3</ele>
        <time>2026-03-15T13:38:28.000Z</time>
        <extensions>
          <ns3:TrackPointExtension>
            <ns3:hr>166</ns3:hr>
            <ns3:cad>60</ns3:cad>
          </ns3:TrackPointExtension>
        </extensions>
      </trkpt>
      <trkpt lat="40.703162848949432373046875" lon="-73.993063755333423614501953125">
        <ele>3</ele>
        <time>2026-03-15T13:38:29.000Z</time>
        <extensions>
          <ns3:TrackPointExtension>
            <ns3:hr>171</ns3:hr>
            <ns3:cad>60</ns3:cad>
          </ns3:TrackPointExtension>
        </extensions>
      </trkpt>
      <trkpt lat="40.7032739929854869842529296875" lon="-73.99321605451405048370361328125">
        <ele>2.599999904632568359375</ele>
        <time>2026-03-15T13:38:41.000Z</time>
        <extensions>
          <ns3:TrackPointExtension>
            <ns3:hr>167</ns3:hr>
            <ns3:cad>61</ns3:cad>
          </ns3:TrackPointExtension>
        </extensions>
      </trkpt>
      <trkpt lat="40.7032904215157032012939453125" lon="-73.99322913028299808502197265625">
        <ele>2.599999904632568359375</ele>
        <time>2026-03-15T13:38:42.000Z</time>
        <extensions>
          <ns3:TrackPointExtension>
            <ns3:hr>163</ns3:hr>
            <ns3:cad>61</ns3:cad>
          </ns3:TrackPointExtension>
        </extensions>
      </trkpt>
      <trkpt lat="40.70330358110368251800537109375" lon="-73.99324539117515087127685546875">
        <ele>2.599999904632568359375</ele>
        <time>2026-03-15T13:38:43.000Z</time>
        <extensions>
          <ns3:TrackPointExtension>
            <ns3:hr>163</ns3:hr>
            <ns3:cad>61</ns3:cad>
          </ns3:TrackPointExtension>
        </extensions>
      </trkpt>
      <trkpt lat="40.70339594967663288116455078125" lon="-73.99337346665561199188232421875">
        <ele>2.2000000476837158203125</ele>
        <time>2026-03-15T13:38:52.000Z</time>
        <extensions>
          <ns3:TrackPointExtension>
            <ns3:hr>169</ns3:hr>
            <ns3:cad>0</ns3:cad>
          </ns3:TrackPointExtension>
        </extensions>
      </trkpt>
      <trkpt lat="40.703520588576793670654296875" lon="-73.99351864121854305267333984375">
        <ele>1.7999999523162841796875</ele>
        <time>2026-03-15T13:39:03.000Z</time>
        <extensions>
          <ns3:TrackPointExtension>
            <ns3:hr>166</ns3:hr>
            <ns3:cad>60</ns3:cad>
          </ns3:TrackPointExtension>
        </extensions>
      </trkpt>
      <trkpt lat="40.7036045752465724945068359375" lon="-73.99362341500818729400634765625">
        <ele>1.39999997615814208984375</ele>
        <time>2026-03-15T13:39:10.000Z</time>
        <extensions>
          <ns3:TrackPointExtension>
            <ns3:hr>163</ns3:hr>
            <ns3:cad>0</ns3:cad>
          </ns3:TrackPointExtension>
        </extensions>
      </trkpt>
      <trkpt lat="40.7036796770989894866943359375" lon="-73.9936959184706211090087890625">
        <ele>1.2000000476837158203125</ele>
        <time>2026-03-15T13:39:15.000Z</time>
        <extensions>
          <ns3:TrackPointExtension>
            <ns3:hr>160</ns3:hr>
            <ns3:cad>0</ns3:cad>
          </ns3:TrackPointExtension>
        </extensions>
      </trkpt>
      <trkpt lat="40.7037128694355487823486328125" lon="-73.9937259256839752197265625">
        <ele>1</ele>
        <time>2026-03-15T13:39:17.000Z</time>
        <extensions>
          <ns3:TrackPointExtension>
            <ns3:hr>159</ns3:hr>
            <ns3:cad>83</ns3:cad>
          </ns3:TrackPointExtension>
        </extensions>
      </trkpt>
      <trkpt lat="40.7037520967423915863037109375" lon="-73.99376875720918178558349609375">
        <ele>1</ele>
        <time>2026-03-15T13:39:20.000Z</time>
        <extensions>
          <ns3:TrackPointExtension>
            <ns3:hr>162</ns3:hr>
            <ns3:cad>83</ns3:cad>
          </ns3:TrackPointExtension>
        </extensions>
      </trkpt>
      <trkpt lat="40.70377145893871784210205078125" lon="-73.99378786794841289520263671875">
        <ele>1</ele>
        <time>2026-03-15T13:39:22.000Z</time>
        <extensions>
          <ns3:TrackPointExtension>
            <ns3:hr>159</ns3:hr>
            <ns3:cad>83</ns3:cad>
          </ns3:TrackPointExtension>
        </extensions>
      </trkpt>
      <trkpt lat="40.70380398072302341461181640625" lon="-73.99384796619415283203125">
        <ele>1</ele>
        <time>2026-03-15T13:39:26.000Z</time>
        <extensions>
          <ns3:TrackPointExtension>
            <ns3:hr>163</ns3:hr>
            <ns3:cad>79</ns3:cad>
          </ns3:TrackPointExtension>
        </extensions>
      </trkpt>
      <trkpt lat="40.70383247919380664825439453125" lon="-73.99387939833104610443115234375">
        <ele>1</ele>
        <time>2026-03-15T13:39:28.000Z</time>
        <extensions>
          <ns3:TrackPointExtension>
            <ns3:hr>169</ns3:hr>
            <ns3:cad>79</ns3:cad>
          </ns3:TrackPointExtension>
        </extensions>
      </trkpt>
      <trkpt lat="40.7038446329534053802490234375" lon="-73.9938923902809619903564453125">
        <ele>1</ele>
        <time>2026-03-15T13:39:29.000Z</time>
        <extensions>
          <ns3:TrackPointExtension>
            <ns3:hr>169</ns3:hr>
            <ns3:cad>60</ns3:cad>
          </ns3:TrackPointExtension>
        </extensions>
      </trkpt>
      <trkpt lat="40.703882016241550445556640625" lon="-73.9939366467297077178955078125">
        <ele>1</ele>
        <time>2026-03-15T13:39:32.000Z</time>
        <extensions>
          <ns3:TrackPointExtension>
            <ns3:hr>173</ns3:hr>
            <ns3:cad>60</ns3:cad>
          </ns3:TrackPointExtension>
        </extensions>
      </trkpt>
      <trkpt lat="40.7039046473801136016845703125" lon="-73.99397738277912139892578125">
        <ele>1</ele>
        <time>2026-03-15T13:39:34.000Z</time>
        <extensions>
          <ns3:TrackPointExtension>
            <ns3:hr>176</ns3:hr>
            <ns3:cad>60</ns3:cad>
          </ns3:TrackPointExtension>
        </extensions>
      </trkpt>
      <trkpt lat="40.7039552740752696990966796875" lon="-73.99404385127127170562744140625">
        <ele>0.60000002384185791015625</ele>
        <time>2026-03-15T13:39:39.000Z</time>
        <extensions>
          <ns3:TrackPointExtension>
            <ns3:hr>172</ns3:hr>
            <ns3:cad>60</ns3:cad>
          </ns3:TrackPointExtension>
        </extensions>
      </trkpt>
      <trkpt lat="40.703964494168758392333984375" lon="-73.99405793286859989166259765625">
        <ele>0.60000002384185791015625</ele>
        <time>2026-03-15T13:39:40.000Z</time>
        <extensions>
          <ns3:TrackPointExtension>
            <ns3:hr>169</ns3:hr>
            <ns3:cad>60</ns3:cad>
          </ns3:TrackPointExtension>
        </extensions>
      </trkpt>
      <trkpt lat="40.70396893657743930816650390625" lon="-73.99407318793237209320068359375">
        <ele>0.4000000059604644775390625</ele>
        <time>2026-03-15T13:39:41.000Z</time>
        <extensions>
          <ns3:TrackPointExtension>
            <ns3:hr>164</ns3:hr>
            <ns3:cad>60</ns3:cad>
          </ns3:TrackPointExtension>
        </extensions>
      </trkpt>
      <trkpt lat="40.70403900928795337677001953125" lon="-73.99416471831500530242919921875">
        <ele>0</ele>
        <time>2026-03-15T13:39:48.000Z</time>
        <extensions>
          <ns3:TrackPointExtension>
            <ns3:hr>160</ns3:hr>
            <ns3:cad>61</ns3:cad>
          </ns3:TrackPointExtension>
        </extensions>
      </trkpt>
      <trkpt lat="40.70415191352367401123046875" lon="-73.994333446025848388671875">
        <ele>0</ele>
        <time>2026-03-15T13:39:56.000Z</time>
        <extensions>
          <ns3:TrackPointExtension>
            <ns3:hr>163</ns3:hr>
            <ns3:cad>86</ns3:cad>
          </ns3:TrackPointExtension>
        </extensions>
      </trkpt>
      <trkpt lat="40.70429482497274875640869140625" lon="-73.99449697695672512054443359375">
        <ele>0</ele>
        <time>2026-03-15T13:40:05.000Z</time>
        <extensions>
          <ns3:TrackPointExtension>
            <ns3:hr>168</ns3:hr>
            <ns3:cad>87</ns3:cad>
          </ns3:TrackPointExtension>
        </extensions>
      </trkpt>
      <trkpt lat="40.70436942391097545623779296875" lon="-73.99459521286189556121826171875">
        <ele>0</ele>
        <time>2026-03-15T13:40:10.000Z</time>
        <extensions>
          <ns3:TrackPointExtension>
            <ns3:hr>165</ns3:hr>
            <ns3:cad>85</ns3:cad>
          </ns3:TrackPointExtension>
        </extensions>
      </trkpt>
      <trkpt lat="40.70442658849060535430908203125" lon="-73.99466914124786853790283203125">
        <ele>0</ele>
        <time>2026-03-15T13:40:14.000Z</time>
        <extensions>
          <ns3:TrackPointExtension>
            <ns3:hr>162</ns3:hr>
            <ns3:cad>86</ns3:cad>
          </ns3:TrackPointExtension>
        </extensions>
      </trkpt>
      <trkpt lat="40.70448056794703006744384765625" lon="-73.99473720230162143707275390625">
        <ele>0</ele>
        <time>2026-03-15T13:40:18.000Z</time>
        <extensions>
          <ns3:TrackPointExtension>
            <ns3:hr>158</ns3:hr>
            <ns3:cad>84</ns3:cad>
          </ns3:TrackPointExtension>
        </extensions>
      </trkpt>
      <trkpt lat="40.70451661013066768646240234375" lon="-73.9947952888906002044677734375">
        <ele>0</ele>
        <time>2026-03-15T13:40:21.000Z</time>
        <extensions>
          <ns3:TrackPointExtension>
            <ns3:hr>162</ns3:hr>
            <ns3:cad>84</ns3:cad>
          </ns3:TrackPointExtension>
        </extensions>
      </trkpt>
      <trkpt lat="40.70455566979944705963134765625" lon="-73.99485320784151554107666015625">
        <ele>0</ele>
        <time>2026-03-15T13:40:24.000Z</time>
        <extensions>
          <ns3:TrackPointExtension>
            <ns3:hr>166</ns3:hr>
            <ns3:cad>84</ns3:cad>
          </ns3:TrackPointExtension>
        </extensions>
      </trkpt>
      <trkpt lat="40.704584084451198577880859375" lon="-73.99488556198775768280029296875">
        <ele>0</ele>
        <time>2026-03-15T13:40:26.000Z</time>
        <extensions>
          <ns3:TrackPointExtension>
            <ns3:hr>171</ns3:hr>
            <ns3:cad>84</ns3:cad>
          </ns3:TrackPointExtension>
        </extensions>
      </trkpt>
      <trkpt lat="40.7045963220298290252685546875" lon="-73.99490551091730594635009765625">
        <ele>0</ele>
        <time>2026-03-15T13:40:27.000Z</time>
        <extensions>
          <ns3:TrackPointExtension>
            <ns3:hr>171</ns3:hr>
            <ns3:cad>84</ns3:cad>
          </ns3:TrackPointExtension>
        </extensions>
      </trkpt>
      <trkpt lat="40.70461786352097988128662109375" lon="-73.9949451573193073272705078125">
        <ele>0</ele>
        <time>2026-03-15T13:40:29.000Z</time>
        <extensions>
          <ns3:TrackPointExtension>
            <ns3:hr>166</ns3:hr>
            <ns3:cad>85</ns3:cad>
          </ns3:TrackPointExtension>
        </extensions>
      </trkpt>
      <trkpt lat="40.7046311907470226287841796875" lon="-73.994963429868221282958984375">
        <ele>0</ele>
        <time>2026-03-15T13:40:30.000Z</time>
        <extensions>
          <ns3:TrackPointExtension>
            <ns3:hr>166</ns3:hr>
            <ns3:cad>85</ns3:cad>
          </ns3:TrackPointExtension>
        </extensions>
      </trkpt>
      <trkpt lat="40.7046606950461864471435546875" lon="-73.99500173516571521759033203125">
        <ele>0</ele>
        <time>2026-03-15T13:40:32.000Z</time>
        <extensions>
          <ns3:TrackPointExtension>
            <ns3:hr>171</ns3:hr>
            <ns3:cad>84</ns3:cad>
          </ns3:TrackPointExtension>
        </extensions>
      </trkpt>
      <trkpt lat="40.70467502810060977935791015625" lon="-73.99502201937139034271240234375">
        <ele>0</ele>
        <time>2026-03-15T13:40:33.000Z</time>
        <extensions>
          <ns3:TrackPointExtension>
            <ns3:hr>171</ns3:hr>
            <ns3:cad>84</ns3:cad>
          </ns3:TrackPointExtension>
        </extensions>
      </trkpt>
      <trkpt lat="40.70472666062414646148681640625" lon="-73.99509410373866558074951171875">
        <ele>0</ele>
        <time>2026-03-15T13:40:37.000Z</time>
        <extensions>
          <ns3:TrackPointExtension>
            <ns3:hr>168</ns3:hr>
            <ns3:cad>84</ns3:cad>
          </ns3:TrackPointExtension>
        </extensions>
      </trkpt>
      <trkpt lat="40.70479162037372589111328125" lon="-73.99515327997505664825439453125">
        <ele>0</ele>
        <time>2026-03-15T13:40:41.000Z</time>
        <extensions>
          <ns3:TrackPointExtension>
            <ns3:hr>164</ns3:hr>
            <ns3:cad>84</ns3:cad>
          </ns3:TrackPointExtension>
        </extensions>
      </trkpt>
      <trkpt lat="40.70484928786754608154296875" lon="-73.9952224306762218475341796875">
        <ele>0</ele>
        <time>2026-03-15T13:40:45.000Z</time>
        <extensions>
          <ns3:TrackPointExtension>
            <ns3:hr>168</ns3:hr>
            <ns3:cad>84</ns3:cad>
          </ns3:TrackPointExtension>
        </extensions>
      </trkpt>
      <trkpt lat="40.70486395619809627532958984375" lon="-73.99524112232029438018798828125">
        <ele>0</ele>
        <time>2026-03-15T13:40:46.000Z</time>
        <extensions>
          <ns3:TrackPointExtension>
            <ns3:hr>171</ns3:hr>
            <ns3:cad>84</ns3:cad>
          </ns3:TrackPointExtension>
        </extensions>
      </trkpt>
      <trkpt lat="40.704879462718963623046875" lon="-73.9952599816024303436279296875">
        <ele>0</ele>
        <time>2026-03-15T13:40:47.000Z</time>
        <extensions>
          <ns3:TrackPointExtension>
            <ns3:hr>174</ns3:hr>
            <ns3:cad>84</ns3:cad>
          </ns3:TrackPointExtension>
        </extensions>
      </trkpt>
      <trkpt lat="40.7050046883523464202880859375" lon="-73.99545284919440746307373046875">
        <ele>0</ele>
        <time>2026-03-15T13:40:56.000Z</time>
        <extensions>
          <ns3:TrackPointExtension>
            <ns3:hr>172</ns3:hr>
            <ns3:cad>85</ns3:cad>
          </ns3:TrackPointExtension>
        </extensions>
      </trkpt>
      <trkpt lat="40.705137290060520172119140625" lon="-73.995645046234130859375">
        <ele>0</ele>
        <time>2026-03-15T13:41:07.000Z</time>
        <extensions>
          <ns3:TrackPointExtension>
            <ns3:hr>169</ns3:hr>
            <ns3:cad>84</ns3:cad>
          </ns3:TrackPointExtension>
        </extensions>
      </trkpt>
      <trkpt lat="40.7052858173847198486328125" lon="-73.99580790661275386810302734375">
        <ele>0</ele>
        <time>2026-03-15T13:41:16.000Z</time>
        <extensions>
          <ns3:TrackPointExtension>
            <ns3:hr>169</ns3:hr>
            <ns3:cad>87</ns3:cad>
          </ns3:TrackPointExtension>
        </extensions>
      </trkpt>
      <trkpt lat="40.70543945766985416412353515625" lon="-73.9959462918341159820556640625">
        <ele>0</ele>
        <time>2026-03-15T13:41:25.000Z</time>
        <extensions>
          <ns3:TrackPointExtension>
            <ns3:hr>169</ns3:hr>
            <ns3:cad>84</ns3:cad>
          </ns3:TrackPointExtension>
        </extensions>
      </trkpt>
      <trkpt lat="40.7055947743356227874755859375" lon="-73.99610613472759723663330078125">
        <ele>0</ele>
        <time>2026-03-15T13:41:35.000Z</time>
        <extensions>
          <ns3:TrackPointExtension>
            <ns3:hr>171</ns3:hr>
            <ns3:cad>83</ns3:cad>
          </ns3:TrackPointExtension>
        </extensions>
      </trkpt>
      <trkpt lat="40.7057245261967182159423828125" lon="-73.99627746082842350006103515625">
        <ele>0</ele>
        <time>2026-03-15T13:41:45.000Z</time>
        <extensions>
          <ns3:TrackPointExtension>
            <ns3:hr>172</ns3:hr>
            <ns3:cad>83</ns3:cad>
          </ns3:TrackPointExtension>
        </extensions>
      </trkpt>
      <trkpt lat="40.70580071769654750823974609375" lon="-73.996372260153293609619140625">
        <ele>0</ele>
        <time>2026-03-15T13:41:50.000Z</time>
        <extensions>
          <ns3:TrackPointExtension>
            <ns3:hr>175</ns3:hr>
            <ns3:cad>82</ns3:cad>
          </ns3:TrackPointExtension>
        </extensions>
      </trkpt>
      <trkpt lat="40.7059350796043872833251953125" lon="-73.9965588413178920745849609375">
        <ele>0</ele>
        <time>2026-03-15T13:42:00.000Z</time>
        <extensions>
          <ns3:TrackPointExtension>
            <ns3:hr>174</ns3:hr>
            <ns3:cad>84</ns3:cad>
          </ns3:TrackPointExtension>
        </extensions>
      </trkpt>
      <trkpt lat="40.7060802541673183441162109375" lon="-73.99671801365911960601806640625">
        <ele>0</ele>
        <time>2026-03-15T13:42:09.000Z</time>
        <extensions>
          <ns3:TrackPointExtension>
            <ns3:hr>175</ns3:hr>
            <ns3:cad>85</ns3:cad>
          </ns3:TrackPointExtension>
        </extensions>
      </trkpt>
      <trkpt lat="40.706201456487178802490234375" lon="-73.99691306054592132568359375">
        <ele>0</ele>
        <time>2026-03-15T13:42:18.000Z</time>
        <extensions>
          <ns3:TrackPointExtension>
            <ns3:hr>175</ns3:hr>
            <ns3:cad>86</ns3:cad>
          </ns3:TrackPointExtension>
        </extensions>
      </trkpt>
      <trkpt lat="40.706338249146938323974609375" lon="-73.99709855206310749053955078125">
        <ele>0</ele>
        <time>2026-03-15T13:42:27.000Z</time>
        <extensions>
          <ns3:TrackPointExtension>
            <ns3:hr>175</ns3:hr>
            <ns3:cad>84</ns3:cad>
          </ns3:TrackPointExtension>
        </extensions>
      </trkpt>
      <trkpt lat="40.7064767181873321533203125" lon="-73.99728362448513507843017578125">
        <ele>0</ele>
        <time>2026-03-15T13:42:36.000Z</time>
        <extensions>
          <ns3:TrackPointExtension>
            <ns3:hr>174</ns3:hr>
            <ns3:cad>86</ns3:cad>
          </ns3:TrackPointExtension>
        </extensions>
      </trkpt>
      <trkpt lat="40.7066311128437519073486328125" lon="-73.9974367618560791015625">
        <ele>0</ele>
        <time>2026-03-15T13:42:45.000Z</time>
        <extensions>
          <ns3:TrackPointExtension>
            <ns3:hr>171</ns3:hr>
            <ns3:cad>85</ns3:cad>
          </ns3:TrackPointExtension>
        </extensions>
      </trkpt>
      <trkpt lat="40.7067739404737949371337890625" lon="-73.99761873297393321990966796875">
        <ele>0</ele>
        <time>2026-03-15T13:42:55.000Z</time>
        <extensions>
          <ns3:TrackPointExtension>
            <ns3:hr>170</ns3:hr>
            <ns3:cad>85</ns3:cad>
          </ns3:TrackPointExtension>
        </extensions>
      </trkpt>
      <trkpt lat="40.7069150917232036590576171875" lon="-73.99779056198894977569580078125">
        <ele>0</ele>
        <time>2026-03-15T13:43:04.000Z</time>
        <extensions>
          <ns3:TrackPointExtension>
            <ns3:hr>170</ns3:hr>
            <ns3:cad>84</ns3:cad>
          </ns3:TrackPointExtension>
        </extensions>
      </trkpt>
      <trkpt lat="40.707022882997989654541015625" lon="-73.9979545958340167999267578125">
        <ele>0</ele>
        <time>2026-03-15T13:43:15.000Z</time>
        <extensions>
          <ns3:TrackPointExtension>
            <ns3:hr>167</ns3:hr>
            <ns3:cad>84</ns3:cad>
          </ns3:TrackPointExtension>
        </extensions>
      </trkpt>
      <trkpt lat="40.70713855326175689697265625" lon="-73.99808979593217372894287109375">
        <ele>0</ele>
        <time>2026-03-15T13:43:21.000Z</time>
        <extensions>
          <ns3:TrackPointExtension>
            <ns3:hr>170</ns3:hr>
            <ns3:cad>86</ns3:cad>
          </ns3:TrackPointExtension>
        </extensions>
      </trkpt>
      <trkpt lat="40.707162357866764068603515625" lon="-73.99812784977257251739501953125">
        <ele>0</ele>
        <time>2026-03-15T13:43:23.000Z</time>
        <extensions>
          <ns3:TrackPointExtension>
            <ns3:hr>173</ns3:hr>
            <ns3:cad>85</ns3:cad>
          </ns3:TrackPointExtension>
        </extensions>
      </trkpt>
      <trkpt lat="40.70728297345340251922607421875" lon="-73.9983339607715606689453125">
        <ele>0</ele>
        <time>2026-03-15T13:43:33.000Z</time>
        <extensions>
          <ns3:TrackPointExtension>
            <ns3:hr>173</ns3:hr>
            <ns3:cad>84</ns3:cad>
          </ns3:TrackPointExtension>
        </extensions>
      </trkpt>
      <trkpt lat="40.70743225514888763427734375" lon="-73.998477794229984283447265625">
        <ele>0</ele>
        <time>2026-03-15T13:43:40.000Z</time>
        <extensions>
          <ns3:TrackPointExtension>
            <ns3:hr>173</ns3:hr>
            <ns3:cad>86</ns3:cad>
          </ns3:TrackPointExtension>
        </extensions>
      </trkpt>
      <trkpt lat="40.7075826264917850494384765625" lon="-73.99863730184733867645263671875">
        <ele>0</ele>
        <time>2026-03-15T13:43:48.000Z</time>
        <extensions>
          <ns3:TrackPointExtension>
            <ns3:hr>173</ns3:hr>
            <ns3:cad>86</ns3:cad>
          </ns3:TrackPointExtension>
        </extensions>
      </trkpt>
      <trkpt lat="40.7076939381659030914306640625" lon="-73.998768143355846405029296875">
        <ele>0</ele>
        <time>2026-03-15T13:43:55.000Z</time>
        <extensions>
          <ns3:TrackPointExtension>
            <ns3:hr>170</ns3:hr>
            <ns3:cad>83</ns3:cad>
          </ns3:TrackPointExtension>
        </extensions>
      </trkpt>
      <trkpt lat="40.7078193314373493194580078125" lon="-73.99894575588405132293701171875">
        <ele>0</ele>
        <time>2026-03-15T13:44:04.000Z</time>
        <extensions>
          <ns3:TrackPointExtension>
            <ns3:hr>168</ns3:hr>
            <ns3:cad>83</ns3:cad>
          </ns3:TrackPointExtension>
        </extensions>
      </trkpt>
      <trkpt lat="40.70793827064335346221923828125" lon="-73.9991143159568309783935546875">
        <ele>0</ele>
        <time>2026-03-15T13:44:11.000Z</time>
        <extensions>
          <ns3:TrackPointExtension>
            <ns3:hr>171</ns3:hr>
            <ns3:cad>83</ns3:cad>
          </ns3:TrackPointExtension>
        </extensions>
      </trkpt>
      <trkpt lat="40.7079769112169742584228515625" lon="-73.99916167370975017547607421875">
        <ele>0.20000000298023223876953125</ele>
        <time>2026-03-15T13:44:13.000Z</time>
        <extensions>
          <ns3:TrackPointExtension>
            <ns3:hr>168</ns3:hr>
            <ns3:cad>83</ns3:cad>
          </ns3:TrackPointExtension>
        </extensions>
      </trkpt>
      <trkpt lat="40.70811311714351177215576171875" lon="-73.99934942834079265594482421875">
        <ele>1</ele>
        <time>2026-03-15T13:44:22.000Z</time>
        <extensions>
          <ns3:TrackPointExtension>
            <ns3:hr>168</ns3:hr>
            <ns3:cad>84</ns3:cad>
          </ns3:TrackPointExtension>
        </extensions>
      </trkpt>
      <trkpt lat="40.70826130919158458709716796875" lon="-73.99952025152742862701416015625">
        <ele>1</ele>
        <time>2026-03-15T13:44:31.000Z</time>
        <extensions>
          <ns3:TrackPointExtension>
            <ns3:hr>168</ns3:hr>
            <ns3:cad>84</ns3:cad>
          </ns3:TrackPointExtension>
        </extensions>
      </trkpt>
      <trkpt lat="40.70836524479091167449951171875" lon="-73.99964631535112857818603515625">
        <ele>1.39999997615814208984375</ele>
        <time>2026-03-15T13:44:37.000Z</time>
        <extensions>
          <ns3:TrackPointExtension>
            <ns3:hr>172</ns3:hr>
            <ns3:cad>85</ns3:cad>
          </ns3:TrackPointExtension>
        </extensions>
      </trkpt>
      <trkpt lat="40.7084389217197895050048828125" lon="-73.99972267448902130126953125">
        <ele>2</ele>
        <time>2026-03-15T13:44:41.000Z</time>
        <extensions>
          <ns3:TrackPointExtension>
            <ns3:hr>167</ns3:hr>
            <ns3:cad>85</ns3:cad>
          </ns3:TrackPointExtension>
        </extensions>
      </trkpt>
      <trkpt lat="40.70858166553080081939697265625" lon="-73.99988670833408832550048828125">
        <ele>2</ele>
        <time>2026-03-15T13:44:50.000Z</time>
        <extensions>
          <ns3:TrackPointExtension>
            <ns3:hr>168</ns3:hr>
            <ns3:cad>84</ns3:cad>
          </ns3:TrackPointExtension>
        </extensions>
      </trkpt>
      <trkpt lat="40.70872642099857330322265625" lon="-74.00007094256579875946044921875">
        <ele>2</ele>
        <time>2026-03-15T13:45:00.000Z</time>
        <extensions>
          <ns3:TrackPointExtension>
            <ns3:hr>165</ns3:hr>
            <ns3:cad>82</ns3:cad>
          </ns3:TrackPointExtension>
        </extensions>
      </trkpt>
      <trkpt lat="40.70884770713746547698974609375" lon="-74.0002482198178768157958984375">
        <ele>2.400000095367431640625</ele>
        <time>2026-03-15T13:45:08.000Z</time>
        <extensions>
          <ns3:TrackPointExtension>
            <ns3:hr>166</ns3:hr>
            <ns3:cad>86</ns3:cad>
          </ns3:TrackPointExtension>
        </extensions>
      </trkpt>
      <trkpt lat="40.70893420837819576263427734375" lon="-74.000347964465618133544921875">
        <ele>3</ele>
        <time>2026-03-15T13:45:13.000Z</time>
        <extensions>
          <ns3:TrackPointExtension>
            <ns3:hr>162</ns3:hr>
            <ns3:cad>85</ns3:cad>
          </ns3:TrackPointExtension>
        </extensions>
      </trkpt>
      <trkpt lat="40.709068067371845245361328125" lon="-74.000543095171451568603515625">
        <ele>3.2000000476837158203125</ele>
        <time>2026-03-15T13:45:22.000Z</time>
        <extensions>
          <ns3:TrackPointExtension>
            <ns3:hr>163</ns3:hr>
            <ns3:cad>85</ns3:cad>
          </ns3:TrackPointExtension>
        </extensions>
      </trkpt>
      <trkpt lat="40.70914073847234249114990234375" lon="-74.00062213651835918426513671875">
        <ele>3.400000095367431640625</ele>
        <time>2026-03-15T13:45:26.000Z</time>
        <extensions>
          <ns3:TrackPointExtension>
            <ns3:hr>166</ns3:hr>
            <ns3:cad>85</ns3:cad>
          </ns3:TrackPointExtension>
        </extensions>
      </trkpt>
      <trkpt lat="40.70928633213043212890625" lon="-74.00079195387661457061767578125">
        <ele>4</ele>
        <time>2026-03-15T13:45:35.000Z</time>
        <extensions>
          <ns3:TrackPointExtension>
            <ns3:hr>164</ns3:hr>
            <ns3:cad>83</ns3:cad>
          </ns3:TrackPointExtension>
        </extensions>
      </trkpt>
      <trkpt lat="40.7093659602105617523193359375" lon="-74.0008828975260257720947265625">
        <ele>4.19999980926513671875</ele>
        <time>2026-03-15T13:45:40.000Z</time>
        <extensions>
          <ns3:TrackPointExtension>
            <ns3:hr>168</ns3:hr>
            <ns3:cad>83</ns3:cad>
          </ns3:TrackPointExtension>
        </extensions>
      </trkpt>
      <trkpt lat="40.709398649632930755615234375" lon="-74.00091466493904590606689453125">
        <ele>4.400000095367431640625</ele>
        <time>2026-03-15T13:45:42.000Z</time>
        <extensions>
          <ns3:TrackPointExtension>
            <ns3:hr>171</ns3:hr>
            <ns3:cad>84</ns3:cad>
          </ns3:TrackPointExtension>
        </extensions>
      </trkpt>
      <trkpt lat="40.70941667072474956512451171875" lon="-74.00093092583119869232177734375">
        <ele>4.400000095367431640625</ele>
        <time>2026-03-15T13:45:43.000Z</time>
        <extensions>
          <ns3:TrackPointExtension>
            <ns3:hr>176</ns3:hr>
            <ns3:cad>84</ns3:cad>
          </ns3:TrackPointExtension>
        </extensions>
      </trkpt>
      <trkpt lat="40.70943477563560009002685546875" lon="-74.0009482763707637786865234375">
        <ele>4.599999904632568359375</ele>
        <time>2026-03-15T13:45:44.000Z</time>
        <extensions>
          <ns3:TrackPointExtension>
            <ns3:hr>179</ns3:hr>
            <ns3:cad>84</ns3:cad>
          </ns3:TrackPointExtension>
        </extensions>
      </trkpt>
      <trkpt lat="40.7094507850706577301025390625" lon="-74.00096721947193145751953125">
        <ele>4.599999904632568359375</ele>
        <time>2026-03-15T13:45:45.000Z</time>
        <extensions>
          <ns3:TrackPointExtension>
            <ns3:hr>179</ns3:hr>
            <ns3:cad>84</ns3:cad>
          </ns3:TrackPointExtension>
        </extensions>
      </trkpt>
      <trkpt lat="40.709587745368480682373046875" lon="-74.00112370960414409637451171875">
        <ele>5</ele>
        <time>2026-03-15T13:45:54.000Z</time>
        <extensions>
          <ns3:TrackPointExtension>
            <ns3:hr>176</ns3:hr>
            <ns3:cad>84</ns3:cad>
          </ns3:TrackPointExtension>
        </extensions>
      </trkpt>
      <trkpt lat="40.7096281461417675018310546875" lon="-74.00121532380580902099609375">
        <ele>4.599999904632568359375</ele>
        <time>2026-03-15T13:45:58.000Z</time>
        <extensions>
          <ns3:TrackPointExtension>
            <ns3:hr>173</ns3:hr>
            <ns3:cad>84</ns3:cad>
          </ns3:TrackPointExtension>
        </extensions>
      </trkpt>
      <trkpt lat="40.70977114140987396240234375" lon="-74.0013774298131465911865234375">
        <ele>4.80000019073486328125</ele>
        <time>2026-03-15T13:46:07.000Z</time>
        <extensions>
          <ns3:TrackPointExtension>
            <ns3:hr>172</ns3:hr>
            <ns3:cad>85</ns3:cad>
          </ns3:TrackPointExtension>
        </extensions>
      </trkpt>
      <trkpt lat="40.7098873145878314971923828125" lon="-74.0015055052936077117919921875">
        <ele>4.19999980926513671875</ele>
        <time>2026-03-15T13:46:14.000Z</time>
        <extensions>
          <ns3:TrackPointExtension>
            <ns3:hr>169</ns3:hr>
            <ns3:cad>83</ns3:cad>
          </ns3:TrackPointExtension>
        </extensions>
      </trkpt>
      <trkpt lat="40.71003374643623828887939453125" lon="-74.00168512947857379913330078125">
        <ele>3.7999999523162841796875</ele>
        <time>2026-03-15T13:46:23.000Z</time>
        <extensions>
          <ns3:TrackPointExtension>
            <ns3:hr>168</ns3:hr>
            <ns3:cad>84</ns3:cad>
          </ns3:TrackPointExtension>
        </extensions>
      </trkpt>
      <trkpt lat="40.71018286049365997314453125" lon="-74.00185377337038516998291015625">
        <ele>3.599999904632568359375</ele>
        <time>2026-03-15T13:46:32.000Z</time>
        <extensions>
          <ns3:TrackPointExtension>
            <ns3:hr>169</ns3:hr>
            <ns3:cad>83</ns3:cad>
          </ns3:TrackPointExtension>
        </extensions>
      </trkpt>
      <trkpt lat="40.71025905199348926544189453125" lon="-74.0019557811319828033447265625">
        <ele>3.599999904632568359375</ele>
        <time>2026-03-15T13:46:37.000Z</time>
        <extensions>
          <ns3:TrackPointExtension>
            <ns3:hr>166</ns3:hr>
            <ns3:cad>82</ns3:cad>
          </ns3:TrackPointExtension>
        </extensions>
      </trkpt>
      <trkpt lat="40.71034421212971210479736328125" lon="-74.00208326987922191619873046875">
        <ele>3.7999999523162841796875</ele>
        <time>2026-03-15T13:46:43.000Z</time>
        <extensions>
          <ns3:TrackPointExtension>
            <ns3:hr>163</ns3:hr>
            <ns3:cad>82</ns3:cad>
          </ns3:TrackPointExtension>
        </extensions>
      </trkpt>
      <trkpt lat="40.710405819118022918701171875" lon="-74.0021619759500026702880859375">
        <ele>4</ele>
        <time>2026-03-15T13:46:47.000Z</time>
        <extensions>
          <ns3:TrackPointExtension>
            <ns3:hr>166</ns3:hr>
            <ns3:cad>83</ns3:cad>
          </ns3:TrackPointExtension>
        </extensions>
      </trkpt>
      <trkpt lat="40.71054470725357532501220703125" lon="-74.00233975611627101898193359375">
        <ele>4.19999980926513671875</ele>
        <time>2026-03-15T13:46:56.000Z</time>
        <extensions>
          <ns3:TrackPointExtension>
            <ns3:hr>165</ns3:hr>
            <ns3:cad>82</ns3:cad>
          </ns3:TrackPointExtension>
        </extensions>
      </trkpt>
      <trkpt lat="40.7106084935367107391357421875" lon="-74.00241787545382976531982421875">
        <ele>4</ele>
        <time>2026-03-15T13:47:00.000Z</time>
        <extensions>
          <ns3:TrackPointExtension>
            <ns3:hr>162</ns3:hr>
            <ns3:cad>82</ns3:cad>
          </ns3:TrackPointExtension>
        </extensions>
      </trkpt>
      <trkpt lat="40.71074805222451686859130859375" lon="-74.0025840885937213897705078125">
        <ele>4.19999980926513671875</ele>
        <time>2026-03-15T13:47:09.000Z</time>
        <extensions>
          <ns3:TrackPointExtension>
            <ns3:hr>162</ns3:hr>
            <ns3:cad>81</ns3:cad>
          </ns3:TrackPointExtension>
        </extensions>
      </trkpt>
      <trkpt lat="40.7108904607594013214111328125" lon="-74.002735130488872528076171875">
        <ele>4.80000019073486328125</ele>
        <time>2026-03-15T13:47:18.000Z</time>
        <extensions>
          <ns3:TrackPointExtension>
            <ns3:hr>161</ns3:hr>
            <ns3:cad>81</ns3:cad>
          </ns3:TrackPointExtension>
        </extensions>
      </trkpt>
      <trkpt lat="40.71097939275205135345458984375" lon="-74.00282842107117176055908203125">
        <ele>5.19999980926513671875</ele>
        <time>2026-03-15T13:47:24.000Z</time>
        <extensions>
          <ns3:TrackPointExtension>
            <ns3:hr>164</ns3:hr>
            <ns3:cad>80</ns3:cad>
          </ns3:TrackPointExtension>
        </extensions>
      </trkpt>
      <trkpt lat="40.71112255565822124481201171875" lon="-74.00298549793660640716552734375">
        <ele>5.599999904632568359375</ele>
        <time>2026-03-15T13:47:33.000Z</time>
        <extensions>
          <ns3:TrackPointExtension>
            <ns3:hr>165</ns3:hr>
            <ns3:cad>82</ns3:cad>
          </ns3:TrackPointExtension>
        </extensions>
      </trkpt>
      <trkpt lat="40.71126253344118595123291015625" lon="-74.0031567402184009552001953125">
        <ele>6.19999980926513671875</ele>
        <time>2026-03-15T13:47:42.000Z</time>
        <extensions>
          <ns3:TrackPointExtension>
            <ns3:hr>165</ns3:hr>
            <ns3:cad>84</ns3:cad>
          </ns3:TrackPointExtension>
        </extensions>
      </trkpt>
      <trkpt lat="40.71139178238809108734130859375" lon="-74.00328389368951320648193359375">
        <ele>6.599999904632568359375</ele>
        <time>2026-03-15T13:47:49.000Z</time>
        <extensions>
          <ns3:TrackPointExtension>
            <ns3:hr>168</ns3:hr>
            <ns3:cad>85</ns3:cad>
          </ns3:TrackPointExtension>
        </extensions>
      </trkpt>
      <trkpt lat="40.711567886173725128173828125" lon="-74.00333552621304988861083984375">
        <ele>7.19999980926513671875</ele>
        <time>2026-03-15T13:47:57.000Z</time>
        <extensions>
          <ns3:TrackPointExtension>
            <ns3:hr>168</ns3:hr>
            <ns3:cad>85</ns3:cad>
          </ns3:TrackPointExtension>
        </extensions>
      </trkpt>
      <trkpt lat="40.7117242924869060516357421875" lon="-74.00319554843008518218994140625">
        <ele>7.80000019073486328125</ele>
        <time>2026-03-15T13:48:06.000Z</time>
        <extensions>
          <ns3:TrackPointExtension>
            <ns3:hr>167</ns3:hr>
            <ns3:cad>84</ns3:cad>
          </ns3:TrackPointExtension>
        </extensions>
      </trkpt>
      <trkpt lat="40.71175874210894107818603515625" lon="-74.00296236388385295867919921875">
        <ele>8.19999980926513671875</ele>
        <time>2026-03-15T13:48:14.000Z</time>
        <extensions>
          <ns3:TrackPointExtension>
            <ns3:hr>166</ns3:hr>
            <ns3:cad>85</ns3:cad>
          </ns3:TrackPointExtension>
        </extensions>
      </trkpt>
      <trkpt lat="40.71165313012897968292236328125" lon="-74.0027822367846965789794921875">
        <ele>8</ele>
        <time>2026-03-15T13:48:22.000Z</time>
        <extensions>
          <ns3:TrackPointExtension>
            <ns3:hr>163</ns3:hr>
            <ns3:cad>84</ns3:cad>
          </ns3:TrackPointExtension>
        </extensions>
      </trkpt>
      <trkpt lat="40.71148104965686798095703125" lon="-74.00270126760005950927734375">
        <ele>7.400000095367431640625</ele>
        <time>2026-03-15T13:48:29.000Z</time>
        <extensions>
          <ns3:TrackPointExtension>
            <ns3:hr>161</ns3:hr>
            <ns3:cad>84</ns3:cad>
          </ns3:TrackPointExtension>
        </extensions>
      </trkpt>
      <trkpt lat="40.71141357533633708953857421875" lon="-74.00266103446483612060546875">
        <ele>7.599999904632568359375</ele>
        <time>2026-03-15T13:48:32.000Z</time>
        <extensions>
          <ns3:TrackPointExtension>
            <ns3:hr>164</ns3:hr>
            <ns3:cad>84</ns3:cad>
          </ns3:TrackPointExtension>
        </extensions>
      </trkpt>
      <trkpt lat="40.71139060892164707183837890625" lon="-74.00264435447752475738525390625">
        <ele>7.599999904632568359375</ele>
        <time>2026-03-15T13:48:33.000Z</time>
        <extensions>
          <ns3:TrackPointExtension>
            <ns3:hr>170</ns3:hr>
            <ns3:cad>85</ns3:cad>
          </ns3:TrackPointExtension>
        </extensions>
      </trkpt>
      <trkpt lat="40.71136915124952793121337890625" lon="-74.00262482464313507080078125">
        <ele>7.599999904632568359375</ele>
        <time>2026-03-15T13:48:34.000Z</time>
        <extensions>
          <ns3:TrackPointExtension>
            <ns3:hr>170</ns3:hr>
            <ns3:cad>84</ns3:cad>
          </ns3:TrackPointExtension>
        </extensions>
      </trkpt>
      <trkpt lat="40.71124124340713024139404296875" lon="-74.0025602839887142181396484375">
        <ele>6.80000019073486328125</ele>
        <time>2026-03-15T13:48:40.000Z</time>
        <extensions>
          <ns3:TrackPointExtension>
            <ns3:hr>167</ns3:hr>
            <ns3:cad>83</ns3:cad>
          </ns3:TrackPointExtension>
        </extensions>
      </trkpt>
      <trkpt lat="40.71107343770563602447509765625" lon="-74.002423994243144989013671875">
        <ele>6.19999980926513671875</ele>
        <time>2026-03-15T13:48:48.000Z</time>
        <extensions>
          <ns3:TrackPointExtension>
            <ns3:hr>167</ns3:hr>
            <ns3:cad>86</ns3:cad>
          </ns3:TrackPointExtension>
        </extensions>
      </trkpt>
      <trkpt lat="40.71092625148594379425048828125" lon="-74.00229818187654018402099609375">
        <ele>5.599999904632568359375</ele>
        <time>2026-03-15T13:48:55.000Z</time>
        <extensions>
          <ns3:TrackPointExtension>
            <ns3:hr>170</ns3:hr>
            <ns3:cad>85</ns3:cad>
          </ns3:TrackPointExtension>
        </extensions>
      </trkpt>
      <trkpt lat="40.71082818321883678436279296875" lon="-74.00219793431460857391357421875">
        <ele>5.599999904632568359375</ele>
        <time>2026-03-15T13:49:00.000Z</time>
        <extensions>
          <ns3:TrackPointExtension>
            <ns3:hr>167</ns3:hr>
            <ns3:cad>85</ns3:cad>
          </ns3:TrackPointExtension>
        </extensions>
      </trkpt>
      <trkpt lat="40.71071251295506954193115234375" lon="-74.00209047831594944000244140625">
        <ele>5.19999980926513671875</ele>
        <time>2026-03-15T13:49:06.000Z</time>
        <extensions>
          <ns3:TrackPointExtension>
            <ns3:hr>170</ns3:hr>
            <ns3:cad>85</ns3:cad>
          </ns3:TrackPointExtension>
        </extensions>
      </trkpt>
      <trkpt lat="40.71062810719013214111328125" lon="-74.00191194377839565277099609375">
        <ele>4.80000019073486328125</ele>
        <time>2026-03-15T13:49:13.000Z</time>
        <extensions>
          <ns3:TrackPointExtension>
            <ns3:hr>167</ns3:hr>
            <ns3:cad>84</ns3:cad>
          </ns3:TrackPointExtension>
        </extensions>
      </trkpt>
      <trkpt lat="40.71065182797610759735107421875" lon="-74.0015400387346744537353515625">
        <ele>5.400000095367431640625</ele>
        <time>2026-03-15T13:49:21.000Z</time>
        <extensions>
          <ns3:TrackPointExtension>
            <ns3:hr>167</ns3:hr>
            <ns3:cad>84</ns3:cad>
          </ns3:TrackPointExtension>
        </extensions>
      </trkpt>
      <trkpt lat="40.71063690818846225738525390625" lon="-74.00125346146523952484130859375">
        <ele>5.80000019073486328125</ele>
        <time>2026-03-15T13:49:29.000Z</time>
        <extensions>
          <ns3:TrackPointExtension>
            <ns3:hr>166</ns3:hr>
            <ns3:cad>84</ns3:cad>
          </ns3:TrackPointExtension>
        </extensions>
      </trkpt>
      <trkpt lat="40.7103885523974895477294921875" lon="-74.0011296607553958892822265625">
        <ele>6</ele>
        <time>2026-03-15T13:49:37.000Z</time>
        <extensions>
          <ns3:TrackPointExtension>
            <ns3:hr>169</ns3:hr>
            <ns3:cad>83</ns3:cad>
          </ns3:TrackPointExtension>
        </extensions>
      </trkpt>
      <trkpt lat="40.71025067009031772613525390625" lon="-74.00094366632401943206787109375">
        <ele>5.599999904632568359375</ele>
        <time>2026-03-15T13:49:42.000Z</time>
        <extensions>
          <ns3:TrackPointExtension>
            <ns3:hr>170</ns3:hr>
            <ns3:cad>84</ns3:cad>
          </ns3:TrackPointExtension>
        </extensions>
      </trkpt>
      <trkpt lat="40.71011320687830448150634765625" lon="-74.0007581748068332672119140625">
        <ele>5.80000019073486328125</ele>
        <time>2026-03-15T13:49:48.000Z</time>
        <extensions>
          <ns3:TrackPointExtension>
            <ns3:hr>170</ns3:hr>
            <ns3:cad>83</ns3:cad>
          </ns3:TrackPointExtension>
        </extensions>
      </trkpt>
      <trkpt lat="40.70992670953273773193359375" lon="-74.00066572241485118865966796875">
        <ele>5</ele>
        <time>2026-03-15T13:49:59.000Z</time>
        <extensions>
          <ns3:TrackPointExtension>
            <ns3:hr>170</ns3:hr>
            <ns3:cad>85</ns3:cad>
          </ns3:TrackPointExtension>
        </extensions>
      </trkpt>
      <trkpt lat="40.7098551280796527862548828125" lon="-74.00067712180316448211669921875">
        <ele>5</ele>
        <time>2026-03-15T13:50:03.000Z</time>
        <extensions>
          <ns3:TrackPointExtension>
            <ns3:hr>167</ns3:hr>
            <ns3:cad>84</ns3:cad>
          </ns3:TrackPointExtension>
        </extensions>
      </trkpt>
      <trkpt lat="40.7097327522933483123779296875" lon="-74.00048651732504367828369140625">
        <ele>4.599999904632568359375</ele>
        <time>2026-03-15T13:50:12.000Z</time>
        <extensions>
          <ns3:TrackPointExtension>
            <ns3:hr>165</ns3:hr>
            <ns3:cad>81</ns3:cad>
          </ns3:TrackPointExtension>
        </extensions>
      </trkpt>
      <trkpt lat="40.70963040925562381744384765625" lon="-74.00027093477547168731689453125">
        <ele>4.19999980926513671875</ele>
        <time>2026-03-15T13:50:19.000Z</time>
        <extensions>
          <ns3:TrackPointExtension>
            <ns3:hr>164</ns3:hr>
            <ns3:cad>83</ns3:cad>
          </ns3:TrackPointExtension>
        </extensions>
      </trkpt>
      <trkpt lat="40.70950116030871868133544921875" lon="-74.00010178796947002410888671875">
        <ele>3.7999999523162841796875</ele>
        <time>2026-03-15T13:50:27.000Z</time>
        <extensions>
          <ns3:TrackPointExtension>
            <ns3:hr>163</ns3:hr>
            <ns3:cad>81</ns3:cad>
          </ns3:TrackPointExtension>
        </extensions>
      </trkpt>
      <trkpt lat="40.7093082927167415618896484375" lon="-73.99998544715344905853271484375">
        <ele>3</ele>
        <time>2026-03-15T13:50:37.000Z</time>
        <extensions>
          <ns3:TrackPointExtension>
            <ns3:hr>165</ns3:hr>
            <ns3:cad>83</ns3:cad>
          </ns3:TrackPointExtension>
        </extensions>
      </trkpt>
      <trkpt lat="40.7092278264462947845458984375" lon="-74.00000564754009246826171875">
        <ele>3</ele>
        <time>2026-03-15T13:50:39.000Z</time>
        <extensions>
          <ns3:TrackPointExtension>
            <ns3:hr>168</ns3:hr>
            <ns3:cad>85</ns3:cad>
          </ns3:TrackPointExtension>
        </extensions>
      </trkpt>
      <trkpt lat="40.7090055383741855621337890625" lon="-74.00011151097714900970458984375">
        <ele>3</ele>
        <time>2026-03-15T13:50:47.000Z</time>
        <extensions>
          <ns3:TrackPointExtension>
            <ns3:hr>167</ns3:hr>
            <ns3:cad>83</ns3:cad>
          </ns3:TrackPointExtension>
        </extensions>
      </trkpt>
      <trkpt lat="40.70891928859055042266845703125" lon="-74.00014839135110378265380859375">
        <ele>2.599999904632568359375</ele>
        <time>2026-03-15T13:50:51.000Z</time>
        <extensions>
          <ns3:TrackPointExtension>
            <ns3:hr>164</ns3:hr>
            <ns3:cad>82</ns3:cad>
          </ns3:TrackPointExtension>
        </extensions>
      </trkpt>
      <trkpt lat="40.70873421616852283477783203125" lon="-74.00021460838615894317626953125">
        <ele>2</ele>
        <time>2026-03-15T13:51:02.000Z</time>
        <extensions>
          <ns3:TrackPointExtension>
            <ns3:hr>162</ns3:hr>
            <ns3:cad>81</ns3:cad>
          </ns3:TrackPointExtension>
        </extensions>
      </trkpt>
      <trkpt lat="40.7085767202079296112060546875" lon="-74.0001298673450946807861328125">
        <ele>2</ele>
        <time>2026-03-15T13:51:10.000Z</time>
        <extensions>
          <ns3:TrackPointExtension>
            <ns3:hr>165</ns3:hr>
            <ns3:cad>80</ns3:cad>
          </ns3:TrackPointExtension>
        </extensions>
      </trkpt>
      <trkpt lat="40.708409585058689117431640625" lon="-74.00001495145261287689208984375">
        <ele>2</ele>
        <time>2026-03-15T13:51:17.000Z</time>
        <extensions>
          <ns3:TrackPointExtension>
            <ns3:hr>167</ns3:hr>
            <ns3:cad>82</ns3:cad>
          </ns3:TrackPointExtension>
        </extensions>
      </trkpt>
      <trkpt lat="40.70835493505001068115234375" lon="-73.999980501830577850341796875">
        <ele>2</ele>
        <time>2026-03-15T13:51:20.000Z</time>
        <extensions>
          <ns3:TrackPointExtension>
            <ns3:hr>164</ns3:hr>
            <ns3:cad>81</ns3:cad>
          </ns3:TrackPointExtension>
        </extensions>
      </trkpt>
      <trkpt lat="40.7082179747521877288818359375" lon="-73.99982283823192119598388671875">
        <ele>1.60000002384185791015625</ele>
        <time>2026-03-15T13:51:29.000Z</time>
        <extensions>
          <ns3:TrackPointExtension>
            <ns3:hr>164</ns3:hr>
            <ns3:cad>82</ns3:cad>
          </ns3:TrackPointExtension>
        </extensions>
      </trkpt>
      <trkpt lat="40.70818855427205562591552734375" lon="-73.99977405555546283721923828125">
        <ele>1.2000000476837158203125</ele>
        <time>2026-03-15T13:51:32.000Z</time>
        <extensions>
          <ns3:TrackPointExtension>
            <ns3:hr>167</ns3:hr>
            <ns3:cad>82</ns3:cad>
          </ns3:TrackPointExtension>
        </extensions>
      </trkpt>
      <trkpt lat="40.7081650011241436004638671875" lon="-73.99970917962491512298583984375">
        <ele>1</ele>
        <time>2026-03-15T13:51:35.000Z</time>
        <extensions>
          <ns3:TrackPointExtension>
            <ns3:hr>170</ns3:hr>
            <ns3:cad>82</ns3:cad>
          </ns3:TrackPointExtension>
        </extensions>
      </trkpt>
      <trkpt lat="40.7081291265785694122314453125" lon="-73.9995543658733367919921875">
        <ele>1</ele>
        <time>2026-03-15T13:51:42.000Z</time>
        <extensions>
          <ns3:TrackPointExtension>
            <ns3:hr>166</ns3:hr>
            <ns3:cad>81</ns3:cad>
          </ns3:TrackPointExtension>
        </extensions>
      </trkpt>
      <trkpt lat="40.7081153802573680877685546875" lon="-73.99949158541858196258544921875">
        <ele>1</ele>
        <time>2026-03-15T13:51:45.000Z</time>
        <extensions>
          <ns3:TrackPointExtension>
            <ns3:hr>169</ns3:hr>
            <ns3:cad>82</ns3:cad>
          </ns3:TrackPointExtension>
        </extensions>
      </trkpt>
      <trkpt lat="40.7081123627722263336181640625" lon="-73.99946979247033596038818359375">
        <ele>1</ele>
        <time>2026-03-15T13:51:46.000Z</time>
        <extensions>
          <ns3:TrackPointExtension>
            <ns3:hr>174</ns3:hr>
            <ns3:cad>81</ns3:cad>
          </ns3:TrackPointExtension>
        </extensions>
      </trkpt>
      <trkpt lat="40.7081106863915920257568359375" lon="-73.9994472451508045196533203125">
        <ele>1</ele>
        <time>2026-03-15T13:51:47.000Z</time>
        <extensions>
          <ns3:TrackPointExtension>
            <ns3:hr>178</ns3:hr>
            <ns3:cad>81</ns3:cad>
          </ns3:TrackPointExtension>
        </extensions>
      </trkpt>
      <trkpt lat="40.70810892619192600250244140625" lon="-73.99942872114479541778564453125">
        <ele>1</ele>
        <time>2026-03-15T13:51:48.000Z</time>
        <extensions>
          <ns3:TrackPointExtension>
            <ns3:hr>175</ns3:hr>
            <ns3:cad>81</ns3:cad>
          </ns3:TrackPointExtension>
        </extensions>
      </trkpt>
      <trkpt lat="40.7081177271902561187744140625" lon="-73.9993077702820301055908203125">
        <ele>1</ele>
        <time>2026-03-15T13:51:54.000Z</time>
        <extensions>
          <ns3:TrackPointExtension>
            <ns3:hr>172</ns3:hr>
            <ns3:cad>83</ns3:cad>
          </ns3:TrackPointExtension>
        </extensions>
      </trkpt>
      <trkpt lat="40.70820464752614498138427734375" lon="-73.9990796148777008056640625">
        <ele>0.800000011920928955078125</ele>
        <time>2026-03-15T13:52:05.000Z</time>
        <extensions>
          <ns3:TrackPointExtension>
            <ns3:hr>169</ns3:hr>
            <ns3:cad>83</ns3:cad>
          </ns3:TrackPointExtension>
        </extensions>
      </trkpt>
      <trkpt lat="40.7082716189324855804443359375" lon="-73.998864032328128814697265625">
        <ele>0.4000000059604644775390625</ele>
        <time>2026-03-15T13:52:14.000Z</time>
        <extensions>
          <ns3:TrackPointExtension>
            <ns3:hr>166</ns3:hr>
            <ns3:cad>81</ns3:cad>
          </ns3:TrackPointExtension>
        </extensions>
      </trkpt>
      <trkpt lat="40.708277486264705657958984375" lon="-73.998842574656009674072265625">
        <ele>0.4000000059604644775390625</ele>
        <time>2026-03-15T13:52:15.000Z</time>
        <extensions>
          <ns3:TrackPointExtension>
            <ns3:hr>163</ns3:hr>
            <ns3:cad>81</ns3:cad>
          </ns3:TrackPointExtension>
        </extensions>
      </trkpt>
      <trkpt lat="40.70829785428941249847412109375" lon="-73.998794965445995330810546875">
        <ele>0.4000000059604644775390625</ele>
        <time>2026-03-15T13:52:17.000Z</time>
        <extensions>
          <ns3:TrackPointExtension>
            <ns3:hr>168</ns3:hr>
            <ns3:cad>82</ns3:cad>
          </ns3:TrackPointExtension>
        </extensions>
      </trkpt>
      <trkpt lat="40.70830640383064746856689453125" lon="-73.99877325631678104400634765625">
        <ele>0.4000000059604644775390625</ele>
        <time>2026-03-15T13:52:18.000Z</time>
        <extensions>
          <ns3:TrackPointExtension>
            <ns3:hr>172</ns3:hr>
            <ns3:cad>82</ns3:cad>
          </ns3:TrackPointExtension>
        </extensions>
      </trkpt>
      <trkpt lat="40.7083182223141193389892578125" lon="-73.99875163100659847259521484375">
        <ele>0.60000002384185791015625</ele>
        <time>2026-03-15T13:52:19.000Z</time>
        <extensions>
          <ns3:TrackPointExtension>
            <ns3:hr>172</ns3:hr>
            <ns3:cad>82</ns3:cad>
          </ns3:TrackPointExtension>
        </extensions>
      </trkpt>
      <trkpt lat="40.7083960063755512237548828125" lon="-73.998537473380565643310546875">
        <ele>0.60000002384185791015625</ele>
        <time>2026-03-15T13:52:28.000Z</time>
        <extensions>
          <ns3:TrackPointExtension>
            <ns3:hr>171</ns3:hr>
            <ns3:cad>82</ns3:cad>
          </ns3:TrackPointExtension>
        </extensions>
      </trkpt>
      <trkpt lat="40.708469264209270477294921875" lon="-73.9983006007969379425048828125">
        <ele>0</ele>
        <time>2026-03-15T13:52:38.000Z</time>
        <extensions>
          <ns3:TrackPointExtension>
            <ns3:hr>170</ns3:hr>
            <ns3:cad>83</ns3:cad>
          </ns3:TrackPointExtension>
        </extensions>
      </trkpt>
      <trkpt lat="40.70849751122295856475830078125" lon="-73.998229019343852996826171875">
        <ele>0.20000000298023223876953125</ele>
        <time>2026-03-15T13:52:41.000Z</time>
        <extensions>
          <ns3:TrackPointExtension>
            <ns3:hr>167</ns3:hr>
            <ns3:cad>81</ns3:cad>
          </ns3:TrackPointExtension>
        </extensions>
      </trkpt>
      <trkpt lat="40.708505809307098388671875" lon="-73.99820446036756038665771484375">
        <ele>0.20000000298023223876953125</ele>
        <time>2026-03-15T13:52:42.000Z</time>
        <extensions>
          <ns3:TrackPointExtension>
            <ns3:hr>164</ns3:hr>
            <ns3:cad>82</ns3:cad>
          </ns3:TrackPointExtension>
        </extensions>
      </trkpt>
      <trkpt lat="40.70854277350008487701416015625" lon="-73.9980156160891056060791015625">
        <ele>0.20000000298023223876953125</ele>
        <time>2026-03-15T13:52:49.000Z</time>
        <extensions>
          <ns3:TrackPointExtension>
            <ns3:hr>167</ns3:hr>
            <ns3:cad>83</ns3:cad>
          </ns3:TrackPointExtension>
        </extensions>
      </trkpt>
      <trkpt lat="40.7086243294179439544677734375" lon="-73.99778536520898342132568359375">
        <ele>0</ele>
        <time>2026-03-15T13:52:58.000Z</time>
        <extensions>
          <ns3:TrackPointExtension>
            <ns3:hr>168</ns3:hr>
            <ns3:cad>83</ns3:cad>
          </ns3:TrackPointExtension>
        </extensions>
      </trkpt>
      <trkpt lat="40.70870119147002696990966796875" lon="-73.9975458942353725433349609375">
        <ele>0.800000011920928955078125</ele>
        <time>2026-03-15T13:53:07.000Z</time>
        <extensions>
          <ns3:TrackPointExtension>
            <ns3:hr>170</ns3:hr>
            <ns3:cad>84</ns3:cad>
          </ns3:TrackPointExtension>
        </extensions>
      </trkpt>
      <trkpt lat="40.70876539684832096099853515625" lon="-73.997298963367938995361328125">
        <ele>0.4000000059604644775390625</ele>
        <time>2026-03-15T13:53:16.000Z</time>
        <extensions>
          <ns3:TrackPointExtension>
            <ns3:hr>170</ns3:hr>
            <ns3:cad>86</ns3:cad>
          </ns3:TrackPointExtension>
        </extensions>
      </trkpt>
      <trkpt lat="40.70881166495382785797119140625" lon="-73.9970453269779682159423828125">
        <ele>0.4000000059604644775390625</ele>
        <time>2026-03-15T13:53:25.000Z</time>
        <extensions>
          <ns3:TrackPointExtension>
            <ns3:hr>170</ns3:hr>
            <ns3:cad>85</ns3:cad>
          </ns3:TrackPointExtension>
        </extensions>
      </trkpt>
      <trkpt lat="40.70883731357753276824951171875" lon="-73.9969035051763057708740234375">
        <ele>0.4000000059604644775390625</ele>
        <time>2026-03-15T13:53:30.000Z</time>
        <extensions>
          <ns3:TrackPointExtension>
            <ns3:hr>167</ns3:hr>
            <ns3:cad>85</ns3:cad>
          </ns3:TrackPointExtension>
        </extensions>
      </trkpt>
      <trkpt lat="40.708870925009250640869140625" lon="-73.99666269309818744659423828125">
        <ele>0.60000002384185791015625</ele>
        <time>2026-03-15T13:53:39.000Z</time>
        <extensions>
          <ns3:TrackPointExtension>
            <ns3:hr>169</ns3:hr>
            <ns3:cad>85</ns3:cad>
          </ns3:TrackPointExtension>
        </extensions>
      </trkpt>
      <trkpt lat="40.708919875323772430419921875" lon="-73.996425233781337738037109375">
        <ele>0</ele>
        <time>2026-03-15T13:53:48.000Z</time>
        <extensions>
          <ns3:TrackPointExtension>
            <ns3:hr>167</ns3:hr>
            <ns3:cad>84</ns3:cad>
          </ns3:TrackPointExtension>
        </extensions>
      </trkpt>
      <trkpt lat="40.70895482785999774932861328125" lon="-73.9961870200932025909423828125">
        <ele>0</ele>
        <time>2026-03-15T13:53:56.000Z</time>
        <extensions>
          <ns3:TrackPointExtension>
            <ns3:hr>169</ns3:hr>
            <ns3:cad>85</ns3:cad>
          </ns3:TrackPointExtension>
        </extensions>
      </trkpt>
      <trkpt lat="40.7089978270232677459716796875" lon="-73.99593631736934185028076171875">
        <ele>0</ele>
        <time>2026-03-15T13:54:05.000Z</time>
        <extensions>
          <ns3:TrackPointExtension>
            <ns3:hr>169</ns3:hr>
            <ns3:cad>85</ns3:cad>
          </ns3:TrackPointExtension>
        </extensions>
      </trkpt>
      <trkpt lat="40.70904216729104518890380859375" lon="-73.99570397101342678070068359375">
        <ele>0.20000000298023223876953125</ele>
        <time>2026-03-15T13:54:14.000Z</time>
        <extensions>
          <ns3:TrackPointExtension>
            <ns3:hr>167</ns3:hr>
            <ns3:cad>84</ns3:cad>
          </ns3:TrackPointExtension>
        </extensions>
      </trkpt>
      <trkpt lat="40.7090625353157520294189453125" lon="-73.9954537712037563323974609375">
        <ele>0.20000000298023223876953125</ele>
        <time>2026-03-15T13:54:24.000Z</time>
        <extensions>
          <ns3:TrackPointExtension>
            <ns3:hr>166</ns3:hr>
            <ns3:cad>84</ns3:cad>
          </ns3:TrackPointExtension>
        </extensions>
      </trkpt>
      <trkpt lat="40.70909094996750354766845703125" lon="-73.995283953845500946044921875">
        <ele>0.4000000059604644775390625</ele>
        <time>2026-03-15T13:54:31.000Z</time>
        <extensions>
          <ns3:TrackPointExtension>
            <ns3:hr>169</ns3:hr>
            <ns3:cad>84</ns3:cad>
          </ns3:TrackPointExtension>
        </extensions>
      </trkpt>
      <trkpt lat="40.70913101546466350555419921875" lon="-73.9950511045753955841064453125">
        <ele>0.4000000059604644775390625</ele>
        <time>2026-03-15T13:54:39.000Z</time>
        <extensions>
          <ns3:TrackPointExtension>
            <ns3:hr>171</ns3:hr>
            <ns3:cad>85</ns3:cad>
          </ns3:TrackPointExtension>
        </extensions>
      </trkpt>
      <trkpt lat="40.70915968157351016998291015625" lon="-73.9948080293834209442138671875">
        <ele>0</ele>
        <time>2026-03-15T13:54:49.000Z</time>
        <extensions>
          <ns3:TrackPointExtension>
            <ns3:hr>169</ns3:hr>
            <ns3:cad>85</ns3:cad>
          </ns3:TrackPointExtension>
        </extensions>
      </trkpt>
      <trkpt lat="40.7091711647808551788330078125" lon="-73.99472228251397609710693359375">
        <ele>0</ele>
        <time>2026-03-15T13:54:55.000Z</time>
        <extensions>
          <ns3:TrackPointExtension>
            <ns3:hr>164</ns3:hr>
            <ns3:cad>81</ns3:cad>
          </ns3:TrackPointExtension>
        </extensions>
      </trkpt>
      <trkpt lat="40.7091698236763477325439453125" lon="-73.994697891175746917724609375">
        <ele>0</ele>
        <time>2026-03-15T13:54:57.000Z</time>
        <extensions>
          <ns3:TrackPointExtension>
            <ns3:hr>168</ns3:hr>
            <ns3:cad>0</ns3:cad>
          </ns3:TrackPointExtension>
        </extensions>
      </trkpt>
      <trkpt lat="40.709172002971172332763671875" lon="-73.994682468473911285400390625">
        <ele>0</ele>
        <time>2026-03-15T13:54:58.000Z</time>
        <extensions>
          <ns3:TrackPointExtension>
            <ns3:hr>171</ns3:hr>
            <ns3:cad>0</ns3:cad>
          </ns3:TrackPointExtension>
        </extensions>
      </trkpt>
      <trkpt lat="40.7092181034386157989501953125" lon="-73.9945247210562229156494140625">
        <ele>0</ele>
        <time>2026-03-15T13:55:07.000Z</time>
        <extensions>
          <ns3:TrackPointExtension>
            <ns3:hr>168</ns3:hr>
            <ns3:cad>80</ns3:cad>
          </ns3:TrackPointExtension>
        </extensions>
      </trkpt>
      <trkpt lat="40.70922573097050189971923828125" lon="-73.9944784529507160186767578125">
        <ele>0</ele>
        <time>2026-03-15T13:55:09.000Z</time>
        <extensions>
          <ns3:TrackPointExtension>
            <ns3:hr>165</ns3:hr>
            <ns3:cad>80</ns3:cad>
          </ns3:TrackPointExtension>
        </extensions>
      </trkpt>
      <trkpt lat="40.70925674401223659515380859375" lon="-73.9942409098148345947265625">
        <ele>0</ele>
        <time>2026-03-15T13:55:23.000Z</time>
        <extensions>
          <ns3:TrackPointExtension>
            <ns3:hr>164</ns3:hr>
            <ns3:cad>75</ns3:cad>
          </ns3:TrackPointExtension>
        </extensions>
      </trkpt>
      <trkpt lat="40.70929865352809429168701171875" lon="-73.994090370833873748779296875">
        <ele>0</ele>
        <time>2026-03-15T13:55:32.000Z</time>
        <extensions>
          <ns3:TrackPointExtension>
            <ns3:hr>161</ns3:hr>
            <ns3:cad>0</ns3:cad>
          </ns3:TrackPointExtension>
        </extensions>
      </trkpt>
      <trkpt lat="40.709345005452632904052734375" lon="-73.99388677440583705902099609375">
        <ele>0.20000000298023223876953125</ele>
        <time>2026-03-15T13:55:40.000Z</time>
        <extensions>
          <ns3:TrackPointExtension>
            <ns3:hr>158</ns3:hr>
            <ns3:cad>84</ns3:cad>
          </ns3:TrackPointExtension>
        </extensions>
      </trkpt>
      <trkpt lat="40.70935782976448535919189453125" lon="-73.99363799951970577239990234375">
        <ele>0.20000000298023223876953125</ele>
        <time>2026-03-15T13:55:49.000Z</time>
        <extensions>
          <ns3:TrackPointExtension>
            <ns3:hr>160</ns3:hr>
            <ns3:cad>85</ns3:cad>
          </ns3:TrackPointExtension>
        </extensions>
      </trkpt>
      <trkpt lat="40.709351040422916412353515625" lon="-73.993407748639583587646484375">
        <ele>0.20000000298023223876953125</ele>
        <time>2026-03-15T13:55:58.000Z</time>
        <extensions>
          <ns3:TrackPointExtension>
            <ns3:hr>163</ns3:hr>
            <ns3:cad>86</ns3:cad>
          </ns3:TrackPointExtension>
        </extensions>
      </trkpt>
      <trkpt lat="40.709388591349124908447265625" lon="-73.99321437813341617584228515625">
        <ele>0.4000000059604644775390625</ele>
        <time>2026-03-15T13:56:06.000Z</time>
        <extensions>
          <ns3:TrackPointExtension>
            <ns3:hr>166</ns3:hr>
            <ns3:cad>83</ns3:cad>
          </ns3:TrackPointExtension>
        </extensions>
      </trkpt>
      <trkpt lat="40.70941667072474956512451171875" lon="-73.99296292103826999664306640625">
        <ele>0.4000000059604644775390625</ele>
        <time>2026-03-15T13:56:15.000Z</time>
        <extensions>
          <ns3:TrackPointExtension>
            <ns3:hr>167</ns3:hr>
            <ns3:cad>84</ns3:cad>
          </ns3:TrackPointExtension>
        </extensions>
      </trkpt>
      <trkpt lat="40.70945019833743572235107421875" lon="-73.992826379835605621337890625">
        <ele>0.60000002384185791015625</ele>
        <time>2026-03-15T13:56:20.000Z</time>
        <extensions>
          <ns3:TrackPointExtension>
            <ns3:hr>170</ns3:hr>
            <ns3:cad>86</ns3:cad>
          </ns3:TrackPointExtension>
        </extensions>
      </trkpt>
      <trkpt lat="40.70946696214377880096435546875" lon="-73.99272956885397434234619140625">
        <ele>0.60000002384185791015625</ele>
        <time>2026-03-15T13:56:23.000Z</time>
        <extensions>
          <ns3:TrackPointExtension>
            <ns3:hr>173</ns3:hr>
            <ns3:cad>84</ns3:cad>
          </ns3:TrackPointExtension>
        </extensions>
      </trkpt>
      <trkpt lat="40.70953032933175563812255859375" lon="-73.99249051697552204132080078125">
        <ele>0.800000011920928955078125</ele>
        <time>2026-03-15T13:56:32.000Z</time>
        <extensions>
          <ns3:TrackPointExtension>
            <ns3:hr>173</ns3:hr>
            <ns3:cad>84</ns3:cad>
          </ns3:TrackPointExtension>
        </extensions>
      </trkpt>
      <trkpt lat="40.70954583585262298583984375" lon="-73.992336206138134002685546875">
        <ele>0.4000000059604644775390625</ele>
        <time>2026-03-15T13:56:38.000Z</time>
        <extensions>
          <ns3:TrackPointExtension>
            <ns3:hr>178</ns3:hr>
            <ns3:cad>85</ns3:cad>
          </ns3:TrackPointExtension>
        </extensions>
      </trkpt>
      <trkpt lat="40.70955061353743076324462890625" lon="-73.9922079630196094512939453125">
        <ele>0</ele>
        <time>2026-03-15T13:56:43.000Z</time>
        <extensions>
          <ns3:TrackPointExtension>
            <ns3:hr>175</ns3:hr>
            <ns3:cad>86</ns3:cad>
          </ns3:TrackPointExtension>
        </extensions>
      </trkpt>
      <trkpt lat="40.70955698378384113311767578125" lon="-73.99213914759457111358642578125">
        <ele>0</ele>
        <time>2026-03-15T13:56:46.000Z</time>
        <extensions>
          <ns3:TrackPointExtension>
            <ns3:hr>178</ns3:hr>
            <ns3:cad>88</ns3:cad>
          </ns3:TrackPointExtension>
        </extensions>
      </trkpt>
      <trkpt lat="40.7095936127007007598876953125" lon="-73.99196295998990535736083984375">
        <ele>0.20000000298023223876953125</ele>
        <time>2026-03-15T13:56:53.000Z</time>
        <extensions>
          <ns3:TrackPointExtension>
            <ns3:hr>175</ns3:hr>
            <ns3:cad>85</ns3:cad>
          </ns3:TrackPointExtension>
        </extensions>
      </trkpt>
      <trkpt lat="40.70967600680887699127197265625" lon="-73.99173371493816375732421875">
        <ele>0.4000000059604644775390625</ele>
        <time>2026-03-15T13:57:02.000Z</time>
        <extensions>
          <ns3:TrackPointExtension>
            <ns3:hr>174</ns3:hr>
            <ns3:cad>86</ns3:cad>
          </ns3:TrackPointExtension>
        </extensions>
      </trkpt>
      <trkpt lat="40.70965639315545558929443359375" lon="-73.9914500713348388671875">
        <ele>0.4000000059604644775390625</ele>
        <time>2026-03-15T13:57:10.000Z</time>
        <extensions>
          <ns3:TrackPointExtension>
            <ns3:hr>176</ns3:hr>
            <ns3:cad>86</ns3:cad>
          </ns3:TrackPointExtension>
        </extensions>
      </trkpt>
      <trkpt lat="40.70966544561088085174560546875" lon="-73.99138477630913257598876953125">
        <ele>0.4000000059604644775390625</ele>
        <time>2026-03-15T13:57:12.000Z</time>
        <extensions>
          <ns3:TrackPointExtension>
            <ns3:hr>173</ns3:hr>
            <ns3:cad>85</ns3:cad>
          </ns3:TrackPointExtension>
        </extensions>
      </trkpt>
      <trkpt lat="40.7096941955387592315673828125" lon="-73.9911689423024654388427734375">
        <ele>0.4000000059604644775390625</ele>
        <time>2026-03-15T13:57:21.000Z</time>
        <extensions>
          <ns3:TrackPointExtension>
            <ns3:hr>170</ns3:hr>
            <ns3:cad>84</ns3:cad>
          </ns3:TrackPointExtension>
        </extensions>
      </trkpt>
      <trkpt lat="40.7097397930920124053955078125" lon="-73.9909372664988040924072265625">
        <ele>0.60000002384185791015625</ele>
        <time>2026-03-15T13:57:31.000Z</time>
        <extensions>
          <ns3:TrackPointExtension>
            <ns3:hr>168</ns3:hr>
            <ns3:cad>83</ns3:cad>
          </ns3:TrackPointExtension>
        </extensions>
      </trkpt>
      <trkpt lat="40.70996702648699283599853515625" lon="-73.990775160491466522216796875">
        <ele>1</ele>
        <time>2026-03-15T13:57:38.000Z</time>
        <extensions>
          <ns3:TrackPointExtension>
            <ns3:hr>170</ns3:hr>
            <ns3:cad>86</ns3:cad>
          </ns3:TrackPointExtension>
        </extensions>
      </trkpt>
      <trkpt lat="40.7100288011133670806884765625" lon="-73.990553207695484161376953125">
        <ele>1</ele>
        <time>2026-03-15T13:57:49.000Z</time>
        <extensions>
          <ns3:TrackPointExtension>
            <ns3:hr>170</ns3:hr>
            <ns3:cad>84</ns3:cad>
          </ns3:TrackPointExtension>
        </extensions>
      </trkpt>
      <trkpt lat="40.7100360095500946044921875" lon="-73.9903046004474163055419921875">
        <ele>0.800000011920928955078125</ele>
        <time>2026-03-15T13:57:56.000Z</time>
        <extensions>
          <ns3:TrackPointExtension>
            <ns3:hr>169</ns3:hr>
            <ns3:cad>81</ns3:cad>
          </ns3:TrackPointExtension>
        </extensions>
      </trkpt>
      <trkpt lat="40.70998613722622394561767578125" lon="-73.9900397323071956634521484375">
        <ele>0.60000002384185791015625</ele>
        <time>2026-03-15T13:58:04.000Z</time>
        <extensions>
          <ns3:TrackPointExtension>
            <ns3:hr>171</ns3:hr>
            <ns3:cad>83</ns3:cad>
          </ns3:TrackPointExtension>
        </extensions>
      </trkpt>
      <trkpt lat="40.70999904535710811614990234375" lon="-73.98980160243809223175048828125">
        <ele>0.60000002384185791015625</ele>
        <time>2026-03-15T13:58:13.000Z</time>
        <extensions>
          <ns3:TrackPointExtension>
            <ns3:hr>171</ns3:hr>
            <ns3:cad>84</ns3:cad>
          </ns3:TrackPointExtension>
        </extensions>
      </trkpt>
      <trkpt lat="40.71003223769366741180419921875" lon="-73.98955115117132663726806640625">
        <ele>0.60000002384185791015625</ele>
        <time>2026-03-15T13:58:25.000Z</time>
        <extensions>
          <ns3:TrackPointExtension>
            <ns3:hr>171</ns3:hr>
            <ns3:cad>85</ns3:cad>
          </ns3:TrackPointExtension>
        </extensions>
      </trkpt>
      <trkpt lat="40.71002167649567127227783203125" lon="-73.98928594775497913360595703125">
        <ele>0.60000002384185791015625</ele>
        <time>2026-03-15T13:58:36.000Z</time>
        <extensions>
          <ns3:TrackPointExtension>
            <ns3:hr>172</ns3:hr>
            <ns3:cad>84</ns3:cad>
          </ns3:TrackPointExtension>
        </extensions>
      </trkpt>
      <trkpt lat="40.7100271247327327728271484375" lon="-73.98913943208754062652587890625">
        <ele>0.60000002384185791015625</ele>
        <time>2026-03-15T13:58:42.000Z</time>
        <extensions>
          <ns3:TrackPointExtension>
            <ns3:hr>169</ns3:hr>
            <ns3:cad>84</ns3:cad>
          </ns3:TrackPointExtension>
        </extensions>
      </trkpt>
      <trkpt lat="40.71005268953740596771240234375" lon="-73.98888998664915561676025390625">
        <ele>0.800000011920928955078125</ele>
        <time>2026-03-15T13:58:52.000Z</time>
        <extensions>
          <ns3:TrackPointExtension>
            <ns3:hr>170</ns3:hr>
            <ns3:cad>84</ns3:cad>
          </ns3:TrackPointExtension>
        </extensions>
      </trkpt>
      <trkpt lat="40.71006945334374904632568359375" lon="-73.98864246904850006103515625">
        <ele>0.800000011920928955078125</ele>
        <time>2026-03-15T13:59:02.000Z</time>
        <extensions>
          <ns3:TrackPointExtension>
            <ns3:hr>173</ns3:hr>
            <ns3:cad>86</ns3:cad>
          </ns3:TrackPointExtension>
        </extensions>
      </trkpt>
      <trkpt lat="40.71008973754942417144775390625" lon="-73.988381288945674896240234375">
        <ele>1</ele>
        <time>2026-03-15T13:59:12.000Z</time>
        <extensions>
          <ns3:TrackPointExtension>
            <ns3:hr>172</ns3:hr>
            <ns3:cad>84</ns3:cad>
          </ns3:TrackPointExtension>
        </extensions>
      </trkpt>
      <trkpt lat="40.7101303897798061370849609375" lon="-73.988135196268558502197265625">
        <ele>1</ele>
        <time>2026-03-15T13:59:20.000Z</time>
        <extensions>
          <ns3:TrackPointExtension>
            <ns3:hr>174</ns3:hr>
            <ns3:cad>86</ns3:cad>
          </ns3:TrackPointExtension>
        </extensions>
      </trkpt>
      <trkpt lat="40.71015628986060619354248046875" lon="-73.9879663847386837005615234375">
        <ele>1.2000000476837158203125</ele>
        <time>2026-03-15T13:59:26.000Z</time>
        <extensions>
          <ns3:TrackPointExtension>
            <ns3:hr>171</ns3:hr>
            <ns3:cad>85</ns3:cad>
          </ns3:TrackPointExtension>
        </extensions>
      </trkpt>
      <trkpt lat="40.71017640642821788787841796875" lon="-73.98780872114002704620361328125">
        <ele>1.7999999523162841796875</ele>
        <time>2026-03-15T13:59:32.000Z</time>
        <extensions>
          <ns3:TrackPointExtension>
            <ns3:hr>168</ns3:hr>
            <ns3:cad>84</ns3:cad>
          </ns3:TrackPointExtension>
        </extensions>
      </trkpt>
      <trkpt lat="40.71021529845893383026123046875" lon="-73.9875731058418750762939453125">
        <ele>2</ele>
        <time>2026-03-15T13:59:41.000Z</time>
        <extensions>
          <ns3:TrackPointExtension>
            <ns3:hr>170</ns3:hr>
            <ns3:cad>83</ns3:cad>
          </ns3:TrackPointExtension>
        </extensions>
      </trkpt>
      <trkpt lat="40.7102665118873119354248046875" lon="-73.98732952773571014404296875">
        <ele>2</ele>
        <time>2026-03-15T13:59:50.000Z</time>
        <extensions>
          <ns3:TrackPointExtension>
            <ns3:hr>168</ns3:hr>
            <ns3:cad>84</ns3:cad>
          </ns3:TrackPointExtension>
        </extensions>
      </trkpt>
      <trkpt lat="40.71029677055776119232177734375" lon="-73.987128026783466339111328125">
        <ele>2</ele>
        <time>2026-03-15T13:59:57.000Z</time>
        <extensions>
          <ns3:TrackPointExtension>
            <ns3:hr>171</ns3:hr>
            <ns3:cad>84</ns3:cad>
          </ns3:TrackPointExtension>
        </extensions>
      </trkpt>
      <trkpt lat="40.71034773252904415130615234375" lon="-73.98688252083957195281982421875">
        <ele>2</ele>
        <time>2026-03-15T14:00:05.000Z</time>
        <extensions>
          <ns3:TrackPointExtension>
            <ns3:hr>172</ns3:hr>
            <ns3:cad>84</ns3:cad>
          </ns3:TrackPointExtension>
        </extensions>
      </trkpt>
      <trkpt lat="40.71039534173905849456787109375" lon="-73.98663709871470928192138671875">
        <ele>2</ele>
        <time>2026-03-15T14:00:15.000Z</time>
        <extensions>
          <ns3:TrackPointExtension>
            <ns3:hr>173</ns3:hr>
            <ns3:cad>84</ns3:cad>
          </ns3:TrackPointExtension>
        </extensions>
      </trkpt>
      <trkpt lat="40.71038000285625457763671875" lon="-73.98638899438083171844482421875">
        <ele>2</ele>
        <time>2026-03-15T14:00:26.000Z</time>
        <extensions>
          <ns3:TrackPointExtension>
            <ns3:hr>173</ns3:hr>
            <ns3:cad>84</ns3:cad>
          </ns3:TrackPointExtension>
        </extensions>
      </trkpt>
      <trkpt lat="40.71042886935174465179443359375" lon="-73.98614373989403247833251953125">
        <ele>2.2000000476837158203125</ele>
        <time>2026-03-15T14:00:36.000Z</time>
        <extensions>
          <ns3:TrackPointExtension>
            <ns3:hr>172</ns3:hr>
            <ns3:cad>86</ns3:cad>
          </ns3:TrackPointExtension>
        </extensions>
      </trkpt>
      <trkpt lat="40.71043222211301326751708984375" lon="-73.98588038049638271331787109375">
        <ele>2.2000000476837158203125</ele>
        <time>2026-03-15T14:00:47.000Z</time>
        <extensions>
          <ns3:TrackPointExtension>
            <ns3:hr>171</ns3:hr>
            <ns3:cad>86</ns3:cad>
          </ns3:TrackPointExtension>
        </extensions>
      </trkpt>
      <trkpt lat="40.71045250631868839263916015625" lon="-73.98576856590807437896728515625">
        <ele>2.2000000476837158203125</ele>
        <time>2026-03-15T14:00:51.000Z</time>
        <extensions>
          <ns3:TrackPointExtension>
            <ns3:hr>174</ns3:hr>
            <ns3:cad>85</ns3:cad>
          </ns3:TrackPointExtension>
        </extensions>
      </trkpt>
      <trkpt lat="40.710465498268604278564453125" lon="-73.98552582599222660064697265625">
        <ele>2.2000000476837158203125</ele>
        <time>2026-03-15T14:00:59.000Z</time>
        <extensions>
          <ns3:TrackPointExtension>
            <ns3:hr>175</ns3:hr>
            <ns3:cad>84</ns3:cad>
          </ns3:TrackPointExtension>
        </extensions>
      </trkpt>
      <trkpt lat="40.71048326790332794189453125" lon="-73.9852881990373134613037109375">
        <ele>2.400000095367431640625</ele>
        <time>2026-03-15T14:01:08.000Z</time>
        <extensions>
          <ns3:TrackPointExtension>
            <ns3:hr>174</ns3:hr>
            <ns3:cad>85</ns3:cad>
          </ns3:TrackPointExtension>
        </extensions>
      </trkpt>
      <trkpt lat="40.7104946672916412353515625" lon="-73.9850276894867420196533203125">
        <ele>2.400000095367431640625</ele>
        <time>2026-03-15T14:01:18.000Z</time>
        <extensions>
          <ns3:TrackPointExtension>
            <ns3:hr>174</ns3:hr>
            <ns3:cad>85</ns3:cad>
          </ns3:TrackPointExtension>
        </extensions>
      </trkpt>
      <trkpt lat="40.71049039252102375030517578125" lon="-73.98493004031479358673095703125">
        <ele>2.400000095367431640625</ele>
        <time>2026-03-15T14:01:22.000Z</time>
        <extensions>
          <ns3:TrackPointExtension>
            <ns3:hr>174</ns3:hr>
            <ns3:cad>85</ns3:cad>
          </ns3:TrackPointExtension>
        </extensions>
      </trkpt>
      <trkpt lat="40.71051067672669887542724609375" lon="-73.98467808030545711517333984375">
        <ele>2.400000095367431640625</ele>
        <time>2026-03-15T14:01:32.000Z</time>
        <extensions>
          <ns3:TrackPointExtension>
            <ns3:hr>173</ns3:hr>
            <ns3:cad>85</ns3:cad>
          </ns3:TrackPointExtension>
        </extensions>
      </trkpt>
      <trkpt lat="40.7105256803333759307861328125" lon="-73.98450038395822048187255859375">
        <ele>2.400000095367431640625</ele>
        <time>2026-03-15T14:01:39.000Z</time>
        <extensions>
          <ns3:TrackPointExtension>
            <ns3:hr>170</ns3:hr>
            <ns3:cad>86</ns3:cad>
          </ns3:TrackPointExtension>
        </extensions>
      </trkpt>
      <trkpt lat="40.71055023930966854095458984375" lon="-73.98428748361766338348388671875">
        <ele>2</ele>
        <time>2026-03-15T14:01:47.000Z</time>
        <extensions>
          <ns3:TrackPointExtension>
            <ns3:hr>173</ns3:hr>
            <ns3:cad>85</ns3:cad>
          </ns3:TrackPointExtension>
        </extensions>
      </trkpt>
      <trkpt lat="40.71056046523153781890869140625" lon="-73.9840349368751049041748046875">
        <ele>2</ele>
        <time>2026-03-15T14:01:56.000Z</time>
        <extensions>
          <ns3:TrackPointExtension>
            <ns3:hr>174</ns3:hr>
            <ns3:cad>83</ns3:cad>
          </ns3:TrackPointExtension>
        </extensions>
      </trkpt>
      <trkpt lat="40.71057982742786407470703125" lon="-73.98379730992019176483154296875">
        <ele>2</ele>
        <time>2026-03-15T14:02:04.000Z</time>
        <extensions>
          <ns3:TrackPointExtension>
            <ns3:hr>172</ns3:hr>
            <ns3:cad>84</ns3:cad>
          </ns3:TrackPointExtension>
        </extensions>
      </trkpt>
      <trkpt lat="40.7106024585664272308349609375" lon="-73.98360134102404117584228515625">
        <ele>2</ele>
        <time>2026-03-15T14:02:10.000Z</time>
        <extensions>
          <ns3:TrackPointExtension>
            <ns3:hr>175</ns3:hr>
            <ns3:cad>84</ns3:cad>
          </ns3:TrackPointExtension>
        </extensions>
      </trkpt>
      <trkpt lat="40.7106061466038227081298828125" lon="-73.983395062386989593505859375">
        <ele>2</ele>
        <time>2026-03-15T14:02:17.000Z</time>
        <extensions>
          <ns3:TrackPointExtension>
            <ns3:hr>172</ns3:hr>
            <ns3:cad>84</ns3:cad>
          </ns3:TrackPointExtension>
        </extensions>
      </trkpt>
      <trkpt lat="40.71061980910599231719970703125" lon="-73.983282744884490966796875">
        <ele>2</ele>
        <time>2026-03-15T14:02:21.000Z</time>
        <extensions>
          <ns3:TrackPointExtension>
            <ns3:hr>169</ns3:hr>
            <ns3:cad>82</ns3:cad>
          </ns3:TrackPointExtension>
        </extensions>
      </trkpt>
      <trkpt lat="40.7106366567313671112060546875" lon="-73.9831343851983547210693359375">
        <ele>2</ele>
        <time>2026-03-15T14:02:26.000Z</time>
        <extensions>
          <ns3:TrackPointExtension>
            <ns3:hr>166</ns3:hr>
            <ns3:cad>83</ns3:cad>
          </ns3:TrackPointExtension>
        </extensions>
      </trkpt>
      <trkpt lat="40.71065836586058139801025390625" lon="-73.98300002329051494598388671875">
        <ele>2</ele>
        <time>2026-03-15T14:02:31.000Z</time>
        <extensions>
          <ns3:TrackPointExtension>
            <ns3:hr>169</ns3:hr>
            <ns3:cad>82</ns3:cad>
          </ns3:TrackPointExtension>
        </extensions>
      </trkpt>
      <trkpt lat="40.71066708303987979888916015625" lon="-73.98289977572858333587646484375">
        <ele>2</ele>
        <time>2026-03-15T14:02:35.000Z</time>
        <extensions>
          <ns3:TrackPointExtension>
            <ns3:hr>172</ns3:hr>
            <ns3:cad>84</ns3:cad>
          </ns3:TrackPointExtension>
        </extensions>
      </trkpt>
      <trkpt lat="40.71068988181650638580322265625" lon="-73.98265401832759380340576171875">
        <ele>2</ele>
        <time>2026-03-15T14:02:44.000Z</time>
        <extensions>
          <ns3:TrackPointExtension>
            <ns3:hr>174</ns3:hr>
            <ns3:cad>83</ns3:cad>
          </ns3:TrackPointExtension>
        </extensions>
      </trkpt>
      <trkpt lat="40.71070714853703975677490234375" lon="-73.9825396053493022918701171875">
        <ele>2.2000000476837158203125</ele>
        <time>2026-03-15T14:02:48.000Z</time>
        <extensions>
          <ns3:TrackPointExtension>
            <ns3:hr>178</ns3:hr>
            <ns3:cad>82</ns3:cad>
          </ns3:TrackPointExtension>
        </extensions>
      </trkpt>
      <trkpt lat="40.710715614259243011474609375" lon="-73.98248252458870410919189453125">
        <ele>2.2000000476837158203125</ele>
        <time>2026-03-15T14:02:50.000Z</time>
        <extensions>
          <ns3:TrackPointExtension>
            <ns3:hr>181</ns3:hr>
            <ns3:cad>81</ns3:cad>
          </ns3:TrackPointExtension>
        </extensions>
      </trkpt>
      <trkpt lat="40.71072055958211421966552734375" lon="-73.982456289231777191162109375">
        <ele>2.2000000476837158203125</ele>
        <time>2026-03-15T14:02:51.000Z</time>
        <extensions>
          <ns3:TrackPointExtension>
            <ns3:hr>185</ns3:hr>
            <ns3:cad>80</ns3:cad>
          </ns3:TrackPointExtension>
        </extensions>
      </trkpt>
      <trkpt lat="40.710725672543048858642578125" lon="-73.9824289642274379730224609375">
        <ele>2.2000000476837158203125</ele>
        <time>2026-03-15T14:02:52.000Z</time>
        <extensions>
          <ns3:TrackPointExtension>
            <ns3:hr>185</ns3:hr>
            <ns3:cad>80</ns3:cad>
          </ns3:TrackPointExtension>
        </extensions>
      </trkpt>
      <trkpt lat="40.71073514409363269805908203125" lon="-73.982353694736957550048828125">
        <ele>2.2000000476837158203125</ele>
        <time>2026-03-15T14:02:55.000Z</time>
        <extensions>
          <ns3:TrackPointExtension>
            <ns3:hr>180</ns3:hr>
            <ns3:cad>81</ns3:cad>
          </ns3:TrackPointExtension>
        </extensions>
      </trkpt>
      <trkpt lat="40.71073799394071102142333984375" lon="-73.98232880048453807830810546875">
        <ele>2.2000000476837158203125</ele>
        <time>2026-03-15T14:02:56.000Z</time>
        <extensions>
          <ns3:TrackPointExtension>
            <ns3:hr>176</ns3:hr>
            <ns3:cad>81</ns3:cad>
          </ns3:TrackPointExtension>
        </extensions>
      </trkpt>
      <trkpt lat="40.7107466273009777069091796875" lon="-73.98207399062812328338623046875">
        <ele>2.2000000476837158203125</ele>
        <time>2026-03-15T14:03:06.000Z</time>
        <extensions>
          <ns3:TrackPointExtension>
            <ns3:hr>175</ns3:hr>
            <ns3:cad>83</ns3:cad>
          </ns3:TrackPointExtension>
        </extensions>
      </trkpt>
      <trkpt lat="40.71075417101383209228515625" lon="-73.981811888515949249267578125">
        <ele>2.2000000476837158203125</ele>
        <time>2026-03-15T14:03:15.000Z</time>
        <extensions>
          <ns3:TrackPointExtension>
            <ns3:hr>175</ns3:hr>
            <ns3:cad>84</ns3:cad>
          </ns3:TrackPointExtension>
        </extensions>
      </trkpt>
      <trkpt lat="40.71074939332902431488037109375" lon="-73.981754891574382781982421875">
        <ele>2.2000000476837158203125</ele>
        <time>2026-03-15T14:03:17.000Z</time>
        <extensions>
          <ns3:TrackPointExtension>
            <ns3:hr>172</ns3:hr>
            <ns3:cad>84</ns3:cad>
          </ns3:TrackPointExtension>
        </extensions>
      </trkpt>
      <trkpt lat="40.7107781432569026947021484375" lon="-73.98151642642915248870849609375">
        <ele>2.400000095367431640625</ele>
        <time>2026-03-15T14:03:26.000Z</time>
        <extensions>
          <ns3:TrackPointExtension>
            <ns3:hr>174</ns3:hr>
            <ns3:cad>84</ns3:cad>
          </ns3:TrackPointExtension>
        </extensions>
      </trkpt>
      <trkpt lat="40.7107830047607421875" lon="-73.98146730847656726837158203125">
        <ele>2.400000095367431640625</ele>
        <time>2026-03-15T14:03:28.000Z</time>
        <extensions>
          <ns3:TrackPointExtension>
            <ns3:hr>170</ns3:hr>
            <ns3:cad>84</ns3:cad>
          </ns3:TrackPointExtension>
        </extensions>
      </trkpt>
      <trkpt lat="40.71078392677009105682373046875" lon="-73.9814171008765697479248046875">
        <ele>2.400000095367431640625</ele>
        <time>2026-03-15T14:03:30.000Z</time>
        <extensions>
          <ns3:TrackPointExtension>
            <ns3:hr>166</ns3:hr>
            <ns3:cad>84</ns3:cad>
          </ns3:TrackPointExtension>
        </extensions>
      </trkpt>
      <trkpt lat="40.710802115499973297119140625" lon="-73.98117176257073879241943359375">
        <ele>2</ele>
        <time>2026-03-15T14:03:39.000Z</time>
        <extensions>
          <ns3:TrackPointExtension>
            <ns3:hr>168</ns3:hr>
            <ns3:cad>84</ns3:cad>
          </ns3:TrackPointExtension>
        </extensions>
      </trkpt>
      <trkpt lat="40.71081695146858692169189453125" lon="-73.9809332974255084991455078125">
        <ele>2</ele>
        <time>2026-03-15T14:03:47.000Z</time>
        <extensions>
          <ns3:TrackPointExtension>
            <ns3:hr>168</ns3:hr>
            <ns3:cad>84</ns3:cad>
          </ns3:TrackPointExtension>
        </extensions>
      </trkpt>
      <trkpt lat="40.710825584828853607177734375" lon="-73.980693407356739044189453125">
        <ele>2</ele>
        <time>2026-03-15T14:03:55.000Z</time>
        <extensions>
          <ns3:TrackPointExtension>
            <ns3:hr>166</ns3:hr>
            <ns3:cad>84</ns3:cad>
          </ns3:TrackPointExtension>
        </extensions>
      </trkpt>
      <trkpt lat="40.71083589456975460052490234375" lon="-73.98043516092002391815185546875">
        <ele>1.60000002384185791015625</ele>
        <time>2026-03-15T14:04:05.000Z</time>
        <extensions>
          <ns3:TrackPointExtension>
            <ns3:hr>168</ns3:hr>
            <ns3:cad>83</ns3:cad>
          </ns3:TrackPointExtension>
        </extensions>
      </trkpt>
      <trkpt lat="40.71085265837609767913818359375" lon="-73.9801859669387340545654296875">
        <ele>1.60000002384185791015625</ele>
        <time>2026-03-15T14:04:15.000Z</time>
        <extensions>
          <ns3:TrackPointExtension>
            <ns3:hr>168</ns3:hr>
            <ns3:cad>80</ns3:cad>
          </ns3:TrackPointExtension>
        </extensions>
      </trkpt>
      <trkpt lat="40.71090177632868289947509765625" lon="-73.9799304865300655364990234375">
        <ele>1.7999999523162841796875</ele>
        <time>2026-03-15T14:04:25.000Z</time>
        <extensions>
          <ns3:TrackPointExtension>
            <ns3:hr>167</ns3:hr>
            <ns3:cad>84</ns3:cad>
          </ns3:TrackPointExtension>
        </extensions>
      </trkpt>
      <trkpt lat="40.71094955317676067352294921875" lon="-73.97972546517848968505859375">
        <ele>2</ele>
        <time>2026-03-15T14:04:33.000Z</time>
        <extensions>
          <ns3:TrackPointExtension>
            <ns3:hr>163</ns3:hr>
            <ns3:cad>81</ns3:cad>
          </ns3:TrackPointExtension>
        </extensions>
      </trkpt>
      <trkpt lat="40.71101493202149868011474609375" lon="-73.97949169389903545379638671875">
        <ele>2.2000000476837158203125</ele>
        <time>2026-03-15T14:04:42.000Z</time>
        <extensions>
          <ns3:TrackPointExtension>
            <ns3:hr>162</ns3:hr>
            <ns3:cad>79</ns3:cad>
          </ns3:TrackPointExtension>
        </extensions>
      </trkpt>
      <trkpt lat="40.71107125841081142425537109375" lon="-73.97925700061023235321044921875">
        <ele>2</ele>
        <time>2026-03-15T14:04:51.000Z</time>
        <extensions>
          <ns3:TrackPointExtension>
            <ns3:hr>163</ns3:hr>
            <ns3:cad>80</ns3:cad>
          </ns3:TrackPointExtension>
        </extensions>
      </trkpt>
      <trkpt lat="40.71114384569227695465087890625" lon="-73.979019038379192352294921875">
        <ele>2</ele>
        <time>2026-03-15T14:05:01.000Z</time>
        <extensions>
          <ns3:TrackPointExtension>
            <ns3:hr>162</ns3:hr>
            <ns3:cad>80</ns3:cad>
          </ns3:TrackPointExtension>
        </extensions>
      </trkpt>
      <trkpt lat="40.71120251901447772979736328125" lon="-73.97890563122928142547607421875">
        <ele>2</ele>
        <time>2026-03-15T14:05:07.000Z</time>
        <extensions>
          <ns3:TrackPointExtension>
            <ns3:hr>165</ns3:hr>
            <ns3:cad>83</ns3:cad>
          </ns3:TrackPointExtension>
        </extensions>
      </trkpt>
      <trkpt lat="40.711309723556041717529296875" lon="-73.978724665939807891845703125">
        <ele>2.2000000476837158203125</ele>
        <time>2026-03-15T14:05:17.000Z</time>
        <extensions>
          <ns3:TrackPointExtension>
            <ns3:hr>162</ns3:hr>
            <ns3:cad>79</ns3:cad>
          </ns3:TrackPointExtension>
        </extensions>
      </trkpt>
      <trkpt lat="40.71144643239676952362060546875" lon="-73.97855292074382305145263671875">
        <ele>2.599999904632568359375</ele>
        <time>2026-03-15T14:05:26.000Z</time>
        <extensions>
          <ns3:TrackPointExtension>
            <ns3:hr>165</ns3:hr>
            <ns3:cad>82</ns3:cad>
          </ns3:TrackPointExtension>
        </extensions>
      </trkpt>
      <trkpt lat="40.711577944457530975341796875" lon="-73.97835259325802326202392578125">
        <ele>2.400000095367431640625</ele>
        <time>2026-03-15T14:05:35.000Z</time>
        <extensions>
          <ns3:TrackPointExtension>
            <ns3:hr>165</ns3:hr>
            <ns3:cad>80</ns3:cad>
          </ns3:TrackPointExtension>
        </extensions>
      </trkpt>
      <trkpt lat="40.71172110736370086669921875" lon="-73.97818646393716335296630859375">
        <ele>2.2000000476837158203125</ele>
        <time>2026-03-15T14:05:46.000Z</time>
        <extensions>
          <ns3:TrackPointExtension>
            <ns3:hr>166</ns3:hr>
            <ns3:cad>80</ns3:cad>
          </ns3:TrackPointExtension>
        </extensions>
      </trkpt>
      <trkpt lat="40.71178573183715343475341796875" lon="-73.9781055785715579986572265625">
        <ele>2.2000000476837158203125</ele>
        <time>2026-03-15T14:05:52.000Z</time>
        <extensions>
          <ns3:TrackPointExtension>
            <ns3:hr>169</ns3:hr>
            <ns3:cad>80</ns3:cad>
          </ns3:TrackPointExtension>
        </extensions>
      </trkpt>
      <trkpt lat="40.7117955386638641357421875" lon="-73.97809225134551525115966796875">
        <ele>2.2000000476837158203125</ele>
        <time>2026-03-15T14:05:53.000Z</time>
        <extensions>
          <ns3:TrackPointExtension>
            <ns3:hr>172</ns3:hr>
            <ns3:cad>80</ns3:cad>
          </ns3:TrackPointExtension>
        </extensions>
      </trkpt>
      <trkpt lat="40.71190961636602878570556640625" lon="-73.97800524719059467315673828125">
        <ele>2.400000095367431640625</ele>
        <time>2026-03-15T14:06:00.000Z</time>
        <extensions>
          <ns3:TrackPointExtension>
            <ns3:hr>169</ns3:hr>
            <ns3:cad>82</ns3:cad>
          </ns3:TrackPointExtension>
        </extensions>
      </trkpt>
      <trkpt lat="40.711999051272869110107421875" lon="-73.97789913229644298553466796875">
        <ele>2.2000000476837158203125</ele>
        <time>2026-03-15T14:06:07.000Z</time>
        <extensions>
          <ns3:TrackPointExtension>
            <ns3:hr>166</ns3:hr>
            <ns3:cad>83</ns3:cad>
          </ns3:TrackPointExtension>
        </extensions>
      </trkpt>
      <trkpt lat="40.71214933879673480987548828125" lon="-73.9777694642543792724609375">
        <ele>2</ele>
        <time>2026-03-15T14:06:17.000Z</time>
        <extensions>
          <ns3:TrackPointExtension>
            <ns3:hr>167</ns3:hr>
            <ns3:cad>80</ns3:cad>
          </ns3:TrackPointExtension>
        </extensions>
      </trkpt>
      <trkpt lat="40.71233357302844524383544921875" lon="-73.97767885588109493255615234375">
        <ele>2</ele>
        <time>2026-03-15T14:06:29.000Z</time>
        <extensions>
          <ns3:TrackPointExtension>
            <ns3:hr>166</ns3:hr>
            <ns3:cad>80</ns3:cad>
          </ns3:TrackPointExtension>
        </extensions>
      </trkpt>
      <trkpt lat="40.7125222496688365936279296875" lon="-73.9775993116199970245361328125">
        <ele>2</ele>
        <time>2026-03-15T14:06:41.000Z</time>
        <extensions>
          <ns3:TrackPointExtension>
            <ns3:hr>164</ns3:hr>
            <ns3:cad>81</ns3:cad>
          </ns3:TrackPointExtension>
        </extensions>
      </trkpt>
      <trkpt lat="40.712703131139278411865234375" lon="-73.9775024168193340301513671875">
        <ele>2</ele>
        <time>2026-03-15T14:06:50.000Z</time>
        <extensions>
          <ns3:TrackPointExtension>
            <ns3:hr>166</ns3:hr>
            <ns3:cad>82</ns3:cad>
          </ns3:TrackPointExtension>
        </extensions>
      </trkpt>
      <trkpt lat="40.71280614472925662994384765625" lon="-73.97745857946574687957763671875">
        <ele>2</ele>
        <time>2026-03-15T14:06:55.000Z</time>
        <extensions>
          <ns3:TrackPointExtension>
            <ns3:hr>169</ns3:hr>
            <ns3:cad>82</ns3:cad>
          </ns3:TrackPointExtension>
        </extensions>
      </trkpt>
      <trkpt lat="40.71298216469585895538330078125" lon="-73.97735707461833953857421875">
        <ele>2</ele>
        <time>2026-03-15T14:07:04.000Z</time>
        <extensions>
          <ns3:TrackPointExtension>
            <ns3:hr>169</ns3:hr>
            <ns3:cad>82</ns3:cad>
          </ns3:TrackPointExtension>
        </extensions>
      </trkpt>
      <trkpt lat="40.71311091072857379913330078125" lon="-73.9772707410156726837158203125">
        <ele>2</ele>
        <time>2026-03-15T14:07:11.000Z</time>
        <extensions>
          <ns3:TrackPointExtension>
            <ns3:hr>166</ns3:hr>
            <ns3:cad>82</ns3:cad>
          </ns3:TrackPointExtension>
        </extensions>
      </trkpt>
      <trkpt lat="40.7132880203425884246826171875" lon="-73.97720284759998321533203125">
        <ele>2</ele>
        <time>2026-03-15T14:07:20.000Z</time>
        <extensions>
          <ns3:TrackPointExtension>
            <ns3:hr>166</ns3:hr>
            <ns3:cad>83</ns3:cad>
          </ns3:TrackPointExtension>
        </extensions>
      </trkpt>
      <trkpt lat="40.71346948854625225067138671875" lon="-73.977124728262424468994140625">
        <ele>1.7999999523162841796875</ele>
        <time>2026-03-15T14:07:29.000Z</time>
        <extensions>
          <ns3:TrackPointExtension>
            <ns3:hr>168</ns3:hr>
            <ns3:cad>83</ns3:cad>
          </ns3:TrackPointExtension>
        </extensions>
      </trkpt>
      <trkpt lat="40.71363980881869792938232421875" lon="-73.977022469043731689453125">
        <ele>2</ele>
        <time>2026-03-15T14:07:39.000Z</time>
        <extensions>
          <ns3:TrackPointExtension>
            <ns3:hr>166</ns3:hr>
            <ns3:cad>83</ns3:cad>
          </ns3:TrackPointExtension>
        </extensions>
      </trkpt>
      <trkpt lat="40.71381113491952419281005859375" lon="-73.9768979139626026153564453125">
        <ele>1.7999999523162841796875</ele>
        <time>2026-03-15T14:07:50.000Z</time>
        <extensions>
          <ns3:TrackPointExtension>
            <ns3:hr>165</ns3:hr>
            <ns3:cad>82</ns3:cad>
          </ns3:TrackPointExtension>
        </extensions>
      </trkpt>
      <trkpt lat="40.71399704553186893463134765625" lon="-73.97683546878397464752197265625">
        <ele>1.60000002384185791015625</ele>
        <time>2026-03-15T14:08:02.000Z</time>
        <extensions>
          <ns3:TrackPointExtension>
            <ns3:hr>168</ns3:hr>
            <ns3:cad>82</ns3:cad>
          </ns3:TrackPointExtension>
        </extensions>
      </trkpt>
      <trkpt lat="40.71409754455089569091796875" lon="-73.9768110774457454681396484375">
        <ele>1.60000002384185791015625</ele>
        <time>2026-03-15T14:08:12.000Z</time>
        <extensions>
          <ns3:TrackPointExtension>
            <ns3:hr>171</ns3:hr>
            <ns3:cad>83</ns3:cad>
          </ns3:TrackPointExtension>
        </extensions>
      </trkpt>
      <trkpt lat="40.714294016361236572265625" lon="-73.9767996780574321746826171875">
        <ele>1.60000002384185791015625</ele>
        <time>2026-03-15T14:08:25.000Z</time>
        <extensions>
          <ns3:TrackPointExtension>
            <ns3:hr>171</ns3:hr>
            <ns3:cad>84</ns3:cad>
          </ns3:TrackPointExtension>
        </extensions>
      </trkpt>
      <trkpt lat="40.71447766385972499847412109375" lon="-73.97674326784908771514892578125">
        <ele>1.39999997615814208984375</ele>
        <time>2026-03-15T14:08:34.000Z</time>
        <extensions>
          <ns3:TrackPointExtension>
            <ns3:hr>169</ns3:hr>
            <ns3:cad>82</ns3:cad>
          </ns3:TrackPointExtension>
        </extensions>
      </trkpt>
      <trkpt lat="40.71466323919594287872314453125" lon="-73.97663882933557033538818359375">
        <ele>1</ele>
        <time>2026-03-15T14:08:44.000Z</time>
        <extensions>
          <ns3:TrackPointExtension>
            <ns3:hr>168</ns3:hr>
            <ns3:cad>83</ns3:cad>
          </ns3:TrackPointExtension>
        </extensions>
      </trkpt>
      <trkpt lat="40.71482869796454906463623046875" lon="-73.97647722624242305755615234375">
        <ele>1</ele>
        <time>2026-03-15T14:08:50.000Z</time>
        <extensions>
          <ns3:TrackPointExtension>
            <ns3:hr>169</ns3:hr>
            <ns3:cad>82</ns3:cad>
          </ns3:TrackPointExtension>
        </extensions>
      </trkpt>
      <trkpt lat="40.714974962174892425537109375" lon="-73.97639022208750247955322265625">
        <ele>1</ele>
        <time>2026-03-15T14:08:56.000Z</time>
        <extensions>
          <ns3:TrackPointExtension>
            <ns3:hr>166</ns3:hr>
            <ns3:cad>80</ns3:cad>
          </ns3:TrackPointExtension>
        </extensions>
      </trkpt>
      <trkpt lat="40.7151434384286403656005859375" lon="-73.9762826822698116302490234375">
        <ele>1</ele>
        <time>2026-03-15T14:09:05.000Z</time>
        <extensions>
          <ns3:TrackPointExtension>
            <ns3:hr>164</ns3:hr>
            <ns3:cad>80</ns3:cad>
          </ns3:TrackPointExtension>
        </extensions>
      </trkpt>
      <trkpt lat="40.715270675718784332275390625" lon="-73.97622250020503997802734375">
        <ele>1</ele>
        <time>2026-03-15T14:09:12.000Z</time>
        <extensions>
          <ns3:TrackPointExtension>
            <ns3:hr>167</ns3:hr>
            <ns3:cad>82</ns3:cad>
          </ns3:TrackPointExtension>
        </extensions>
      </trkpt>
      <trkpt lat="40.7154421694576740264892578125" lon="-73.9761240966618061065673828125">
        <ele>1</ele>
        <time>2026-03-15T14:09:22.000Z</time>
        <extensions>
          <ns3:TrackPointExtension>
            <ns3:hr>169</ns3:hr>
            <ns3:cad>82</ns3:cad>
          </ns3:TrackPointExtension>
        </extensions>
      </trkpt>
      <trkpt lat="40.71560184471309185028076171875" lon="-73.9760077558457851409912109375">
        <ele>1</ele>
        <time>2026-03-15T14:09:32.000Z</time>
        <extensions>
          <ns3:TrackPointExtension>
            <ns3:hr>166</ns3:hr>
            <ns3:cad>83</ns3:cad>
          </ns3:TrackPointExtension>
        </extensions>
      </trkpt>
      <trkpt lat="40.71576093323528766632080078125" lon="-73.97591798566281795501708984375">
        <ele>1</ele>
        <time>2026-03-15T14:09:42.000Z</time>
        <extensions>
          <ns3:TrackPointExtension>
            <ns3:hr>163</ns3:hr>
            <ns3:cad>80</ns3:cad>
          </ns3:TrackPointExtension>
        </extensions>
      </trkpt>
      <trkpt lat="40.7159323431551456451416015625" lon="-73.9758106134831905364990234375">
        <ele>1</ele>
        <time>2026-03-15T14:09:54.000Z</time>
        <extensions>
          <ns3:TrackPointExtension>
            <ns3:hr>159</ns3:hr>
            <ns3:cad>80</ns3:cad>
          </ns3:TrackPointExtension>
        </extensions>
      </trkpt>
      <trkpt lat="40.71604306809604167938232421875" lon="-73.975734673440456390380859375">
        <ele>1</ele>
        <time>2026-03-15T14:10:01.000Z</time>
        <extensions>
          <ns3:TrackPointExtension>
            <ns3:hr>162</ns3:hr>
            <ns3:cad>83</ns3:cad>
          </ns3:TrackPointExtension>
        </extensions>
      </trkpt>
      <trkpt lat="40.71605815552175045013427734375" lon="-73.97572268731892108917236328125">
        <ele>1</ele>
        <time>2026-03-15T14:10:02.000Z</time>
        <extensions>
          <ns3:TrackPointExtension>
            <ns3:hr>165</ns3:hr>
            <ns3:cad>82</ns3:cad>
          </ns3:TrackPointExtension>
        </extensions>
      </trkpt>
      <trkpt lat="40.7161931879818439483642578125" lon="-73.97563735954463481903076171875">
        <ele>1</ele>
        <time>2026-03-15T14:10:10.000Z</time>
        <extensions>
          <ns3:TrackPointExtension>
            <ns3:hr>162</ns3:hr>
            <ns3:cad>81</ns3:cad>
          </ns3:TrackPointExtension>
        </extensions>
      </trkpt>
      <trkpt lat="40.716379098594188690185546875" lon="-73.97557206451892852783203125">
        <ele>1</ele>
        <time>2026-03-15T14:10:17.000Z</time>
        <extensions>
          <ns3:TrackPointExtension>
            <ns3:hr>160</ns3:hr>
            <ns3:cad>79</ns3:cad>
          </ns3:TrackPointExtension>
        </extensions>
      </trkpt>
      <trkpt lat="40.71656023152172565460205078125" lon="-73.9754708111286163330078125">
        <ele>1</ele>
        <time>2026-03-15T14:10:27.000Z</time>
        <extensions>
          <ns3:TrackPointExtension>
            <ns3:hr>161</ns3:hr>
            <ns3:cad>84</ns3:cad>
          </ns3:TrackPointExtension>
        </extensions>
      </trkpt>
      <trkpt lat="40.7166313938796520233154296875" lon="-73.97542831487953662872314453125">
        <ele>1</ele>
        <time>2026-03-15T14:10:31.000Z</time>
        <extensions>
          <ns3:TrackPointExtension>
            <ns3:hr>164</ns3:hr>
            <ns3:cad>83</ns3:cad>
          </ns3:TrackPointExtension>
        </extensions>
      </trkpt>
      <trkpt lat="40.7166971080005168914794921875" lon="-73.9753978885710239410400390625">
        <ele>1</ele>
        <time>2026-03-15T14:10:35.000Z</time>
        <extensions>
          <ns3:TrackPointExtension>
            <ns3:hr>161</ns3:hr>
            <ns3:cad>83</ns3:cad>
          </ns3:TrackPointExtension>
        </extensions>
      </trkpt>
      <trkpt lat="40.716729462146759033203125" lon="-73.97538254968822002410888671875">
        <ele>1</ele>
        <time>2026-03-15T14:10:37.000Z</time>
        <extensions>
          <ns3:TrackPointExtension>
            <ns3:hr>158</ns3:hr>
            <ns3:cad>84</ns3:cad>
          </ns3:TrackPointExtension>
        </extensions>
      </trkpt>
      <trkpt lat="40.71680246852338314056396484375" lon="-73.97535748779773712158203125">
        <ele>1</ele>
        <time>2026-03-15T14:10:41.000Z</time>
        <extensions>
          <ns3:TrackPointExtension>
            <ns3:hr>163</ns3:hr>
            <ns3:cad>85</ns3:cad>
          </ns3:TrackPointExtension>
        </extensions>
      </trkpt>
      <trkpt lat="40.71682124398648738861083984375" lon="-73.97535019554197788238525390625">
        <ele>1</ele>
        <time>2026-03-15T14:10:42.000Z</time>
        <extensions>
          <ns3:TrackPointExtension>
            <ns3:hr>167</ns3:hr>
            <ns3:cad>85</ns3:cad>
          </ns3:TrackPointExtension>
        </extensions>
      </trkpt>
      <trkpt lat="40.7168406061828136444091796875" lon="-73.97534080781042575836181640625">
        <ele>1</ele>
        <time>2026-03-15T14:10:43.000Z</time>
        <extensions>
          <ns3:TrackPointExtension>
            <ns3:hr>167</ns3:hr>
            <ns3:cad>85</ns3:cad>
          </ns3:TrackPointExtension>
        </extensions>
      </trkpt>
      <trkpt lat="40.71701888926327228546142578125" lon="-73.9752615988254547119140625">
        <ele>1</ele>
        <time>2026-03-15T14:10:52.000Z</time>
        <extensions>
          <ns3:TrackPointExtension>
            <ns3:hr>165</ns3:hr>
            <ns3:cad>82</ns3:cad>
          </ns3:TrackPointExtension>
        </extensions>
      </trkpt>
      <trkpt lat="40.7171980105340480804443359375" lon="-73.9752014167606830596923828125">
        <ele>1</ele>
        <time>2026-03-15T14:11:01.000Z</time>
        <extensions>
          <ns3:TrackPointExtension>
            <ns3:hr>165</ns3:hr>
            <ns3:cad>83</ns3:cad>
          </ns3:TrackPointExtension>
        </extensions>
      </trkpt>
      <trkpt lat="40.7173837535083293914794921875" lon="-73.97515171207487583160400390625">
        <ele>1</ele>
        <time>2026-03-15T14:11:11.000Z</time>
        <extensions>
          <ns3:TrackPointExtension>
            <ns3:hr>165</ns3:hr>
            <ns3:cad>81</ns3:cad>
          </ns3:TrackPointExtension>
        </extensions>
      </trkpt>
      <trkpt lat="40.71748785674571990966796875" lon="-73.97512623108923435211181640625">
        <ele>1</ele>
        <time>2026-03-15T14:11:17.000Z</time>
        <extensions>
          <ns3:TrackPointExtension>
            <ns3:hr>162</ns3:hr>
            <ns3:cad>78</ns3:cad>
          </ns3:TrackPointExtension>
        </extensions>
      </trkpt>
      <trkpt lat="40.71768558584153652191162109375" lon="-73.975100331008434295654296875">
        <ele>1</ele>
        <time>2026-03-15T14:11:27.000Z</time>
        <extensions>
          <ns3:TrackPointExtension>
            <ns3:hr>162</ns3:hr>
            <ns3:cad>84</ns3:cad>
          </ns3:TrackPointExtension>
        </extensions>
      </trkpt>
      <trkpt lat="40.71787518449127674102783203125" lon="-73.975048027932643890380859375">
        <ele>1</ele>
        <time>2026-03-15T14:11:37.000Z</time>
        <extensions>
          <ns3:TrackPointExtension>
            <ns3:hr>163</ns3:hr>
            <ns3:cad>84</ns3:cad>
          </ns3:TrackPointExtension>
        </extensions>
      </trkpt>
      <trkpt lat="40.7180613465607166290283203125" lon="-73.97498600184917449951171875">
        <ele>1</ele>
        <time>2026-03-15T14:11:46.000Z</time>
        <extensions>
          <ns3:TrackPointExtension>
            <ns3:hr>165</ns3:hr>
            <ns3:cad>84</ns3:cad>
          </ns3:TrackPointExtension>
        </extensions>
      </trkpt>
      <trkpt lat="40.71823996491730213165283203125" lon="-73.97495322860777378082275390625">
        <ele>1</ele>
        <time>2026-03-15T14:11:55.000Z</time>
        <extensions>
          <ns3:TrackPointExtension>
            <ns3:hr>164</ns3:hr>
            <ns3:cad>81</ns3:cad>
          </ns3:TrackPointExtension>
        </extensions>
      </trkpt>
      <trkpt lat="40.71843392215669155120849609375" lon="-73.97493646480143070220947265625">
        <ele>1</ele>
        <time>2026-03-15T14:12:06.000Z</time>
        <extensions>
          <ns3:TrackPointExtension>
            <ns3:hr>166</ns3:hr>
            <ns3:cad>84</ns3:cad>
          </ns3:TrackPointExtension>
        </extensions>
      </trkpt>
      <trkpt lat="40.71862368844449520111083984375" lon="-73.9749030210077762603759765625">
        <ele>1</ele>
        <time>2026-03-15T14:12:17.000Z</time>
        <extensions>
          <ns3:TrackPointExtension>
            <ns3:hr>166</ns3:hr>
            <ns3:cad>83</ns3:cad>
          </ns3:TrackPointExtension>
        </extensions>
      </trkpt>
      <trkpt lat="40.71885578334331512451171875" lon="-73.97473379038274288177490234375">
        <ele>1</ele>
        <time>2026-03-15T14:12:32.000Z</time>
        <extensions>
          <ns3:TrackPointExtension>
            <ns3:hr>161</ns3:hr>
            <ns3:cad>81</ns3:cad>
          </ns3:TrackPointExtension>
        </extensions>
      </trkpt>
      <trkpt lat="40.7190101779997348785400390625" lon="-73.974910564720630645751953125">
        <ele>1</ele>
        <time>2026-03-15T14:12:38.000Z</time>
        <extensions>
          <ns3:TrackPointExtension>
            <ns3:hr>156</ns3:hr>
            <ns3:cad>82</ns3:cad>
          </ns3:TrackPointExtension>
        </extensions>
      </trkpt>
      <trkpt lat="40.71923523209989070892333984375" lon="-73.974908553063869476318359375">
        <ele>1</ele>
        <time>2026-03-15T14:12:46.000Z</time>
        <extensions>
          <ns3:TrackPointExtension>
            <ns3:hr>156</ns3:hr>
            <ns3:cad>77</ns3:cad>
          </ns3:TrackPointExtension>
        </extensions>
      </trkpt>
      <trkpt lat="40.719331540167331695556640625" lon="-73.9749160967767238616943359375">
        <ele>1</ele>
        <time>2026-03-15T14:12:50.000Z</time>
        <extensions>
          <ns3:TrackPointExtension>
            <ns3:hr>160</ns3:hr>
            <ns3:cad>80</ns3:cad>
          </ns3:TrackPointExtension>
        </extensions>
      </trkpt>
      <trkpt lat="40.7193414308130741119384765625" lon="-73.9749171026051044464111328125">
        <ele>1</ele>
        <time>2026-03-15T14:12:51.000Z</time>
        <extensions>
          <ns3:TrackPointExtension>
            <ns3:hr>163</ns3:hr>
            <ns3:cad>80</ns3:cad>
          </ns3:TrackPointExtension>
        </extensions>
      </trkpt>
      <trkpt lat="40.71937076747417449951171875" lon="-73.97491400130093097686767578125">
        <ele>1</ele>
        <time>2026-03-15T14:12:53.000Z</time>
        <extensions>
          <ns3:TrackPointExtension>
            <ns3:hr>166</ns3:hr>
            <ns3:cad>80</ns3:cad>
          </ns3:TrackPointExtension>
        </extensions>
      </trkpt>
      <trkpt lat="40.7195603661239147186279296875" lon="-73.9748403243720531463623046875">
        <ele>1</ele>
        <time>2026-03-15T14:13:02.000Z</time>
        <extensions>
          <ns3:TrackPointExtension>
            <ns3:hr>166</ns3:hr>
            <ns3:cad>84</ns3:cad>
          </ns3:TrackPointExtension>
        </extensions>
      </trkpt>
      <trkpt lat="40.719737224280834197998046875" lon="-73.97476765327155590057373046875">
        <ele>1</ele>
        <time>2026-03-15T14:13:10.000Z</time>
        <extensions>
          <ns3:TrackPointExtension>
            <ns3:hr>164</ns3:hr>
            <ns3:cad>84</ns3:cad>
          </ns3:TrackPointExtension>
        </extensions>
      </trkpt>
      <trkpt lat="40.71991466917097568511962890625" lon="-73.97471602074801921844482421875">
        <ele>1</ele>
        <time>2026-03-15T14:13:21.000Z</time>
        <extensions>
          <ns3:TrackPointExtension>
            <ns3:hr>164</ns3:hr>
            <ns3:cad>81</ns3:cad>
          </ns3:TrackPointExtension>
        </extensions>
      </trkpt>
      <trkpt lat="40.72002765722572803497314453125" lon="-73.9747142605483531951904296875">
        <ele>1</ele>
        <time>2026-03-15T14:13:29.000Z</time>
        <extensions>
          <ns3:TrackPointExtension>
            <ns3:hr>161</ns3:hr>
            <ns3:cad>81</ns3:cad>
          </ns3:TrackPointExtension>
        </extensions>
      </trkpt>
      <trkpt lat="40.72020828723907470703125" lon="-73.97470897994935512542724609375">
        <ele>1</ele>
        <time>2026-03-15T14:13:41.000Z</time>
        <extensions>
          <ns3:TrackPointExtension>
            <ns3:hr>160</ns3:hr>
            <ns3:cad>60</ns3:cad>
          </ns3:TrackPointExtension>
        </extensions>
      </trkpt>
      <trkpt lat="40.7202222011983394622802734375" lon="-73.97470747120678424835205078125">
        <ele>1</ele>
        <time>2026-03-15T14:13:42.000Z</time>
        <extensions>
          <ns3:TrackPointExtension>
            <ns3:hr>155</ns3:hr>
            <ns3:cad>60</ns3:cad>
          </ns3:TrackPointExtension>
        </extensions>
      </trkpt>
      <trkpt lat="40.72023368440568447113037109375" lon="-73.97470780648291110992431640625">
        <ele>1</ele>
        <time>2026-03-15T14:13:43.000Z</time>
        <extensions>
          <ns3:TrackPointExtension>
            <ns3:hr>155</ns3:hr>
            <ns3:cad>61</ns3:cad>
          </ns3:TrackPointExtension>
        </extensions>
      </trkpt>
      <trkpt lat="40.720286406576633453369140625" lon="-73.9746998436748981475830078125">
        <ele>1</ele>
        <time>2026-03-15T14:13:47.000Z</time>
        <extensions>
          <ns3:TrackPointExtension>
            <ns3:hr>151</ns3:hr>
            <ns3:cad>61</ns3:cad>
          </ns3:TrackPointExtension>
        </extensions>
      </trkpt>
      <trkpt lat="40.72029889561235904693603515625" lon="-73.9746978320181369781494140625">
        <ele>1</ele>
        <time>2026-03-15T14:13:48.000Z</time>
        <extensions>
          <ns3:TrackPointExtension>
            <ns3:hr>148</ns3:hr>
            <ns3:cad>61</ns3:cad>
          </ns3:TrackPointExtension>
        </extensions>
      </trkpt>
      <trkpt lat="40.7203123904764652252197265625" lon="-73.97469406016170978546142578125">
        <ele>1</ele>
        <time>2026-03-15T14:13:49.000Z</time>
        <extensions>
          <ns3:TrackPointExtension>
            <ns3:hr>148</ns3:hr>
            <ns3:cad>61</ns3:cad>
          </ns3:TrackPointExtension>
        </extensions>
      </trkpt>
      <trkpt lat="40.72034013457596302032470703125" lon="-73.9746830798685550689697265625">
        <ele>1</ele>
        <time>2026-03-15T14:13:51.000Z</time>
        <extensions>
          <ns3:TrackPointExtension>
            <ns3:hr>152</ns3:hr>
            <ns3:cad>61</ns3:cad>
          </ns3:TrackPointExtension>
        </extensions>
      </trkpt>
      <trkpt lat="40.720423869788646697998046875" lon="-73.97466271184384822845458984375">
        <ele>1</ele>
        <time>2026-03-15T14:13:57.000Z</time>
        <extensions>
          <ns3:TrackPointExtension>
            <ns3:hr>155</ns3:hr>
            <ns3:cad>60</ns3:cad>
          </ns3:TrackPointExtension>
        </extensions>
      </trkpt>
      <trkpt lat="40.7205628417432308197021484375" lon="-73.9746408350765705108642578125">
        <ele>1</ele>
        <time>2026-03-15T14:14:06.000Z</time>
        <extensions>
          <ns3:TrackPointExtension>
            <ns3:hr>152</ns3:hr>
            <ns3:cad>58</ns3:cad>
          </ns3:TrackPointExtension>
        </extensions>
      </trkpt>
      <trkpt lat="40.72075436823070049285888671875" lon="-73.9745811559259891510009765625">
        <ele>1</ele>
        <time>2026-03-15T14:14:17.000Z</time>
        <extensions>
          <ns3:TrackPointExtension>
            <ns3:hr>152</ns3:hr>
            <ns3:cad>60</ns3:cad>
          </ns3:TrackPointExtension>
        </extensions>
      </trkpt>
      <trkpt lat="40.72080952115356922149658203125" lon="-73.97458098828792572021484375">
        <ele>1</ele>
        <time>2026-03-15T14:14:21.000Z</time>
        <extensions>
          <ns3:TrackPointExtension>
            <ns3:hr>149</ns3:hr>
            <ns3:cad>60</ns3:cad>
          </ns3:TrackPointExtension>
        </extensions>
      </trkpt>
      <trkpt lat="40.72090566158294677734375" lon="-73.9745804853737354278564453125">
        <ele>1</ele>
        <time>2026-03-15T14:14:27.000Z</time>
        <extensions>
          <ns3:TrackPointExtension>
            <ns3:hr>152</ns3:hr>
            <ns3:cad>60</ns3:cad>
          </ns3:TrackPointExtension>
        </extensions>
      </trkpt>
      <trkpt lat="40.721018649637699127197265625" lon="-73.97457269020378589630126953125">
        <ele>1</ele>
        <time>2026-03-15T14:14:33.000Z</time>
        <extensions>
          <ns3:TrackPointExtension>
            <ns3:hr>155</ns3:hr>
            <ns3:cad>82</ns3:cad>
          </ns3:TrackPointExtension>
        </extensions>
      </trkpt>
      <trkpt lat="40.72114647366106510162353515625" lon="-73.97453681565821170806884765625">
        <ele>1</ele>
        <time>2026-03-15T14:14:39.000Z</time>
        <extensions>
          <ns3:TrackPointExtension>
            <ns3:hr>147</ns3:hr>
            <ns3:cad>83</ns3:cad>
          </ns3:TrackPointExtension>
        </extensions>
      </trkpt>
      <trkpt lat="40.7211639918386936187744140625" lon="-73.97453295998275279998779296875">
        <ele>1.2000000476837158203125</ele>
        <time>2026-03-15T14:14:40.000Z</time>
        <extensions>
          <ns3:TrackPointExtension>
            <ns3:hr>149</ns3:hr>
            <ns3:cad>83</ns3:cad>
          </ns3:TrackPointExtension>
        </extensions>
      </trkpt>
      <trkpt lat="40.721178911626338958740234375" lon="-73.97453027777373790740966796875">
        <ele>1.2000000476837158203125</ele>
        <time>2026-03-15T14:14:41.000Z</time>
        <extensions>
          <ns3:TrackPointExtension>
            <ns3:hr>155</ns3:hr>
            <ns3:cad>83</ns3:cad>
          </ns3:TrackPointExtension>
        </extensions>
      </trkpt>
      <trkpt lat="40.72119357995688915252685546875" lon="-73.974524997174739837646484375">
        <ele>1.2000000476837158203125</ele>
        <time>2026-03-15T14:14:42.000Z</time>
        <extensions>
          <ns3:TrackPointExtension>
            <ns3:hr>159</ns3:hr>
            <ns3:cad>82</ns3:cad>
          </ns3:TrackPointExtension>
        </extensions>
      </trkpt>
      <trkpt lat="40.7213490642607212066650390625" lon="-73.97451938129961490631103515625">
        <ele>1.39999997615814208984375</ele>
        <time>2026-03-15T14:14:52.000Z</time>
        <extensions>
          <ns3:TrackPointExtension>
            <ns3:hr>156</ns3:hr>
            <ns3:cad>82</ns3:cad>
          </ns3:TrackPointExtension>
        </extensions>
      </trkpt>
      <trkpt lat="40.72138787247240543365478515625" lon="-73.974520973861217498779296875">
        <ele>1.39999997615814208984375</ele>
        <time>2026-03-15T14:14:54.000Z</time>
        <extensions>
          <ns3:TrackPointExtension>
            <ns3:hr>153</ns3:hr>
            <ns3:cad>82</ns3:cad>
          </ns3:TrackPointExtension>
        </extensions>
      </trkpt>
      <trkpt lat="40.72151075117290019989013671875" lon="-73.97450379095971584320068359375">
        <ele>1.2000000476837158203125</ele>
        <time>2026-03-15T14:15:00.000Z</time>
        <extensions>
          <ns3:TrackPointExtension>
            <ns3:hr>149</ns3:hr>
            <ns3:cad>83</ns3:cad>
          </ns3:TrackPointExtension>
        </extensions>
      </trkpt>
      <trkpt lat="40.72154738008975982666015625" lon="-73.9745070599019527435302734375">
        <ele>1.2000000476837158203125</ele>
        <time>2026-03-15T14:15:02.000Z</time>
        <extensions>
          <ns3:TrackPointExtension>
            <ns3:hr>154</ns3:hr>
            <ns3:cad>83</ns3:cad>
          </ns3:TrackPointExtension>
        </extensions>
      </trkpt>
      <trkpt lat="40.72156406007707118988037109375" lon="-73.97450680844485759735107421875">
        <ele>1.2000000476837158203125</ele>
        <time>2026-03-15T14:15:03.000Z</time>
        <extensions>
          <ns3:TrackPointExtension>
            <ns3:hr>157</ns3:hr>
            <ns3:cad>83</ns3:cad>
          </ns3:TrackPointExtension>
        </extensions>
      </trkpt>
      <trkpt lat="40.72158015333116054534912109375" lon="-73.97450597025454044342041015625">
        <ele>1.2000000476837158203125</ele>
        <time>2026-03-15T14:15:04.000Z</time>
        <extensions>
          <ns3:TrackPointExtension>
            <ns3:hr>157</ns3:hr>
            <ns3:cad>83</ns3:cad>
          </ns3:TrackPointExtension>
        </extensions>
      </trkpt>
      <trkpt lat="40.72164670564234256744384765625" lon="-73.97449876181781291961669921875">
        <ele>1.2000000476837158203125</ele>
        <time>2026-03-15T14:15:08.000Z</time>
        <extensions>
          <ns3:TrackPointExtension>
            <ns3:hr>160</ns3:hr>
            <ns3:cad>83</ns3:cad>
          </ns3:TrackPointExtension>
        </extensions>
      </trkpt>
      <trkpt lat="40.72170655243098735809326171875" lon="-73.9744889549911022186279296875">
        <ele>1.2000000476837158203125</ele>
        <time>2026-03-15T14:15:12.000Z</time>
        <extensions>
          <ns3:TrackPointExtension>
            <ns3:hr>157</ns3:hr>
            <ns3:cad>84</ns3:cad>
          </ns3:TrackPointExtension>
        </extensions>
      </trkpt>
      <trkpt lat="40.7217215560376644134521484375" lon="-73.97448618896305561065673828125">
        <ele>1.2000000476837158203125</ele>
        <time>2026-03-15T14:15:13.000Z</time>
        <extensions>
          <ns3:TrackPointExtension>
            <ns3:hr>152</ns3:hr>
            <ns3:cad>84</ns3:cad>
          </ns3:TrackPointExtension>
        </extensions>
      </trkpt>
      <trkpt lat="40.72176924906671047210693359375" lon="-73.97447680123150348663330078125">
        <ele>1.2000000476837158203125</ele>
        <time>2026-03-15T14:15:16.000Z</time>
        <extensions>
          <ns3:TrackPointExtension>
            <ns3:hr>156</ns3:hr>
            <ns3:cad>84</ns3:cad>
          </ns3:TrackPointExtension>
        </extensions>
      </trkpt>
      <trkpt lat="40.72178584523499011993408203125" lon="-73.97447428666055202484130859375">
        <ele>1.2000000476837158203125</ele>
        <time>2026-03-15T14:15:17.000Z</time>
        <extensions>
          <ns3:TrackPointExtension>
            <ns3:hr>152</ns3:hr>
            <ns3:cad>84</ns3:cad>
          </ns3:TrackPointExtension>
        </extensions>
      </trkpt>
      <trkpt lat="40.72185524739325046539306640625" lon="-73.97445986978709697723388671875">
        <ele>1.39999997615814208984375</ele>
        <time>2026-03-15T14:15:22.000Z</time>
        <extensions>
          <ns3:TrackPointExtension>
            <ns3:hr>155</ns3:hr>
            <ns3:cad>84</ns3:cad>
          </ns3:TrackPointExtension>
        </extensions>
      </trkpt>
      <trkpt lat="40.72188106365501880645751953125" lon="-73.9744601212441921234130859375">
        <ele>1.39999997615814208984375</ele>
        <time>2026-03-15T14:15:24.000Z</time>
        <extensions>
          <ns3:TrackPointExtension>
            <ns3:hr>160</ns3:hr>
            <ns3:cad>84</ns3:cad>
          </ns3:TrackPointExtension>
        </extensions>
      </trkpt>
      <trkpt lat="40.72191190905869007110595703125" lon="-73.97445718757808208465576171875">
        <ele>1.60000002384185791015625</ele>
        <time>2026-03-15T14:15:26.000Z</time>
        <extensions>
          <ns3:TrackPointExtension>
            <ns3:hr>155</ns3:hr>
            <ns3:cad>61</ns3:cad>
          </ns3:TrackPointExtension>
        </extensions>
      </trkpt>
      <trkpt lat="40.72192733176052570343017578125" lon="-73.9744544215500354766845703125">
        <ele>1.60000002384185791015625</ele>
        <time>2026-03-15T14:15:27.000Z</time>
        <extensions>
          <ns3:TrackPointExtension>
            <ns3:hr>155</ns3:hr>
            <ns3:cad>61</ns3:cad>
          </ns3:TrackPointExtension>
        </extensions>
      </trkpt>
      <trkpt lat="40.72211039252579212188720703125" lon="-73.9744074828922748565673828125">
        <ele>2</ele>
        <time>2026-03-15T14:15:40.000Z</time>
        <extensions>
          <ns3:TrackPointExtension>
            <ns3:hr>154</ns3:hr>
            <ns3:cad>61</ns3:cad>
          </ns3:TrackPointExtension>
        </extensions>
      </trkpt>
      <trkpt lat="40.72212615050375461578369140625" lon="-73.97440169937908649444580078125">
        <ele>2</ele>
        <time>2026-03-15T14:15:41.000Z</time>
        <extensions>
          <ns3:TrackPointExtension>
            <ns3:hr>150</ns3:hr>
            <ns3:cad>61</ns3:cad>
          </ns3:TrackPointExtension>
        </extensions>
      </trkpt>
      <trkpt lat="40.72231222875416278839111328125" lon="-73.97432877682149410247802734375">
        <ele>2</ele>
        <time>2026-03-15T14:15:53.000Z</time>
        <extensions>
          <ns3:TrackPointExtension>
            <ns3:hr>148</ns3:hr>
            <ns3:cad>61</ns3:cad>
          </ns3:TrackPointExtension>
        </extensions>
      </trkpt>
      <trkpt lat="40.7224900089204311370849609375" lon="-73.9742673374712467193603515625">
        <ele>2</ele>
        <time>2026-03-15T14:16:05.000Z</time>
        <extensions>
          <ns3:TrackPointExtension>
            <ns3:hr>146</ns3:hr>
            <ns3:cad>60</ns3:cad>
          </ns3:TrackPointExtension>
        </extensions>
      </trkpt>
      <trkpt lat="40.7226316630840301513671875" lon="-73.9741979353129863739013671875">
        <ele>2</ele>
        <time>2026-03-15T14:16:13.000Z</time>
        <extensions>
          <ns3:TrackPointExtension>
            <ns3:hr>142</ns3:hr>
            <ns3:cad>60</ns3:cad>
          </ns3:TrackPointExtension>
        </extensions>
      </trkpt>
      <trkpt lat="40.7226995564997196197509765625" lon="-73.9741516672074794769287109375">
        <ele>2</ele>
        <time>2026-03-15T14:16:17.000Z</time>
        <extensions>
          <ns3:TrackPointExtension>
            <ns3:hr>143</ns3:hr>
            <ns3:cad>60</ns3:cad>
          </ns3:TrackPointExtension>
        </extensions>
      </trkpt>
      <trkpt lat="40.72278899140655994415283203125" lon="-73.97408385761082172393798828125">
        <ele>2</ele>
        <time>2026-03-15T14:16:23.000Z</time>
        <extensions>
          <ns3:TrackPointExtension>
            <ns3:hr>140</ns3:hr>
            <ns3:cad>60</ns3:cad>
          </ns3:TrackPointExtension>
        </extensions>
      </trkpt>
      <trkpt lat="40.72296769358217716217041015625" lon="-73.97396919317543506622314453125">
        <ele>2</ele>
        <time>2026-03-15T14:16:34.000Z</time>
        <extensions>
          <ns3:TrackPointExtension>
            <ns3:hr>139</ns3:hr>
            <ns3:cad>60</ns3:cad>
          </ns3:TrackPointExtension>
        </extensions>
      </trkpt>
      <trkpt lat="40.72313734330236911773681640625" lon="-73.97387288510799407958984375">
        <ele>2</ele>
        <time>2026-03-15T14:16:47.000Z</time>
        <extensions>
          <ns3:TrackPointExtension>
            <ns3:hr>139</ns3:hr>
            <ns3:cad>60</ns3:cad>
          </ns3:TrackPointExtension>
        </extensions>
      </trkpt>
      <trkpt lat="40.7233030535280704498291015625" lon="-73.97376467473804950714111328125">
        <ele>1.60000002384185791015625</ele>
        <time>2026-03-15T14:17:00.000Z</time>
        <extensions>
          <ns3:TrackPointExtension>
            <ns3:hr>136</ns3:hr>
            <ns3:cad>60</ns3:cad>
          </ns3:TrackPointExtension>
        </extensions>
      </trkpt>
      <trkpt lat="40.72343565523624420166015625" lon="-73.973668701946735382080078125">
        <ele>1.2000000476837158203125</ele>
        <time>2026-03-15T14:17:11.000Z</time>
        <extensions>
          <ns3:TrackPointExtension>
            <ns3:hr>133</ns3:hr>
            <ns3:cad>60</ns3:cad>
          </ns3:TrackPointExtension>
        </extensions>
      </trkpt>
      <trkpt lat="40.7236061431467533111572265625" lon="-73.973567783832550048828125">
        <ele>1</ele>
        <time>2026-03-15T14:17:23.000Z</time>
        <extensions>
          <ns3:TrackPointExtension>
            <ns3:hr>134</ns3:hr>
            <ns3:cad>61</ns3:cad>
          </ns3:TrackPointExtension>
        </extensions>
      </trkpt>
      <trkpt lat="40.7236423529684543609619140625" lon="-73.97354439832270145416259765625">
        <ele>1</ele>
        <time>2026-03-15T14:17:26.000Z</time>
        <extensions>
          <ns3:TrackPointExtension>
            <ns3:hr>137</ns3:hr>
            <ns3:cad>61</ns3:cad>
          </ns3:TrackPointExtension>
        </extensions>
      </trkpt>
      <trkpt lat="40.72380152530968189239501953125" lon="-73.97342939861118793487548828125">
        <ele>1</ele>
        <time>2026-03-15T14:17:36.000Z</time>
        <extensions>
          <ns3:TrackPointExtension>
            <ns3:hr>137</ns3:hr>
            <ns3:cad>61</ns3:cad>
          </ns3:TrackPointExtension>
        </extensions>
      </trkpt>
      <trkpt lat="40.72397838346660137176513671875" lon="-73.97330467589199542999267578125">
        <ele>1</ele>
        <time>2026-03-15T14:17:46.000Z</time>
        <extensions>
          <ns3:TrackPointExtension>
            <ns3:hr>138</ns3:hr>
            <ns3:cad>61</ns3:cad>
          </ns3:TrackPointExtension>
        </extensions>
      </trkpt>
      <trkpt lat="40.72415138594806194305419921875" lon="-73.973212055861949920654296875">
        <ele>1</ele>
        <time>2026-03-15T14:17:56.000Z</time>
        <extensions>
          <ns3:TrackPointExtension>
            <ns3:hr>138</ns3:hr>
            <ns3:cad>62</ns3:cad>
          </ns3:TrackPointExtension>
        </extensions>
      </trkpt>
      <trkpt lat="40.72420570068061351776123046875" lon="-73.97317693568766117095947265625">
        <ele>1</ele>
        <time>2026-03-15T14:18:00.000Z</time>
        <extensions>
          <ns3:TrackPointExtension>
            <ns3:hr>135</ns3:hr>
            <ns3:cad>61</ns3:cad>
          </ns3:TrackPointExtension>
        </extensions>
      </trkpt>
      <trkpt lat="40.724335201084613800048828125" lon="-73.9730807952582836151123046875">
        <ele>1</ele>
        <time>2026-03-15T14:18:10.000Z</time>
        <extensions>
          <ns3:TrackPointExtension>
            <ns3:hr>139</ns3:hr>
            <ns3:cad>61</ns3:cad>
          </ns3:TrackPointExtension>
        </extensions>
      </trkpt>
      <trkpt lat="40.72451164014637470245361328125" lon="-73.97298566065728664398193359375">
        <ele>0.800000011920928955078125</ele>
        <time>2026-03-15T14:18:21.000Z</time>
        <extensions>
          <ns3:TrackPointExtension>
            <ns3:hr>138</ns3:hr>
            <ns3:cad>61</ns3:cad>
          </ns3:TrackPointExtension>
        </extensions>
      </trkpt>
      <trkpt lat="40.7245714031159877777099609375" lon="-73.97295464761555194854736328125">
        <ele>0.60000002384185791015625</ele>
        <time>2026-03-15T14:18:25.000Z</time>
        <extensions>
          <ns3:TrackPointExtension>
            <ns3:hr>141</ns3:hr>
            <ns3:cad>61</ns3:cad>
          </ns3:TrackPointExtension>
        </extensions>
      </trkpt>
      <trkpt lat="40.72459747083485126495361328125" lon="-73.97293050773441791534423828125">
        <ele>0.800000011920928955078125</ele>
        <time>2026-03-15T14:18:27.000Z</time>
        <extensions>
          <ns3:TrackPointExtension>
            <ns3:hr>139</ns3:hr>
            <ns3:cad>61</ns3:cad>
          </ns3:TrackPointExtension>
        </extensions>
      </trkpt>
      <trkpt lat="40.7246625982224941253662109375" lon="-73.97289513610303401947021484375">
        <ele>0.800000011920928955078125</ele>
        <time>2026-03-15T14:18:31.000Z</time>
        <extensions>
          <ns3:TrackPointExtension>
            <ns3:hr>135</ns3:hr>
            <ns3:cad>61</ns3:cad>
          </ns3:TrackPointExtension>
        </extensions>
      </trkpt>
      <trkpt lat="40.72477499954402446746826171875" lon="-73.972831852734088897705078125">
        <ele>1</ele>
        <time>2026-03-15T14:18:38.000Z</time>
        <extensions>
          <ns3:TrackPointExtension>
            <ns3:hr>138</ns3:hr>
            <ns3:cad>61</ns3:cad>
          </ns3:TrackPointExtension>
        </extensions>
      </trkpt>
      <trkpt lat="40.72487792931497097015380859375" lon="-73.9727592654526233673095703125">
        <ele>1</ele>
        <time>2026-03-15T14:18:45.000Z</time>
        <extensions>
          <ns3:TrackPointExtension>
            <ns3:hr>141</ns3:hr>
            <ns3:cad>61</ns3:cad>
          </ns3:TrackPointExtension>
        </extensions>
      </trkpt>
      <trkpt lat="40.72494263760745525360107421875" lon="-73.9726972393691539764404296875">
        <ele>0.800000011920928955078125</ele>
        <time>2026-03-15T14:18:50.000Z</time>
        <extensions>
          <ns3:TrackPointExtension>
            <ns3:hr>144</ns3:hr>
            <ns3:cad>61</ns3:cad>
          </ns3:TrackPointExtension>
        </extensions>
      </trkpt>
      <trkpt lat="40.72509996592998504638671875" lon="-73.97256924770772457122802734375">
        <ele>0.4000000059604644775390625</ele>
        <time>2026-03-15T14:19:01.000Z</time>
        <extensions>
          <ns3:TrackPointExtension>
            <ns3:hr>146</ns3:hr>
            <ns3:cad>61</ns3:cad>
          </ns3:TrackPointExtension>
        </extensions>
      </trkpt>
      <trkpt lat="40.7251158915460109710693359375" lon="-73.972561620175838470458984375">
        <ele>0.20000000298023223876953125</ele>
        <time>2026-03-15T14:19:02.000Z</time>
        <extensions>
          <ns3:TrackPointExtension>
            <ns3:hr>145</ns3:hr>
            <ns3:cad>62</ns3:cad>
          </ns3:TrackPointExtension>
        </extensions>
      </trkpt>
      <trkpt lat="40.72514547966420650482177734375" lon="-73.9725450240075588226318359375">
        <ele>0.20000000298023223876953125</ele>
        <time>2026-03-15T14:19:04.000Z</time>
        <extensions>
          <ns3:TrackPointExtension>
            <ns3:hr>142</ns3:hr>
            <ns3:cad>62</ns3:cad>
          </ns3:TrackPointExtension>
        </extensions>
      </trkpt>
      <trkpt lat="40.72531948797404766082763671875" lon="-73.972430191934108734130859375">
        <ele>0</ele>
        <time>2026-03-15T14:19:17.000Z</time>
        <extensions>
          <ns3:TrackPointExtension>
            <ns3:hr>143</ns3:hr>
            <ns3:cad>60</ns3:cad>
          </ns3:TrackPointExtension>
        </extensions>
      </trkpt>
      <trkpt lat="40.72541177272796630859375" lon="-73.972381912171840667724609375">
        <ele>0</ele>
        <time>2026-03-15T14:19:25.000Z</time>
        <extensions>
          <ns3:TrackPointExtension>
            <ns3:hr>140</ns3:hr>
            <ns3:cad>60</ns3:cad>
          </ns3:TrackPointExtension>
        </extensions>
      </trkpt>
      <trkpt lat="40.725600533187389373779296875" lon="-73.97233405150473117828369140625">
        <ele>0</ele>
        <time>2026-03-15T14:19:39.000Z</time>
        <extensions>
          <ns3:TrackPointExtension>
            <ns3:hr>140</ns3:hr>
            <ns3:cad>60</ns3:cad>
          </ns3:TrackPointExtension>
        </extensions>
      </trkpt>
      <trkpt lat="40.725644789636135101318359375" lon="-73.972318209707736968994140625">
        <ele>0</ele>
        <time>2026-03-15T14:19:42.000Z</time>
        <extensions>
          <ns3:TrackPointExtension>
            <ns3:hr>137</ns3:hr>
            <ns3:cad>60</ns3:cad>
          </ns3:TrackPointExtension>
        </extensions>
      </trkpt>
      <trkpt lat="40.72582474909722805023193359375" lon="-73.97223380394279956817626953125">
        <ele>0</ele>
        <time>2026-03-15T14:19:54.000Z</time>
        <extensions>
          <ns3:TrackPointExtension>
            <ns3:hr>135</ns3:hr>
            <ns3:cad>62</ns3:cad>
          </ns3:TrackPointExtension>
        </extensions>
      </trkpt>
      <trkpt lat="40.7259403355419635772705078125" lon="-73.97216691635549068450927734375">
        <ele>0</ele>
        <time>2026-03-15T14:20:01.000Z</time>
        <extensions>
          <ns3:TrackPointExtension>
            <ns3:hr>139</ns3:hr>
            <ns3:cad>60</ns3:cad>
          </ns3:TrackPointExtension>
        </extensions>
      </trkpt>
      <trkpt lat="40.7261103205382823944091796875" lon="-73.97206683643162250518798828125">
        <ele>0</ele>
        <time>2026-03-15T14:20:12.000Z</time>
        <extensions>
          <ns3:TrackPointExtension>
            <ns3:hr>138</ns3:hr>
            <ns3:cad>61</ns3:cad>
          </ns3:TrackPointExtension>
        </extensions>
      </trkpt>
      <trkpt lat="40.72621450759470462799072265625" lon="-73.9720183052122592926025390625">
        <ele>0</ele>
        <time>2026-03-15T14:20:19.000Z</time>
        <extensions>
          <ns3:TrackPointExtension>
            <ns3:hr>135</ns3:hr>
            <ns3:cad>61</ns3:cad>
          </ns3:TrackPointExtension>
        </extensions>
      </trkpt>
      <trkpt lat="40.72637828998267650604248046875" lon="-73.9719401858747005462646484375">
        <ele>0</ele>
        <time>2026-03-15T14:20:30.000Z</time>
        <extensions>
          <ns3:TrackPointExtension>
            <ns3:hr>138</ns3:hr>
            <ns3:cad>61</ns3:cad>
          </ns3:TrackPointExtension>
        </extensions>
      </trkpt>
      <trkpt lat="40.72655581869184970855712890625" lon="-73.97188603878021240234375">
        <ele>0</ele>
        <time>2026-03-15T14:20:41.000Z</time>
        <extensions>
          <ns3:TrackPointExtension>
            <ns3:hr>137</ns3:hr>
            <ns3:cad>61</ns3:cad>
          </ns3:TrackPointExtension>
        </extensions>
      </trkpt>
      <trkpt lat="40.7267429865896701812744140625" lon="-73.9718550257384777069091796875">
        <ele>0</ele>
        <time>2026-03-15T14:20:52.000Z</time>
        <extensions>
          <ns3:TrackPointExtension>
            <ns3:hr>138</ns3:hr>
            <ns3:cad>59</ns3:cad>
          </ns3:TrackPointExtension>
        </extensions>
      </trkpt>
      <trkpt lat="40.72693451307713985443115234375" lon="-73.97181789390742778778076171875">
        <ele>0</ele>
        <time>2026-03-15T14:21:05.000Z</time>
        <extensions>
          <ns3:TrackPointExtension>
            <ns3:hr>137</ns3:hr>
            <ns3:cad>60</ns3:cad>
          </ns3:TrackPointExtension>
        </extensions>
      </trkpt>
      <trkpt lat="40.7271315716207027435302734375" lon="-73.971832729876041412353515625">
        <ele>0</ele>
        <time>2026-03-15T14:21:20.000Z</time>
        <extensions>
          <ns3:TrackPointExtension>
            <ns3:hr>136</ns3:hr>
            <ns3:cad>63</ns3:cad>
          </ns3:TrackPointExtension>
        </extensions>
      </trkpt>
      <trkpt lat="40.727176330983638763427734375" lon="-73.971837423741817474365234375">
        <ele>0</ele>
        <time>2026-03-15T14:21:24.000Z</time>
        <extensions>
          <ns3:TrackPointExtension>
            <ns3:hr>139</ns3:hr>
            <ns3:cad>63</ns3:cad>
          </ns3:TrackPointExtension>
        </extensions>
      </trkpt>
      <trkpt lat="40.7273652590811252593994140625" lon="-73.97185695357620716094970703125">
        <ele>0</ele>
        <time>2026-03-15T14:21:35.000Z</time>
        <extensions>
          <ns3:TrackPointExtension>
            <ns3:hr>139</ns3:hr>
            <ns3:cad>63</ns3:cad>
          </ns3:TrackPointExtension>
        </extensions>
      </trkpt>
      <trkpt lat="40.7275642454624176025390625" lon="-73.97185209207236766815185546875">
        <ele>0</ele>
        <time>2026-03-15T14:21:45.000Z</time>
        <extensions>
          <ns3:TrackPointExtension>
            <ns3:hr>140</ns3:hr>
            <ns3:cad>60</ns3:cad>
          </ns3:TrackPointExtension>
        </extensions>
      </trkpt>
      <trkpt lat="40.72770573198795318603515625" lon="-73.9718194864690303802490234375">
        <ele>0</ele>
        <time>2026-03-15T14:21:51.000Z</time>
        <extensions>
          <ns3:TrackPointExtension>
            <ns3:hr>133</ns3:hr>
            <ns3:cad>83</ns3:cad>
          </ns3:TrackPointExtension>
        </extensions>
      </trkpt>
      <trkpt lat="40.72773196734488010406494140625" lon="-73.9718178100883960723876953125">
        <ele>0</ele>
        <time>2026-03-15T14:21:52.000Z</time>
        <extensions>
          <ns3:TrackPointExtension>
            <ns3:hr>137</ns3:hr>
            <ns3:cad>84</ns3:cad>
          </ns3:TrackPointExtension>
        </extensions>
      </trkpt>
      <trkpt lat="40.72779164649546146392822265625" lon="-73.9718094281852245330810546875">
        <ele>0</ele>
        <time>2026-03-15T14:21:54.000Z</time>
        <extensions>
          <ns3:TrackPointExtension>
            <ns3:hr>141</ns3:hr>
            <ns3:cad>84</ns3:cad>
          </ns3:TrackPointExtension>
        </extensions>
      </trkpt>
      <trkpt lat="40.72782240808010101318359375" lon="-73.9717980287969112396240234375">
        <ele>0</ele>
        <time>2026-03-15T14:21:55.000Z</time>
        <extensions>
          <ns3:TrackPointExtension>
            <ns3:hr>145</ns3:hr>
            <ns3:cad>84</ns3:cad>
          </ns3:TrackPointExtension>
        </extensions>
      </trkpt>
      <trkpt lat="40.72785534895956516265869140625" lon="-73.97178788669407367706298828125">
        <ele>0</ele>
        <time>2026-03-15T14:21:56.000Z</time>
        <extensions>
          <ns3:TrackPointExtension>
            <ns3:hr>148</ns3:hr>
            <ns3:cad>84</ns3:cad>
          </ns3:TrackPointExtension>
        </extensions>
      </trkpt>
      <trkpt lat="40.72788720019161701202392578125" lon="-73.97177539765834808349609375">
        <ele>0</ele>
        <time>2026-03-15T14:21:57.000Z</time>
        <extensions>
          <ns3:TrackPointExtension>
            <ns3:hr>147</ns3:hr>
            <ns3:cad>84</ns3:cad>
          </ns3:TrackPointExtension>
        </extensions>
      </trkpt>
      <trkpt lat="40.7279169559478759765625" lon="-73.97176156751811504364013671875">
        <ele>0</ele>
        <time>2026-03-15T14:21:58.000Z</time>
        <extensions>
          <ns3:TrackPointExtension>
            <ns3:hr>151</ns3:hr>
            <ns3:cad>83</ns3:cad>
          </ns3:TrackPointExtension>
        </extensions>
      </trkpt>
      <trkpt lat="40.72794151492416858673095703125" lon="-73.97175150923430919647216796875">
        <ele>0</ele>
        <time>2026-03-15T14:21:59.000Z</time>
        <extensions>
          <ns3:TrackPointExtension>
            <ns3:hr>155</ns3:hr>
            <ns3:cad>83</ns3:cad>
          </ns3:TrackPointExtension>
        </extensions>
      </trkpt>
      <trkpt lat="40.7279657386243343353271484375" lon="-73.9717433787882328033447265625">
        <ele>0</ele>
        <time>2026-03-15T14:22:00.000Z</time>
        <extensions>
          <ns3:TrackPointExtension>
            <ns3:hr>152</ns3:hr>
            <ns3:cad>83</ns3:cad>
          </ns3:TrackPointExtension>
        </extensions>
      </trkpt>
      <trkpt lat="40.72798895649611949920654296875" lon="-73.97173524834215641021728515625">
        <ele>0</ele>
        <time>2026-03-15T14:22:01.000Z</time>
        <extensions>
          <ns3:TrackPointExtension>
            <ns3:hr>157</ns3:hr>
            <ns3:cad>83</ns3:cad>
          </ns3:TrackPointExtension>
        </extensions>
      </trkpt>
      <trkpt lat="40.7280076481401920318603515625" lon="-73.97172887809574604034423828125">
        <ele>0</ele>
        <time>2026-03-15T14:22:02.000Z</time>
        <extensions>
          <ns3:TrackPointExtension>
            <ns3:hr>160</ns3:hr>
            <ns3:cad>83</ns3:cad>
          </ns3:TrackPointExtension>
        </extensions>
      </trkpt>
      <trkpt lat="40.72802734561264514923095703125" lon="-73.97172317840158939361572265625">
        <ele>0</ele>
        <time>2026-03-15T14:22:03.000Z</time>
        <extensions>
          <ns3:TrackPointExtension>
            <ns3:hr>165</ns3:hr>
            <ns3:cad>83</ns3:cad>
          </ns3:TrackPointExtension>
        </extensions>
      </trkpt>
      <trkpt lat="40.72804813273251056671142578125" lon="-73.971717394888401031494140625">
        <ele>0</ele>
        <time>2026-03-15T14:22:04.000Z</time>
        <extensions>
          <ns3:TrackPointExtension>
            <ns3:hr>169</ns3:hr>
            <ns3:cad>84</ns3:cad>
          </ns3:TrackPointExtension>
        </extensions>
      </trkpt>
      <trkpt lat="40.728067494928836822509765625" lon="-73.97171370685100555419921875">
        <ele>0</ele>
        <time>2026-03-15T14:22:05.000Z</time>
        <extensions>
          <ns3:TrackPointExtension>
            <ns3:hr>172</ns3:hr>
            <ns3:cad>84</ns3:cad>
          </ns3:TrackPointExtension>
        </extensions>
      </trkpt>
      <trkpt lat="40.72808836586773395538330078125" lon="-73.97170691750943660736083984375">
        <ele>0</ele>
        <time>2026-03-15T14:22:06.000Z</time>
        <extensions>
          <ns3:TrackPointExtension>
            <ns3:hr>172</ns3:hr>
            <ns3:cad>84</ns3:cad>
          </ns3:TrackPointExtension>
        </extensions>
      </trkpt>
      <trkpt lat="40.72812876664102077484130859375" lon="-73.97169551812112331390380859375">
        <ele>0</ele>
        <time>2026-03-15T14:22:08.000Z</time>
        <extensions>
          <ns3:TrackPointExtension>
            <ns3:hr>169</ns3:hr>
            <ns3:cad>84</ns3:cad>
          </ns3:TrackPointExtension>
        </extensions>
      </trkpt>
      <trkpt lat="40.72819179855287075042724609375" lon="-73.9716776646673679351806640625">
        <ele>0</ele>
        <time>2026-03-15T14:22:11.000Z</time>
        <extensions>
          <ns3:TrackPointExtension>
            <ns3:hr>176</ns3:hr>
            <ns3:cad>84</ns3:cad>
          </ns3:TrackPointExtension>
        </extensions>
      </trkpt>
      <trkpt lat="40.7282175309956073760986328125" lon="-73.97167146205902099609375">
        <ele>0</ele>
        <time>2026-03-15T14:22:12.000Z</time>
        <extensions>
          <ns3:TrackPointExtension>
            <ns3:hr>175</ns3:hr>
            <ns3:cad>84</ns3:cad>
          </ns3:TrackPointExtension>
        </extensions>
      </trkpt>
      <trkpt lat="40.728289447724819183349609375" lon="-73.97165260277688503265380859375">
        <ele>0</ele>
        <time>2026-03-15T14:22:15.000Z</time>
        <extensions>
          <ns3:TrackPointExtension>
            <ns3:hr>171</ns3:hr>
            <ns3:cad>85</ns3:cad>
          </ns3:TrackPointExtension>
        </extensions>
      </trkpt>
      <trkpt lat="40.728332698345184326171875" lon="-73.97163952700793743133544921875">
        <ele>0</ele>
        <time>2026-03-15T14:22:17.000Z</time>
        <extensions>
          <ns3:TrackPointExtension>
            <ns3:hr>167</ns3:hr>
            <ns3:cad>84</ns3:cad>
          </ns3:TrackPointExtension>
        </extensions>
      </trkpt>
      <trkpt lat="40.7283720932900905609130859375" lon="-73.971632234752178192138671875">
        <ele>0</ele>
        <time>2026-03-15T14:22:19.000Z</time>
        <extensions>
          <ns3:TrackPointExtension>
            <ns3:hr>170</ns3:hr>
            <ns3:cad>84</ns3:cad>
          </ns3:TrackPointExtension>
        </extensions>
      </trkpt>
      <trkpt lat="40.72841308079659938812255859375" lon="-73.9716277085244655609130859375">
        <ele>0</ele>
        <time>2026-03-15T14:22:21.000Z</time>
        <extensions>
          <ns3:TrackPointExtension>
            <ns3:hr>173</ns3:hr>
            <ns3:cad>84</ns3:cad>
          </ns3:TrackPointExtension>
        </extensions>
      </trkpt>
      <trkpt lat="40.7284787110984325408935546875" lon="-73.9716300554573535919189453125">
        <ele>0</ele>
        <time>2026-03-15T14:22:24.000Z</time>
        <extensions>
          <ns3:TrackPointExtension>
            <ns3:hr>179</ns3:hr>
            <ns3:cad>84</ns3:cad>
          </ns3:TrackPointExtension>
        </extensions>
      </trkpt>
      <trkpt lat="40.7285404019057750701904296875" lon="-73.971636593341827392578125">
        <ele>0</ele>
        <time>2026-03-15T14:22:27.000Z</time>
        <extensions>
          <ns3:TrackPointExtension>
            <ns3:hr>176</ns3:hr>
            <ns3:cad>82</ns3:cad>
          </ns3:TrackPointExtension>
        </extensions>
      </trkpt>
      <trkpt lat="40.7285806350409984588623046875" lon="-73.9716458134353160858154296875">
        <ele>0</ele>
        <time>2026-03-15T14:22:29.000Z</time>
        <extensions>
          <ns3:TrackPointExtension>
            <ns3:hr>172</ns3:hr>
            <ns3:cad>81</ns3:cad>
          </ns3:TrackPointExtension>
        </extensions>
      </trkpt>
      <trkpt lat="40.72870644740760326385498046875" lon="-73.97166073322296142578125">
        <ele>0</ele>
        <time>2026-03-15T14:22:35.000Z</time>
        <extensions>
          <ns3:TrackPointExtension>
            <ns3:hr>176</ns3:hr>
            <ns3:cad>83</ns3:cad>
          </ns3:TrackPointExtension>
        </extensions>
      </trkpt>
      <trkpt lat="40.72884969413280487060546875" lon="-73.97167489863932132720947265625">
        <ele>0</ele>
        <time>2026-03-15T14:22:42.000Z</time>
        <extensions>
          <ns3:TrackPointExtension>
            <ns3:hr>179</ns3:hr>
            <ns3:cad>85</ns3:cad>
          </ns3:TrackPointExtension>
        </extensions>
      </trkpt>
      <trkpt lat="40.728881545364856719970703125" lon="-73.97168445400893688201904296875">
        <ele>0</ele>
        <time>2026-03-15T14:22:44.000Z</time>
        <extensions>
          <ns3:TrackPointExtension>
            <ns3:hr>174</ns3:hr>
            <ns3:cad>84</ns3:cad>
          </ns3:TrackPointExtension>
        </extensions>
      </trkpt>
      <trkpt lat="40.7289497740566730499267578125" lon="-73.97170775569975376129150390625">
        <ele>0</ele>
        <time>2026-03-15T14:22:48.000Z</time>
        <extensions>
          <ns3:TrackPointExtension>
            <ns3:hr>171</ns3:hr>
            <ns3:cad>84</ns3:cad>
          </ns3:TrackPointExtension>
        </extensions>
      </trkpt>
      <trkpt lat="40.7290061004459857940673828125" lon="-73.97172217257320880889892578125">
        <ele>0</ele>
        <time>2026-03-15T14:22:51.000Z</time>
        <extensions>
          <ns3:TrackPointExtension>
            <ns3:hr>174</ns3:hr>
            <ns3:cad>84</ns3:cad>
          </ns3:TrackPointExtension>
        </extensions>
      </trkpt>
      <trkpt lat="40.72908950038254261016845703125" lon="-73.9717450551688671112060546875">
        <ele>0</ele>
        <time>2026-03-15T14:22:56.000Z</time>
        <extensions>
          <ns3:TrackPointExtension>
            <ns3:hr>171</ns3:hr>
            <ns3:cad>84</ns3:cad>
          </ns3:TrackPointExtension>
        </extensions>
      </trkpt>
      <trkpt lat="40.729118920862674713134765625" lon="-73.971750251948833465576171875">
        <ele>0</ele>
        <time>2026-03-15T14:22:58.000Z</time>
        <extensions>
          <ns3:TrackPointExtension>
            <ns3:hr>168</ns3:hr>
            <ns3:cad>61</ns3:cad>
          </ns3:TrackPointExtension>
        </extensions>
      </trkpt>
      <trkpt lat="40.72923232801258563995361328125" lon="-73.97178922779858112335205078125">
        <ele>0</ele>
        <time>2026-03-15T14:23:06.000Z</time>
        <extensions>
          <ns3:TrackPointExtension>
            <ns3:hr>171</ns3:hr>
            <ns3:cad>61</ns3:cad>
          </ns3:TrackPointExtension>
        </extensions>
      </trkpt>
      <trkpt lat="40.72933827526867389678955078125" lon="-73.97182258777320384979248046875">
        <ele>0</ele>
        <time>2026-03-15T14:23:17.000Z</time>
        <extensions>
          <ns3:TrackPointExtension>
            <ns3:hr>168</ns3:hr>
            <ns3:cad>0</ns3:cad>
          </ns3:TrackPointExtension>
        </extensions>
      </trkpt>
      <trkpt lat="40.729440115392208099365234375" lon="-73.9718674309551715850830078125">
        <ele>0</ele>
        <time>2026-03-15T14:23:25.000Z</time>
        <extensions>
          <ns3:TrackPointExtension>
            <ns3:hr>167</ns3:hr>
            <ns3:cad>63</ns3:cad>
          </ns3:TrackPointExtension>
        </extensions>
      </trkpt>
      <trkpt lat="40.72955151088535785675048828125" lon="-73.97195720113813877105712890625">
        <ele>0</ele>
        <time>2026-03-15T14:23:34.000Z</time>
        <extensions>
          <ns3:TrackPointExtension>
            <ns3:hr>164</ns3:hr>
            <ns3:cad>81</ns3:cad>
          </ns3:TrackPointExtension>
        </extensions>
      </trkpt>
      <trkpt lat="40.7296045683324337005615234375" lon="-73.97198234684765338897705078125">
        <ele>0</ele>
        <time>2026-03-15T14:23:40.000Z</time>
        <extensions>
          <ns3:TrackPointExtension>
            <ns3:hr>161</ns3:hr>
            <ns3:cad>60</ns3:cad>
          </ns3:TrackPointExtension>
        </extensions>
      </trkpt>
      <trkpt lat="40.7296722941100597381591796875" lon="-73.97202358581125736236572265625">
        <ele>0</ele>
        <time>2026-03-15T14:23:48.000Z</time>
        <extensions>
          <ns3:TrackPointExtension>
            <ns3:hr>158</ns3:hr>
            <ns3:cad>0</ns3:cad>
          </ns3:TrackPointExtension>
        </extensions>
      </trkpt>
      <trkpt lat="40.72969618253409862518310546875" lon="-73.9720509946346282958984375">
        <ele>0</ele>
        <time>2026-03-15T14:23:53.000Z</time>
        <extensions>
          <ns3:TrackPointExtension>
            <ns3:hr>155</ns3:hr>
            <ns3:cad>0</ns3:cad>
          </ns3:TrackPointExtension>
        </extensions>
      </trkpt>
      <trkpt lat="40.72970858775079250335693359375" lon="-73.9720645733177661895751953125">
        <ele>0</ele>
        <time>2026-03-15T14:23:55.000Z</time>
        <extensions>
          <ns3:TrackPointExtension>
            <ns3:hr>150</ns3:hr>
            <ns3:cad>0</ns3:cad>
          </ns3:TrackPointExtension>
        </extensions>
      </trkpt>
      <trkpt lat="40.72971361689269542694091796875" lon="-73.97206918336451053619384765625">
        <ele>0</ele>
        <time>2026-03-15T14:23:56.000Z</time>
        <extensions>
          <ns3:TrackPointExtension>
            <ns3:hr>145</ns3:hr>
            <ns3:cad>0</ns3:cad>
          </ns3:TrackPointExtension>
        </extensions>
      </trkpt>
      <trkpt lat="40.729719735682010650634765625" lon="-73.97207270376384258270263671875">
        <ele>0</ele>
        <time>2026-03-15T14:23:57.000Z</time>
        <extensions>
          <ns3:TrackPointExtension>
            <ns3:hr>142</ns3:hr>
            <ns3:cad>0</ns3:cad>
          </ns3:TrackPointExtension>
        </extensions>
      </trkpt>
      <trkpt lat="40.72972677648067474365234375" lon="-73.97208075039088726043701171875">
        <ele>0</ele>
        <time>2026-03-15T14:23:58.000Z</time>
        <extensions>
          <ns3:TrackPointExtension>
            <ns3:hr>142</ns3:hr>
            <ns3:cad>60</ns3:cad>
          </ns3:TrackPointExtension>
        </extensions>
      </trkpt>
      <trkpt lat="40.729866921901702880859375" lon="-73.97219021804630756378173828125">
        <ele>0</ele>
        <time>2026-03-15T14:24:14.000Z</time>
        <extensions>
          <ns3:TrackPointExtension>
            <ns3:hr>141</ns3:hr>
            <ns3:cad>0</ns3:cad>
          </ns3:TrackPointExtension>
        </extensions>
      </trkpt>
      <trkpt lat="40.729942359030246734619140625" lon="-73.9722731150686740875244140625">
        <ele>0</ele>
        <time>2026-03-15T14:24:23.000Z</time>
        <extensions>
          <ns3:TrackPointExtension>
            <ns3:hr>137</ns3:hr>
            <ns3:cad>55</ns3:cad>
          </ns3:TrackPointExtension>
        </extensions>
      </trkpt>
      <trkpt lat="40.7299680076539516448974609375" lon="-73.97230220027267932891845703125">
        <ele>0</ele>
        <time>2026-03-15T14:24:26.000Z</time>
        <extensions>
          <ns3:TrackPointExtension>
            <ns3:hr>134</ns3:hr>
            <ns3:cad>57</ns3:cad>
          </ns3:TrackPointExtension>
        </extensions>
      </trkpt>
      <trkpt lat="40.73009147308766841888427734375" lon="-73.97239423356950283050537109375">
        <ele>0</ele>
        <time>2026-03-15T14:24:37.000Z</time>
        <extensions>
          <ns3:TrackPointExtension>
            <ns3:hr>131</ns3:hr>
            <ns3:cad>54</ns3:cad>
          </ns3:TrackPointExtension>
        </extensions>
      </trkpt>
      <trkpt lat="40.730222649872303009033203125" lon="-73.97255902178585529327392578125">
        <ele>0</ele>
        <time>2026-03-15T14:24:49.000Z</time>
        <extensions>
          <ns3:TrackPointExtension>
            <ns3:hr>130</ns3:hr>
            <ns3:cad>60</ns3:cad>
          </ns3:TrackPointExtension>
        </extensions>
      </trkpt>
      <trkpt lat="40.7302772998809814453125" lon="-73.9726335369050502777099609375">
        <ele>0</ele>
        <time>2026-03-15T14:24:54.000Z</time>
        <extensions>
          <ns3:TrackPointExtension>
            <ns3:hr>133</ns3:hr>
            <ns3:cad>59</ns3:cad>
          </ns3:TrackPointExtension>
        </extensions>
      </trkpt>
      <trkpt lat="40.730321221053600311279296875" lon="-73.9727116562426090240478515625">
        <ele>0</ele>
        <time>2026-03-15T14:24:59.000Z</time>
        <extensions>
          <ns3:TrackPointExtension>
            <ns3:hr>130</ns3:hr>
            <ns3:cad>60</ns3:cad>
          </ns3:TrackPointExtension>
        </extensions>
      </trkpt>
      <trkpt lat="40.73036924935877323150634765625" lon="-73.9727867580950260162353515625">
        <ele>0</ele>
        <time>2026-03-15T14:25:04.000Z</time>
        <extensions>
          <ns3:TrackPointExtension>
            <ns3:hr>133</ns3:hr>
            <ns3:cad>58</ns3:cad>
          </ns3:TrackPointExtension>
        </extensions>
      </trkpt>
      <trkpt lat="40.73048844002187252044677734375" lon="-73.9729185216128826141357421875">
        <ele>0</ele>
        <time>2026-03-15T14:25:14.000Z</time>
        <extensions>
          <ns3:TrackPointExtension>
            <ns3:hr>130</ns3:hr>
            <ns3:cad>59</ns3:cad>
          </ns3:TrackPointExtension>
        </extensions>
      </trkpt>
      <trkpt lat="40.73052817024290561676025390625" lon="-73.97295397706329822540283203125">
        <ele>0</ele>
        <time>2026-03-15T14:25:17.000Z</time>
        <extensions>
          <ns3:TrackPointExtension>
            <ns3:hr>133</ns3:hr>
            <ns3:cad>60</ns3:cad>
          </ns3:TrackPointExtension>
        </extensions>
      </trkpt>
      <trkpt lat="40.7305698283016681671142578125" lon="-73.9729946292936801910400390625">
        <ele>0</ele>
        <time>2026-03-15T14:25:20.000Z</time>
        <extensions>
          <ns3:TrackPointExtension>
            <ns3:hr>136</ns3:hr>
            <ns3:cad>58</ns3:cad>
          </ns3:TrackPointExtension>
        </extensions>
      </trkpt>
      <trkpt lat="40.73064065538346767425537109375" lon="-73.9730717428028583526611328125">
        <ele>0</ele>
        <time>2026-03-15T14:25:26.000Z</time>
        <extensions>
          <ns3:TrackPointExtension>
            <ns3:hr>139</ns3:hr>
            <ns3:cad>57</ns3:cad>
          </ns3:TrackPointExtension>
        </extensions>
      </trkpt>
      <trkpt lat="40.730775184929370880126953125" lon="-73.97323477081954479217529296875">
        <ele>0</ele>
        <time>2026-03-15T14:25:38.000Z</time>
        <extensions>
          <ns3:TrackPointExtension>
            <ns3:hr>140</ns3:hr>
            <ns3:cad>58</ns3:cad>
          </ns3:TrackPointExtension>
        </extensions>
      </trkpt>
      <trkpt lat="40.73093737475574016571044921875" lon="-73.97337307222187519073486328125">
        <ele>0</ele>
        <time>2026-03-15T14:25:52.000Z</time>
        <extensions>
          <ns3:TrackPointExtension>
            <ns3:hr>142</ns3:hr>
            <ns3:cad>59</ns3:cad>
          </ns3:TrackPointExtension>
        </extensions>
      </trkpt>
      <trkpt lat="40.7310690544545650482177734375" lon="-73.973495699465274810791015625">
        <ele>0</ele>
        <time>2026-03-15T14:26:03.000Z</time>
        <extensions>
          <ns3:TrackPointExtension>
            <ns3:hr>146</ns3:hr>
            <ns3:cad>57</ns3:cad>
          </ns3:TrackPointExtension>
        </extensions>
      </trkpt>
      <trkpt lat="40.7312361896038055419921875" lon="-73.9735907502472400665283203125">
        <ele>0</ele>
        <time>2026-03-15T14:26:13.000Z</time>
        <extensions>
          <ns3:TrackPointExtension>
            <ns3:hr>146</ns3:hr>
            <ns3:cad>79</ns3:cad>
          </ns3:TrackPointExtension>
        </extensions>
      </trkpt>
      <trkpt lat="40.73132629506289958953857421875" lon="-73.97368236444890499114990234375">
        <ele>0</ele>
        <time>2026-03-15T14:26:19.000Z</time>
        <extensions>
          <ns3:TrackPointExtension>
            <ns3:hr>154</ns3:hr>
            <ns3:cad>81</ns3:cad>
          </ns3:TrackPointExtension>
        </extensions>
      </trkpt>
      <trkpt lat="40.7313407957553863525390625" lon="-73.9736936800181865692138671875">
        <ele>0</ele>
        <time>2026-03-15T14:26:20.000Z</time>
        <extensions>
          <ns3:TrackPointExtension>
            <ns3:hr>154</ns3:hr>
            <ns3:cad>81</ns3:cad>
          </ns3:TrackPointExtension>
        </extensions>
      </trkpt>
      <trkpt lat="40.731368623673915863037109375" lon="-73.9737158082425594329833984375">
        <ele>0</ele>
        <time>2026-03-15T14:26:22.000Z</time>
        <extensions>
          <ns3:TrackPointExtension>
            <ns3:hr>151</ns3:hr>
            <ns3:cad>81</ns3:cad>
          </ns3:TrackPointExtension>
        </extensions>
      </trkpt>
      <trkpt lat="40.73148538358509540557861328125" lon="-73.97380314767360687255859375">
        <ele>0</ele>
        <time>2026-03-15T14:26:29.000Z</time>
        <extensions>
          <ns3:TrackPointExtension>
            <ns3:hr>156</ns3:hr>
            <ns3:cad>76</ns3:cad>
          </ns3:TrackPointExtension>
        </extensions>
      </trkpt>
      <trkpt lat="40.7315039075911045074462890625" lon="-73.973818905651569366455078125">
        <ele>0</ele>
        <time>2026-03-15T14:26:30.000Z</time>
        <extensions>
          <ns3:TrackPointExtension>
            <ns3:hr>160</ns3:hr>
            <ns3:cad>76</ns3:cad>
          </ns3:TrackPointExtension>
        </extensions>
      </trkpt>
      <trkpt lat="40.731522850692272186279296875" lon="-73.97382904775440692901611328125">
        <ele>0</ele>
        <time>2026-03-15T14:26:31.000Z</time>
        <extensions>
          <ns3:TrackPointExtension>
            <ns3:hr>165</ns3:hr>
            <ns3:cad>76</ns3:cad>
          </ns3:TrackPointExtension>
        </extensions>
      </trkpt>
      <trkpt lat="40.731543637812137603759765625" lon="-73.97383877076208591461181640625">
        <ele>0</ele>
        <time>2026-03-15T14:26:32.000Z</time>
        <extensions>
          <ns3:TrackPointExtension>
            <ns3:hr>169</ns3:hr>
            <ns3:cad>76</ns3:cad>
          </ns3:TrackPointExtension>
        </extensions>
      </trkpt>
      <trkpt lat="40.731562077999114990234375" lon="-73.9738485775887966156005859375">
        <ele>0</ele>
        <time>2026-03-15T14:26:33.000Z</time>
        <extensions>
          <ns3:TrackPointExtension>
            <ns3:hr>169</ns3:hr>
            <ns3:cad>84</ns3:cad>
          </ns3:TrackPointExtension>
        </extensions>
      </trkpt>
      <trkpt lat="40.7316239364445209503173828125" lon="-73.97388721816241741180419921875">
        <ele>0</ele>
        <time>2026-03-15T14:26:36.000Z</time>
        <extensions>
          <ns3:TrackPointExtension>
            <ns3:hr>173</ns3:hr>
            <ns3:cad>83</ns3:cad>
          </ns3:TrackPointExtension>
        </extensions>
      </trkpt>
      <trkpt lat="40.73180674575269222259521484375" lon="-73.9739665947854518890380859375">
        <ele>0</ele>
        <time>2026-03-15T14:26:45.000Z</time>
        <extensions>
          <ns3:TrackPointExtension>
            <ns3:hr>171</ns3:hr>
            <ns3:cad>85</ns3:cad>
          </ns3:TrackPointExtension>
        </extensions>
      </trkpt>
      <trkpt lat="40.73183055035769939422607421875" lon="-73.97397304885089397430419921875">
        <ele>0</ele>
        <time>2026-03-15T14:26:46.000Z</time>
        <extensions>
          <ns3:TrackPointExtension>
            <ns3:hr>174</ns3:hr>
            <ns3:cad>85</ns3:cad>
          </ns3:TrackPointExtension>
        </extensions>
      </trkpt>
      <trkpt lat="40.73185133747756481170654296875" lon="-73.97398243658244609832763671875">
        <ele>0</ele>
        <time>2026-03-15T14:26:47.000Z</time>
        <extensions>
          <ns3:TrackPointExtension>
            <ns3:hr>178</ns3:hr>
            <ns3:cad>87</ns3:cad>
          </ns3:TrackPointExtension>
        </extensions>
      </trkpt>
      <trkpt lat="40.73187195695936679840087890625" lon="-73.97399249486625194549560546875">
        <ele>0</ele>
        <time>2026-03-15T14:26:48.000Z</time>
        <extensions>
          <ns3:TrackPointExtension>
            <ns3:hr>181</ns3:hr>
            <ns3:cad>87</ns3:cad>
          </ns3:TrackPointExtension>
        </extensions>
      </trkpt>
      <trkpt lat="40.73193079791963100433349609375" lon="-73.97401814348995685577392578125">
        <ele>0</ele>
        <time>2026-03-15T14:26:51.000Z</time>
        <extensions>
          <ns3:TrackPointExtension>
            <ns3:hr>178</ns3:hr>
            <ns3:cad>85</ns3:cad>
          </ns3:TrackPointExtension>
        </extensions>
      </trkpt>
      <trkpt lat="40.731945298612117767333984375" lon="-73.97403289563953876495361328125">
        <ele>0</ele>
        <time>2026-03-15T14:26:52.000Z</time>
        <extensions>
          <ns3:TrackPointExtension>
            <ns3:hr>175</ns3:hr>
            <ns3:cad>85</ns3:cad>
          </ns3:TrackPointExtension>
        </extensions>
      </trkpt>
      <trkpt lat="40.73196331970393657684326171875" lon="-73.97403624840080738067626953125">
        <ele>0</ele>
        <time>2026-03-15T14:26:53.000Z</time>
        <extensions>
          <ns3:TrackPointExtension>
            <ns3:hr>172</ns3:hr>
            <ns3:cad>83</ns3:cad>
          </ns3:TrackPointExtension>
        </extensions>
      </trkpt>
      <trkpt lat="40.73198377154767513275146484375" lon="-73.9740385115146636962890625">
        <ele>0</ele>
        <time>2026-03-15T14:26:54.000Z</time>
        <extensions>
          <ns3:TrackPointExtension>
            <ns3:hr>169</ns3:hr>
            <ns3:cad>82</ns3:cad>
          </ns3:TrackPointExtension>
        </extensions>
      </trkpt>
      <trkpt lat="40.73200128972530364990234375" lon="-73.97404211573302745819091796875">
        <ele>0</ele>
        <time>2026-03-15T14:26:55.000Z</time>
        <extensions>
          <ns3:TrackPointExtension>
            <ns3:hr>165</ns3:hr>
            <ns3:cad>82</ns3:cad>
          </ns3:TrackPointExtension>
        </extensions>
      </trkpt>
      <trkpt lat="40.7320145331323146820068359375" lon="-73.97404831834137439727783203125">
        <ele>0</ele>
        <time>2026-03-15T14:26:56.000Z</time>
        <extensions>
          <ns3:TrackPointExtension>
            <ns3:hr>165</ns3:hr>
            <ns3:cad>82</ns3:cad>
          </ns3:TrackPointExtension>
        </extensions>
      </trkpt>
      <trkpt lat="40.73202853091061115264892578125" lon="-73.97405150346457958221435546875">
        <ele>0</ele>
        <time>2026-03-15T14:26:57.000Z</time>
        <extensions>
          <ns3:TrackPointExtension>
            <ns3:hr>168</ns3:hr>
            <ns3:cad>81</ns3:cad>
          </ns3:TrackPointExtension>
        </extensions>
      </trkpt>
      <trkpt lat="40.732054598629474639892578125" lon="-73.974055610597133636474609375">
        <ele>0</ele>
        <time>2026-03-15T14:26:59.000Z</time>
        <extensions>
          <ns3:TrackPointExtension>
            <ns3:hr>171</ns3:hr>
            <ns3:cad>78</ns3:cad>
          </ns3:TrackPointExtension>
        </extensions>
      </trkpt>
      <trkpt lat="40.73208804242312908172607421875" lon="-73.97405988536775112152099609375">
        <ele>0</ele>
        <time>2026-03-15T14:27:01.000Z</time>
        <extensions>
          <ns3:TrackPointExtension>
            <ns3:hr>168</ns3:hr>
            <ns3:cad>77</ns3:cad>
          </ns3:TrackPointExtension>
        </extensions>
      </trkpt>
      <trkpt lat="40.73215945623815059661865234375" lon="-73.97407564334571361541748046875">
        <ele>0</ele>
        <time>2026-03-15T14:27:06.000Z</time>
        <extensions>
          <ns3:TrackPointExtension>
            <ns3:hr>173</ns3:hr>
            <ns3:cad>81</ns3:cad>
          </ns3:TrackPointExtension>
        </extensions>
      </trkpt>
      <trkpt lat="40.73221108876168727874755859375" lon="-73.97408570162951946258544921875">
        <ele>0</ele>
        <time>2026-03-15T14:27:09.000Z</time>
        <extensions>
          <ns3:TrackPointExtension>
            <ns3:hr>170</ns3:hr>
            <ns3:cad>81</ns3:cad>
          </ns3:TrackPointExtension>
        </extensions>
      </trkpt>
      <trkpt lat="40.73231720365583896636962890625" lon="-73.97411436773836612701416015625">
        <ele>0</ele>
        <time>2026-03-15T14:27:15.000Z</time>
        <extensions>
          <ns3:TrackPointExtension>
            <ns3:hr>173</ns3:hr>
            <ns3:cad>83</ns3:cad>
          </ns3:TrackPointExtension>
        </extensions>
      </trkpt>
      <trkpt lat="40.73235760442912578582763671875" lon="-73.97412995807826519012451171875">
        <ele>0</ele>
        <time>2026-03-15T14:27:17.000Z</time>
        <extensions>
          <ns3:TrackPointExtension>
            <ns3:hr>169</ns3:hr>
            <ns3:cad>83</ns3:cad>
          </ns3:TrackPointExtension>
        </extensions>
      </trkpt>
      <trkpt lat="40.73251334019005298614501953125" lon="-73.97415342740714550018310546875">
        <ele>0</ele>
        <time>2026-03-15T14:27:24.000Z</time>
        <extensions>
          <ns3:TrackPointExtension>
            <ns3:hr>171</ns3:hr>
            <ns3:cad>82</ns3:cad>
          </ns3:TrackPointExtension>
        </extensions>
      </trkpt>
      <trkpt lat="40.73262616060674190521240234375" lon="-73.97417605854570865631103515625">
        <ele>0</ele>
        <time>2026-03-15T14:27:30.000Z</time>
        <extensions>
          <ns3:TrackPointExtension>
            <ns3:hr>174</ns3:hr>
            <ns3:cad>84</ns3:cad>
          </ns3:TrackPointExtension>
        </extensions>
      </trkpt>
      <trkpt lat="40.732705034315586090087890625" lon="-73.974199108779430389404296875">
        <ele>0</ele>
        <time>2026-03-15T14:27:34.000Z</time>
        <extensions>
          <ns3:TrackPointExtension>
            <ns3:hr>177</ns3:hr>
            <ns3:cad>84</ns3:cad>
          </ns3:TrackPointExtension>
        </extensions>
      </trkpt>
      <trkpt lat="40.732900165021419525146484375" lon="-73.97424126975238323211669921875">
        <ele>0</ele>
        <time>2026-03-15T14:27:44.000Z</time>
        <extensions>
          <ns3:TrackPointExtension>
            <ns3:hr>178</ns3:hr>
            <ns3:cad>83</ns3:cad>
          </ns3:TrackPointExtension>
        </extensions>
      </trkpt>
      <trkpt lat="40.7330984808504581451416015625" lon="-73.97425736300647258758544921875">
        <ele>0</ele>
        <time>2026-03-15T14:27:54.000Z</time>
        <extensions>
          <ns3:TrackPointExtension>
            <ns3:hr>178</ns3:hr>
            <ns3:cad>86</ns3:cad>
          </ns3:TrackPointExtension>
        </extensions>
      </trkpt>
      <trkpt lat="40.73328682221472263336181640625" lon="-73.9743022061884403228759765625">
        <ele>0</ele>
        <time>2026-03-15T14:28:04.000Z</time>
        <extensions>
          <ns3:TrackPointExtension>
            <ns3:hr>180</ns3:hr>
            <ns3:cad>83</ns3:cad>
          </ns3:TrackPointExtension>
        </extensions>
      </trkpt>
      <trkpt lat="40.73345496319234371185302734375" lon="-73.97441963665187358856201171875">
        <ele>0</ele>
        <time>2026-03-15T14:28:16.000Z</time>
        <extensions>
          <ns3:TrackPointExtension>
            <ns3:hr>181</ns3:hr>
            <ns3:cad>85</ns3:cad>
          </ns3:TrackPointExtension>
        </extensions>
      </trkpt>
      <trkpt lat="40.73364950716495513916015625" lon="-73.97446925751864910125732421875">
        <ele>0</ele>
        <time>2026-03-15T14:28:25.000Z</time>
        <extensions>
          <ns3:TrackPointExtension>
            <ns3:hr>181</ns3:hr>
            <ns3:cad>87</ns3:cad>
          </ns3:TrackPointExtension>
        </extensions>
      </trkpt>
      <trkpt lat="40.733757130801677703857421875" lon="-73.97450513206422328948974609375">
        <ele>0</ele>
        <time>2026-03-15T14:28:29.000Z</time>
        <extensions>
          <ns3:TrackPointExtension>
            <ns3:hr>178</ns3:hr>
            <ns3:cad>85</ns3:cad>
          </ns3:TrackPointExtension>
        </extensions>
      </trkpt>
      <trkpt lat="40.73381907306611537933349609375" lon="-73.974522985517978668212890625">
        <ele>0</ele>
        <time>2026-03-15T14:28:32.000Z</time>
        <extensions>
          <ns3:TrackPointExtension>
            <ns3:hr>179</ns3:hr>
            <ns3:cad>82</ns3:cad>
          </ns3:TrackPointExtension>
        </extensions>
      </trkpt>
      <trkpt lat="40.733994506299495697021484375" lon="-73.974577300250530242919921875">
        <ele>0</ele>
        <time>2026-03-15T14:28:41.000Z</time>
        <extensions>
          <ns3:TrackPointExtension>
            <ns3:hr>179</ns3:hr>
            <ns3:cad>82</ns3:cad>
          </ns3:TrackPointExtension>
        </extensions>
      </trkpt>
      <trkpt lat="40.7341898046433925628662109375" lon="-73.9745861850678920745849609375">
        <ele>0</ele>
        <time>2026-03-15T14:28:50.000Z</time>
        <extensions>
          <ns3:TrackPointExtension>
            <ns3:hr>181</ns3:hr>
            <ns3:cad>81</ns3:cad>
          </ns3:TrackPointExtension>
        </extensions>
      </trkpt>
      <trkpt lat="40.7343061454594135284423828125" lon="-73.97461451590061187744140625">
        <ele>0</ele>
        <time>2026-03-15T14:28:56.000Z</time>
        <extensions>
          <ns3:TrackPointExtension>
            <ns3:hr>178</ns3:hr>
            <ns3:cad>85</ns3:cad>
          </ns3:TrackPointExtension>
        </extensions>
      </trkpt>
      <trkpt lat="40.73449951596558094024658203125" lon="-73.974668495357036590576171875">
        <ele>0</ele>
        <time>2026-03-15T14:29:05.000Z</time>
        <extensions>
          <ns3:TrackPointExtension>
            <ns3:hr>176</ns3:hr>
            <ns3:cad>85</ns3:cad>
          </ns3:TrackPointExtension>
        </extensions>
      </trkpt>
      <trkpt lat="40.7346179522573947906494140625" lon="-73.974726498126983642578125">
        <ele>0</ele>
        <time>2026-03-15T14:29:12.000Z</time>
        <extensions>
          <ns3:TrackPointExtension>
            <ns3:hr>173</ns3:hr>
            <ns3:cad>85</ns3:cad>
          </ns3:TrackPointExtension>
        </extensions>
      </trkpt>
      <trkpt lat="40.73473521508276462554931640625" lon="-73.97476698271930217742919921875">
        <ele>0.20000000298023223876953125</ele>
        <time>2026-03-15T14:29:19.000Z</time>
        <extensions>
          <ns3:TrackPointExtension>
            <ns3:hr>176</ns3:hr>
            <ns3:cad>85</ns3:cad>
          </ns3:TrackPointExtension>
        </extensions>
      </trkpt>
      <trkpt lat="40.73489145375788211822509765625" lon="-73.9748071320354938507080078125">
        <ele>0.4000000059604644775390625</ele>
        <time>2026-03-15T14:29:27.000Z</time>
        <extensions>
          <ns3:TrackPointExtension>
            <ns3:hr>171</ns3:hr>
            <ns3:cad>86</ns3:cad>
          </ns3:TrackPointExtension>
        </extensions>
      </trkpt>
      <trkpt lat="40.7349349558353424072265625" lon="-73.97481643594801425933837890625">
        <ele>0.4000000059604644775390625</ele>
        <time>2026-03-15T14:29:29.000Z</time>
        <extensions>
          <ns3:TrackPointExtension>
            <ns3:hr>168</ns3:hr>
            <ns3:cad>85</ns3:cad>
          </ns3:TrackPointExtension>
        </extensions>
      </trkpt>
      <trkpt lat="40.7350088842213153839111328125" lon="-73.97483957000076770782470703125">
        <ele>0.4000000059604644775390625</ele>
        <time>2026-03-15T14:29:33.000Z</time>
        <extensions>
          <ns3:TrackPointExtension>
            <ns3:hr>164</ns3:hr>
            <ns3:cad>86</ns3:cad>
          </ns3:TrackPointExtension>
        </extensions>
      </trkpt>
      <trkpt lat="40.73506730608642101287841796875" lon="-73.9748627878725528717041015625">
        <ele>0.20000000298023223876953125</ele>
        <time>2026-03-15T14:29:36.000Z</time>
        <extensions>
          <ns3:TrackPointExtension>
            <ns3:hr>169</ns3:hr>
            <ns3:cad>82</ns3:cad>
          </ns3:TrackPointExtension>
        </extensions>
      </trkpt>
      <trkpt lat="40.735088847577571868896484375" lon="-73.97486991249024868011474609375">
        <ele>0.20000000298023223876953125</ele>
        <time>2026-03-15T14:29:37.000Z</time>
        <extensions>
          <ns3:TrackPointExtension>
            <ns3:hr>169</ns3:hr>
            <ns3:cad>82</ns3:cad>
          </ns3:TrackPointExtension>
        </extensions>
      </trkpt>
      <trkpt lat="40.73528255335986614227294921875" lon="-73.97492774762213230133056640625">
        <ele>0</ele>
        <time>2026-03-15T14:29:47.000Z</time>
        <extensions>
          <ns3:TrackPointExtension>
            <ns3:hr>168</ns3:hr>
            <ns3:cad>81</ns3:cad>
          </ns3:TrackPointExtension>
        </extensions>
      </trkpt>
      <trkpt lat="40.73546980507671833038330078125" lon="-73.97494920529425144195556640625">
        <ele>0</ele>
        <time>2026-03-15T14:29:55.000Z</time>
        <extensions>
          <ns3:TrackPointExtension>
            <ns3:hr>168</ns3:hr>
            <ns3:cad>84</ns3:cad>
          </ns3:TrackPointExtension>
        </extensions>
      </trkpt>
      <trkpt lat="40.73561179451644420623779296875" lon="-73.9749848283827304840087890625">
        <ele>0</ele>
        <time>2026-03-15T14:30:02.000Z</time>
        <extensions>
          <ns3:TrackPointExtension>
            <ns3:hr>165</ns3:hr>
            <ns3:cad>84</ns3:cad>
          </ns3:TrackPointExtension>
        </extensions>
      </trkpt>
      <trkpt lat="40.7358101941645145416259765625" lon="-73.9749851636588573455810546875">
        <ele>0</ele>
        <time>2026-03-15T14:30:11.000Z</time>
        <extensions>
          <ns3:TrackPointExtension>
            <ns3:hr>163</ns3:hr>
            <ns3:cad>83</ns3:cad>
          </ns3:TrackPointExtension>
        </extensions>
      </trkpt>
      <trkpt lat="40.7360133714973926544189453125" lon="-73.9749556593596935272216796875">
        <ele>0</ele>
        <time>2026-03-15T14:30:19.000Z</time>
        <extensions>
          <ns3:TrackPointExtension>
            <ns3:hr>164</ns3:hr>
            <ns3:cad>81</ns3:cad>
          </ns3:TrackPointExtension>
        </extensions>
      </trkpt>
      <trkpt lat="40.73620489798486232757568359375" lon="-73.974916934967041015625">
        <ele>0</ele>
        <time>2026-03-15T14:30:27.000Z</time>
        <extensions>
          <ns3:TrackPointExtension>
            <ns3:hr>164</ns3:hr>
            <ns3:cad>80</ns3:cad>
          </ns3:TrackPointExtension>
        </extensions>
      </trkpt>
      <trkpt lat="40.736400447785854339599609375" lon="-73.97488399408757686614990234375">
        <ele>0.20000000298023223876953125</ele>
        <time>2026-03-15T14:30:36.000Z</time>
        <extensions>
          <ns3:TrackPointExtension>
            <ns3:hr>166</ns3:hr>
            <ns3:cad>81</ns3:cad>
          </ns3:TrackPointExtension>
        </extensions>
      </trkpt>
      <trkpt lat="40.73656506836414337158203125" lon="-73.97484946064651012420654296875">
        <ele>0.60000002384185791015625</ele>
        <time>2026-03-15T14:30:45.000Z</time>
        <extensions>
          <ns3:TrackPointExtension>
            <ns3:hr>169</ns3:hr>
            <ns3:cad>82</ns3:cad>
          </ns3:TrackPointExtension>
        </extensions>
      </trkpt>
      <trkpt lat="40.7367432676255702972412109375" lon="-73.974773101508617401123046875">
        <ele>1</ele>
        <time>2026-03-15T14:30:55.000Z</time>
        <extensions>
          <ns3:TrackPointExtension>
            <ns3:hr>168</ns3:hr>
            <ns3:cad>81</ns3:cad>
          </ns3:TrackPointExtension>
        </extensions>
      </trkpt>
      <trkpt lat="40.73683806695044040679931640625" lon="-73.97471719421446323394775390625">
        <ele>1</ele>
        <time>2026-03-15T14:30:59.000Z</time>
        <extensions>
          <ns3:TrackPointExtension>
            <ns3:hr>171</ns3:hr>
            <ns3:cad>78</ns3:cad>
          </ns3:TrackPointExtension>
        </extensions>
      </trkpt>
      <trkpt lat="40.73694736696779727935791015625" lon="-73.97466002963483333587646484375">
        <ele>1</ele>
        <time>2026-03-15T14:31:04.000Z</time>
        <extensions>
          <ns3:TrackPointExtension>
            <ns3:hr>174</ns3:hr>
            <ns3:cad>84</ns3:cad>
          </ns3:TrackPointExtension>
        </extensions>
      </trkpt>
      <trkpt lat="40.73706069029867649078369140625" lon="-73.97458693943917751312255859375">
        <ele>1</ele>
        <time>2026-03-15T14:31:10.000Z</time>
        <extensions>
          <ns3:TrackPointExtension>
            <ns3:hr>171</ns3:hr>
            <ns3:cad>83</ns3:cad>
          </ns3:TrackPointExtension>
        </extensions>
      </trkpt>
      <trkpt lat="40.73710075579583644866943359375" lon="-73.97455324418842792510986328125">
        <ele>1</ele>
        <time>2026-03-15T14:31:12.000Z</time>
        <extensions>
          <ns3:TrackPointExtension>
            <ns3:hr>168</ns3:hr>
            <ns3:cad>83</ns3:cad>
          </ns3:TrackPointExtension>
        </extensions>
      </trkpt>
      <trkpt lat="40.73725749738514423370361328125" lon="-73.97440605796873569488525390625">
        <ele>1</ele>
        <time>2026-03-15T14:31:20.000Z</time>
        <extensions>
          <ns3:TrackPointExtension>
            <ns3:hr>168</ns3:hr>
            <ns3:cad>83</ns3:cad>
          </ns3:TrackPointExtension>
        </extensions>
      </trkpt>
      <trkpt lat="40.73742127977311611175537109375" lon="-73.9742777310311794281005859375">
        <ele>1</ele>
        <time>2026-03-15T14:31:29.000Z</time>
        <extensions>
          <ns3:TrackPointExtension>
            <ns3:hr>167</ns3:hr>
            <ns3:cad>82</ns3:cad>
          </ns3:TrackPointExtension>
        </extensions>
      </trkpt>
      <trkpt lat="40.7375965453684329986572265625" lon="-73.974174298346042633056640625">
        <ele>1</ele>
        <time>2026-03-15T14:31:38.000Z</time>
        <extensions>
          <ns3:TrackPointExtension>
            <ns3:hr>165</ns3:hr>
            <ns3:cad>79</ns3:cad>
          </ns3:TrackPointExtension>
        </extensions>
      </trkpt>
      <trkpt lat="40.7377645187079906463623046875" lon="-73.97405032999813556671142578125">
        <ele>1</ele>
        <time>2026-03-15T14:31:48.000Z</time>
        <extensions>
          <ns3:TrackPointExtension>
            <ns3:hr>165</ns3:hr>
            <ns3:cad>81</ns3:cad>
          </ns3:TrackPointExtension>
        </extensions>
      </trkpt>
      <trkpt lat="40.7379385270178318023681640625" lon="-73.97393851540982723236083984375">
        <ele>1</ele>
        <time>2026-03-15T14:31:56.000Z</time>
        <extensions>
          <ns3:TrackPointExtension>
            <ns3:hr>166</ns3:hr>
            <ns3:cad>82</ns3:cad>
          </ns3:TrackPointExtension>
        </extensions>
      </trkpt>
      <trkpt lat="40.7380974479019641876220703125" lon="-73.97382250986993312835693359375">
        <ele>1</ele>
        <time>2026-03-15T14:32:04.000Z</time>
        <extensions>
          <ns3:TrackPointExtension>
            <ns3:hr>166</ns3:hr>
            <ns3:cad>81</ns3:cad>
          </ns3:TrackPointExtension>
        </extensions>
      </trkpt>
      <trkpt lat="40.73815561830997467041015625" lon="-73.9737778343260288238525390625">
        <ele>1</ele>
        <time>2026-03-15T14:32:07.000Z</time>
        <extensions>
          <ns3:TrackPointExtension>
            <ns3:hr>167</ns3:hr>
            <ns3:cad>78</ns3:cad>
          </ns3:TrackPointExtension>
        </extensions>
      </trkpt>
      <trkpt lat="40.73837664909660816192626953125" lon="-73.97376433946192264556884765625">
        <ele>1</ele>
        <time>2026-03-15T14:32:19.000Z</time>
        <extensions>
          <ns3:TrackPointExtension>
            <ns3:hr>166</ns3:hr>
            <ns3:cad>80</ns3:cad>
          </ns3:TrackPointExtension>
        </extensions>
      </trkpt>
      <trkpt lat="40.73856960050761699676513671875" lon="-73.973651938140392303466796875">
        <ele>1</ele>
        <time>2026-03-15T14:32:28.000Z</time>
        <extensions>
          <ns3:TrackPointExtension>
            <ns3:hr>167</ns3:hr>
            <ns3:cad>80</ns3:cad>
          </ns3:TrackPointExtension>
        </extensions>
      </trkpt>
      <trkpt lat="40.738703124225139617919921875" lon="-73.97348170168697834014892578125">
        <ele>0.60000002384185791015625</ele>
        <time>2026-03-15T14:32:35.000Z</time>
        <extensions>
          <ns3:TrackPointExtension>
            <ns3:hr>168</ns3:hr>
            <ns3:cad>81</ns3:cad>
          </ns3:TrackPointExtension>
        </extensions>
      </trkpt>
      <trkpt lat="40.73883044533431529998779296875" lon="-73.97339955903589725494384765625">
        <ele>0.20000000298023223876953125</ele>
        <time>2026-03-15T14:32:41.000Z</time>
        <extensions>
          <ns3:TrackPointExtension>
            <ns3:hr>171</ns3:hr>
            <ns3:cad>81</ns3:cad>
          </ns3:TrackPointExtension>
        </extensions>
      </trkpt>
      <trkpt lat="40.73893588967621326446533203125" lon="-73.973248936235904693603515625">
        <ele>0</ele>
        <time>2026-03-15T14:32:47.000Z</time>
        <extensions>
          <ns3:TrackPointExtension>
            <ns3:hr>174</ns3:hr>
            <ns3:cad>82</ns3:cad>
          </ns3:TrackPointExtension>
        </extensions>
      </trkpt>
      <trkpt lat="40.73910520412027835845947265625" lon="-73.97315698675811290740966796875">
        <ele>0</ele>
        <time>2026-03-15T14:32:54.000Z</time>
        <extensions>
          <ns3:TrackPointExtension>
            <ns3:hr>176</ns3:hr>
            <ns3:cad>82</ns3:cad>
          </ns3:TrackPointExtension>
        </extensions>
      </trkpt>
      <trkpt lat="40.73929782025516033172607421875" lon="-73.97310954518616199493408203125">
        <ele>0</ele>
        <time>2026-03-15T14:33:02.000Z</time>
        <extensions>
          <ns3:TrackPointExtension>
            <ns3:hr>175</ns3:hr>
            <ns3:cad>82</ns3:cad>
          </ns3:TrackPointExtension>
        </extensions>
      </trkpt>
      <trkpt lat="40.73952731676399707794189453125" lon="-73.9731170050799846649169921875">
        <ele>0</ele>
        <time>2026-03-15T14:33:09.000Z</time>
        <extensions>
          <ns3:TrackPointExtension>
            <ns3:hr>173</ns3:hr>
            <ns3:cad>83</ns3:cad>
          </ns3:TrackPointExtension>
        </extensions>
      </trkpt>
      <trkpt lat="40.7396618463099002838134765625" lon="-73.972949199378490447998046875">
        <ele>0</ele>
        <time>2026-03-15T14:33:21.000Z</time>
        <extensions>
          <ns3:TrackPointExtension>
            <ns3:hr>170</ns3:hr>
            <ns3:cad>80</ns3:cad>
          </ns3:TrackPointExtension>
        </extensions>
      </trkpt>
      <trkpt lat="40.7396957091987133026123046875" lon="-73.97293838672339916229248046875">
        <ele>0</ele>
        <time>2026-03-15T14:33:24.000Z</time>
        <extensions>
          <ns3:TrackPointExtension>
            <ns3:hr>167</ns3:hr>
            <ns3:cad>78</ns3:cad>
          </ns3:TrackPointExtension>
        </extensions>
      </trkpt>
      <trkpt lat="40.73988321237266063690185546875" lon="-73.972889520227909088134765625">
        <ele>0</ele>
        <time>2026-03-15T14:33:33.000Z</time>
        <extensions>
          <ns3:TrackPointExtension>
            <ns3:hr>169</ns3:hr>
            <ns3:cad>83</ns3:cad>
          </ns3:TrackPointExtension>
        </extensions>
      </trkpt>
      <trkpt lat="40.74005939997732639312744140625" lon="-73.972821123898029327392578125">
        <ele>0</ele>
        <time>2026-03-15T14:33:43.000Z</time>
        <extensions>
          <ns3:TrackPointExtension>
            <ns3:hr>171</ns3:hr>
            <ns3:cad>81</ns3:cad>
          </ns3:TrackPointExtension>
        </extensions>
      </trkpt>
      <trkpt lat="40.7402455620467662811279296875" lon="-73.9727951399981975555419921875">
        <ele>0</ele>
        <time>2026-03-15T14:33:55.000Z</time>
        <extensions>
          <ns3:TrackPointExtension>
            <ns3:hr>171</ns3:hr>
            <ns3:cad>82</ns3:cad>
          </ns3:TrackPointExtension>
        </extensions>
      </trkpt>
      <trkpt lat="40.7403481565415859222412109375" lon="-73.97274862043559551239013671875">
        <ele>0</ele>
        <time>2026-03-15T14:34:01.000Z</time>
        <extensions>
          <ns3:TrackPointExtension>
            <ns3:hr>174</ns3:hr>
            <ns3:cad>82</ns3:cad>
          </ns3:TrackPointExtension>
        </extensions>
      </trkpt>
      <trkpt lat="40.7404527626931667327880859375" lon="-73.97273688577115535736083984375">
        <ele>0</ele>
        <time>2026-03-15T14:34:06.000Z</time>
        <extensions>
          <ns3:TrackPointExtension>
            <ns3:hr>171</ns3:hr>
            <ns3:cad>84</ns3:cad>
          </ns3:TrackPointExtension>
        </extensions>
      </trkpt>
      <trkpt lat="40.7406348176300525665283203125" lon="-73.97269464097917079925537109375">
        <ele>0</ele>
        <time>2026-03-15T14:34:15.000Z</time>
        <extensions>
          <ns3:TrackPointExtension>
            <ns3:hr>171</ns3:hr>
            <ns3:cad>82</ns3:cad>
          </ns3:TrackPointExtension>
        </extensions>
      </trkpt>
      <trkpt lat="40.74082215316593647003173828125" lon="-73.97270553745329380035400390625">
        <ele>0</ele>
        <time>2026-03-15T14:34:25.000Z</time>
        <extensions>
          <ns3:TrackPointExtension>
            <ns3:hr>172</ns3:hr>
            <ns3:cad>82</ns3:cad>
          </ns3:TrackPointExtension>
        </extensions>
      </trkpt>
      <trkpt lat="40.74102449230849742889404296875" lon="-73.9726985804736614227294921875">
        <ele>0</ele>
        <time>2026-03-15T14:34:33.000Z</time>
        <extensions>
          <ns3:TrackPointExtension>
            <ns3:hr>170</ns3:hr>
            <ns3:cad>81</ns3:cad>
          </ns3:TrackPointExtension>
        </extensions>
      </trkpt>
      <trkpt lat="40.74119447730481624603271484375" lon="-73.9727646298706531524658203125">
        <ele>0</ele>
        <time>2026-03-15T14:34:38.000Z</time>
        <extensions>
          <ns3:TrackPointExtension>
            <ns3:hr>166</ns3:hr>
            <ns3:cad>79</ns3:cad>
          </ns3:TrackPointExtension>
        </extensions>
      </trkpt>
      <trkpt lat="40.74136563576757907867431640625" lon="-73.972884826362133026123046875">
        <ele>0.4000000059604644775390625</ele>
        <time>2026-03-15T14:34:47.000Z</time>
        <extensions>
          <ns3:TrackPointExtension>
            <ns3:hr>164</ns3:hr>
            <ns3:cad>63</ns3:cad>
          </ns3:TrackPointExtension>
        </extensions>
      </trkpt>
      <trkpt lat="40.7413901947438716888427734375" lon="-73.97286429069936275482177734375">
        <ele>0.4000000059604644775390625</ele>
        <time>2026-03-15T14:34:51.000Z</time>
        <extensions>
          <ns3:TrackPointExtension>
            <ns3:hr>167</ns3:hr>
            <ns3:cad>63</ns3:cad>
          </ns3:TrackPointExtension>
        </extensions>
      </trkpt>
      <trkpt lat="40.7414069585502147674560546875" lon="-73.97286965511739253997802734375">
        <ele>0.4000000059604644775390625</ele>
        <time>2026-03-15T14:34:54.000Z</time>
        <extensions>
          <ns3:TrackPointExtension>
            <ns3:hr>170</ns3:hr>
            <ns3:cad>63</ns3:cad>
          </ns3:TrackPointExtension>
        </extensions>
      </trkpt>
      <trkpt lat="40.74159580282866954803466796875" lon="-73.97273487411439418792724609375">
        <ele>0.20000000298023223876953125</ele>
        <time>2026-03-15T14:35:06.000Z</time>
        <extensions>
          <ns3:TrackPointExtension>
            <ns3:hr>164</ns3:hr>
            <ns3:cad>57</ns3:cad>
          </ns3:TrackPointExtension>
        </extensions>
      </trkpt>
      <trkpt lat="40.7417719066143035888671875" lon="-73.972624652087688446044921875">
        <ele>0.4000000059604644775390625</ele>
        <time>2026-03-15T14:35:15.000Z</time>
        <extensions>
          <ns3:TrackPointExtension>
            <ns3:hr>162</ns3:hr>
            <ns3:cad>57</ns3:cad>
          </ns3:TrackPointExtension>
        </extensions>
      </trkpt>
      <trkpt lat="40.74189654551446437835693359375" lon="-73.97254862822592258453369140625">
        <ele>0.20000000298023223876953125</ele>
        <time>2026-03-15T14:35:23.000Z</time>
        <extensions>
          <ns3:TrackPointExtension>
            <ns3:hr>165</ns3:hr>
            <ns3:cad>57</ns3:cad>
          </ns3:TrackPointExtension>
        </extensions>
      </trkpt>
      <trkpt lat="40.74194599874317646026611328125" lon="-73.97250940091907978057861328125">
        <ele>0</ele>
        <time>2026-03-15T14:35:27.000Z</time>
        <extensions>
          <ns3:TrackPointExtension>
            <ns3:hr>165</ns3:hr>
            <ns3:cad>58</ns3:cad>
          </ns3:TrackPointExtension>
        </extensions>
      </trkpt>
      <trkpt lat="40.74211983941495418548583984375" lon="-73.9723904617130756378173828125">
        <ele>0</ele>
        <time>2026-03-15T14:35:37.000Z</time>
        <extensions>
          <ns3:TrackPointExtension>
            <ns3:hr>163</ns3:hr>
            <ns3:cad>82</ns3:cad>
          </ns3:TrackPointExtension>
        </extensions>
      </trkpt>
      <trkpt lat="40.742203406989574432373046875" lon="-73.97235232405364513397216796875">
        <ele>0</ele>
        <time>2026-03-15T14:35:41.000Z</time>
        <extensions>
          <ns3:TrackPointExtension>
            <ns3:hr>156</ns3:hr>
            <ns3:cad>84</ns3:cad>
          </ns3:TrackPointExtension>
        </extensions>
      </trkpt>
      <trkpt lat="40.74222947470843791961669921875" lon="-73.97234528325498104095458984375">
        <ele>0</ele>
        <time>2026-03-15T14:35:42.000Z</time>
        <extensions>
          <ns3:TrackPointExtension>
            <ns3:hr>156</ns3:hr>
            <ns3:cad>83</ns3:cad>
          </ns3:TrackPointExtension>
        </extensions>
      </trkpt>
      <trkpt lat="40.742278508841991424560546875" lon="-73.97233606316149234771728515625">
        <ele>0</ele>
        <time>2026-03-15T14:35:44.000Z</time>
        <extensions>
          <ns3:TrackPointExtension>
            <ns3:hr>160</ns3:hr>
            <ns3:cad>83</ns3:cad>
          </ns3:TrackPointExtension>
        </extensions>
      </trkpt>
      <trkpt lat="40.7422991283237934112548828125" lon="-73.97231762297451496124267578125">
        <ele>0</ele>
        <time>2026-03-15T14:35:45.000Z</time>
        <extensions>
          <ns3:TrackPointExtension>
            <ns3:hr>163</ns3:hr>
            <ns3:cad>84</ns3:cad>
          </ns3:TrackPointExtension>
        </extensions>
      </trkpt>
      <trkpt lat="40.74235805310308933258056640625" lon="-73.97230387665331363677978515625">
        <ele>0</ele>
        <time>2026-03-15T14:35:47.000Z</time>
        <extensions>
          <ns3:TrackPointExtension>
            <ns3:hr>169</ns3:hr>
            <ns3:cad>84</ns3:cad>
          </ns3:TrackPointExtension>
        </extensions>
      </trkpt>
      <trkpt lat="40.74238705448806285858154296875" lon="-73.972291052341461181640625">
        <ele>0</ele>
        <time>2026-03-15T14:35:48.000Z</time>
        <extensions>
          <ns3:TrackPointExtension>
            <ns3:hr>174</ns3:hr>
            <ns3:cad>84</ns3:cad>
          </ns3:TrackPointExtension>
        </extensions>
      </trkpt>
      <trkpt lat="40.742413960397243499755859375" lon="-73.97229013033211231231689453125">
        <ele>0</ele>
        <time>2026-03-15T14:35:49.000Z</time>
        <extensions>
          <ns3:TrackPointExtension>
            <ns3:hr>177</ns3:hr>
            <ns3:cad>83</ns3:cad>
          </ns3:TrackPointExtension>
        </extensions>
      </trkpt>
      <trkpt lat="40.74244849383831024169921875" lon="-73.97228996269404888153076171875">
        <ele>0</ele>
        <time>2026-03-15T14:35:50.000Z</time>
        <extensions>
          <ns3:TrackPointExtension>
            <ns3:hr>174</ns3:hr>
            <ns3:cad>83</ns3:cad>
          </ns3:TrackPointExtension>
        </extensions>
      </trkpt>
      <trkpt lat="40.7424744777381420135498046875" lon="-73.972294069826602935791015625">
        <ele>0</ele>
        <time>2026-03-15T14:35:51.000Z</time>
        <extensions>
          <ns3:TrackPointExtension>
            <ns3:hr>171</ns3:hr>
            <ns3:cad>83</ns3:cad>
          </ns3:TrackPointExtension>
        </extensions>
      </trkpt>
      <trkpt lat="40.7425019703805446624755859375" lon="-73.97227873094379901885986328125">
        <ele>0</ele>
        <time>2026-03-15T14:35:52.000Z</time>
        <extensions>
          <ns3:TrackPointExtension>
            <ns3:hr>166</ns3:hr>
            <ns3:cad>83</ns3:cad>
          </ns3:TrackPointExtension>
        </extensions>
      </trkpt>
      <trkpt lat="40.74269098229706287384033203125" lon="-73.97226045839488506317138671875">
        <ele>0.4000000059604644775390625</ele>
        <time>2026-03-15T14:35:59.000Z</time>
        <extensions>
          <ns3:TrackPointExtension>
            <ns3:hr>169</ns3:hr>
            <ns3:cad>85</ns3:cad>
          </ns3:TrackPointExtension>
        </extensions>
      </trkpt>
      <trkpt lat="40.74278703890740871429443359375" lon="-73.97221972234547138214111328125">
        <ele>0.60000002384185791015625</ele>
        <time>2026-03-15T14:36:03.000Z</time>
        <extensions>
          <ns3:TrackPointExtension>
            <ns3:hr>165</ns3:hr>
            <ns3:cad>84</ns3:cad>
          </ns3:TrackPointExtension>
        </extensions>
      </trkpt>
      <trkpt lat="40.7428412698209285736083984375" lon="-73.97219005040824413299560546875">
        <ele>0.60000002384185791015625</ele>
        <time>2026-03-15T14:36:05.000Z</time>
        <extensions>
          <ns3:TrackPointExtension>
            <ns3:hr>171</ns3:hr>
            <ns3:cad>83</ns3:cad>
          </ns3:TrackPointExtension>
        </extensions>
      </trkpt>
      <trkpt lat="40.7428742945194244384765625" lon="-73.9721906371414661407470703125">
        <ele>0.800000011920928955078125</ele>
        <time>2026-03-15T14:36:06.000Z</time>
        <extensions>
          <ns3:TrackPointExtension>
            <ns3:hr>177</ns3:hr>
            <ns3:cad>83</ns3:cad>
          </ns3:TrackPointExtension>
        </extensions>
      </trkpt>
      <trkpt lat="40.74291109107434749603271484375" lon="-73.972161971032619476318359375">
        <ele>0.800000011920928955078125</ele>
        <time>2026-03-15T14:36:07.000Z</time>
        <extensions>
          <ns3:TrackPointExtension>
            <ns3:hr>180</ns3:hr>
            <ns3:cad>83</ns3:cad>
          </ns3:TrackPointExtension>
        </extensions>
      </trkpt>
      <trkpt lat="40.7429602928459644317626953125" lon="-73.97214814089238643646240234375">
        <ele>1</ele>
        <time>2026-03-15T14:36:09.000Z</time>
        <extensions>
          <ns3:TrackPointExtension>
            <ns3:hr>184</ns3:hr>
            <ns3:cad>83</ns3:cad>
          </ns3:TrackPointExtension>
        </extensions>
      </trkpt>
      <trkpt lat="40.74299675412476062774658203125" lon="-73.97212810814380645751953125">
        <ele>1</ele>
        <time>2026-03-15T14:36:10.000Z</time>
        <extensions>
          <ns3:TrackPointExtension>
            <ns3:hr>177</ns3:hr>
            <ns3:cad>84</ns3:cad>
          </ns3:TrackPointExtension>
        </extensions>
      </trkpt>
      <trkpt lat="40.7430310361087322235107421875" lon="-73.97209265269339084625244140625">
        <ele>1</ele>
        <time>2026-03-15T14:36:14.000Z</time>
        <extensions>
          <ns3:TrackPointExtension>
            <ns3:hr>174</ns3:hr>
            <ns3:cad>84</ns3:cad>
          </ns3:TrackPointExtension>
        </extensions>
      </trkpt>
      <trkpt lat="40.7432281784713268280029296875" lon="-73.9720471389591693878173828125">
        <ele>1</ele>
        <time>2026-03-15T14:36:26.000Z</time>
        <extensions>
          <ns3:TrackPointExtension>
            <ns3:hr>170</ns3:hr>
            <ns3:cad>82</ns3:cad>
          </ns3:TrackPointExtension>
        </extensions>
      </trkpt>
      <trkpt lat="40.7433438487350940704345703125" lon="-73.9720303751528263092041015625">
        <ele>1</ele>
        <time>2026-03-15T14:36:32.000Z</time>
        <extensions>
          <ns3:TrackPointExtension>
            <ns3:hr>173</ns3:hr>
            <ns3:cad>82</ns3:cad>
          </ns3:TrackPointExtension>
        </extensions>
      </trkpt>
      <trkpt lat="40.7435017637908458709716796875" lon="-73.971887044608592987060546875">
        <ele>0.800000011920928955078125</ele>
        <time>2026-03-15T14:36:43.000Z</time>
        <extensions>
          <ns3:TrackPointExtension>
            <ns3:hr>173</ns3:hr>
            <ns3:cad>81</ns3:cad>
          </ns3:TrackPointExtension>
        </extensions>
      </trkpt>
      <trkpt lat="40.7435423322021961212158203125" lon="-73.97181655280292034149169921875">
        <ele>0.60000002384185791015625</ele>
        <time>2026-03-15T14:36:47.000Z</time>
        <extensions>
          <ns3:TrackPointExtension>
            <ns3:hr>175</ns3:hr>
            <ns3:cad>83</ns3:cad>
          </ns3:TrackPointExtension>
        </extensions>
      </trkpt>
      <trkpt lat="40.743616931140422821044921875" lon="-73.97171278484165668487548828125">
        <ele>0.20000000298023223876953125</ele>
        <time>2026-03-15T14:36:53.000Z</time>
        <extensions>
          <ns3:TrackPointExtension>
            <ns3:hr>178</ns3:hr>
            <ns3:cad>82</ns3:cad>
          </ns3:TrackPointExtension>
        </extensions>
      </trkpt>
      <trkpt lat="40.743667222559452056884765625" lon="-73.97143073379993438720703125">
        <ele>0</ele>
        <time>2026-03-15T14:37:01.000Z</time>
        <extensions>
          <ns3:TrackPointExtension>
            <ns3:hr>176</ns3:hr>
            <ns3:cad>83</ns3:cad>
          </ns3:TrackPointExtension>
        </extensions>
      </trkpt>
      <trkpt lat="40.74387953616678714752197265625" lon="-73.9714664407074451446533203125">
        <ele>0</ele>
        <time>2026-03-15T14:37:10.000Z</time>
        <extensions>
          <ns3:TrackPointExtension>
            <ns3:hr>176</ns3:hr>
            <ns3:cad>84</ns3:cad>
          </ns3:TrackPointExtension>
        </extensions>
      </trkpt>
      <trkpt lat="40.74402135796844959259033203125" lon="-73.971434421837329864501953125">
        <ele>0.20000000298023223876953125</ele>
        <time>2026-03-15T14:37:18.000Z</time>
        <extensions>
          <ns3:TrackPointExtension>
            <ns3:hr>173</ns3:hr>
            <ns3:cad>83</ns3:cad>
          </ns3:TrackPointExtension>
        </extensions>
      </trkpt>
      <trkpt lat="40.744107104837894439697265625" lon="-73.97137767635285854339599609375">
        <ele>0.4000000059604644775390625</ele>
        <time>2026-03-15T14:37:23.000Z</time>
        <extensions>
          <ns3:TrackPointExtension>
            <ns3:hr>170</ns3:hr>
            <ns3:cad>82</ns3:cad>
          </ns3:TrackPointExtension>
        </extensions>
      </trkpt>
      <trkpt lat="40.74429460801184177398681640625" lon="-73.97128866054117679595947265625">
        <ele>0.60000002384185791015625</ele>
        <time>2026-03-15T14:37:32.000Z</time>
        <extensions>
          <ns3:TrackPointExtension>
            <ns3:hr>169</ns3:hr>
            <ns3:cad>84</ns3:cad>
          </ns3:TrackPointExtension>
        </extensions>
      </trkpt>
      <trkpt lat="40.744471885263919830322265625" lon="-73.971175253391265869140625">
        <ele>0.800000011920928955078125</ele>
        <time>2026-03-15T14:37:44.000Z</time>
        <extensions>
          <ns3:TrackPointExtension>
            <ns3:hr>170</ns3:hr>
            <ns3:cad>83</ns3:cad>
          </ns3:TrackPointExtension>
        </extensions>
      </trkpt>
      <trkpt lat="40.74461781419813632965087890625" lon="-73.9710332639515399932861328125">
        <ele>1</ele>
        <time>2026-03-15T14:37:53.000Z</time>
        <extensions>
          <ns3:TrackPointExtension>
            <ns3:hr>169</ns3:hr>
            <ns3:cad>82</ns3:cad>
          </ns3:TrackPointExtension>
        </extensions>
      </trkpt>
      <trkpt lat="40.7447878830134868621826171875" lon="-73.9709363691508769989013671875">
        <ele>1</ele>
        <time>2026-03-15T14:38:00.000Z</time>
        <extensions>
          <ns3:TrackPointExtension>
            <ns3:hr>167</ns3:hr>
            <ns3:cad>81</ns3:cad>
          </ns3:TrackPointExtension>
        </extensions>
      </trkpt>
      <trkpt lat="40.7449395954608917236328125" lon="-73.970771916210651397705078125">
        <ele>1</ele>
        <time>2026-03-15T14:38:09.000Z</time>
        <extensions>
          <ns3:TrackPointExtension>
            <ns3:hr>169</ns3:hr>
            <ns3:cad>83</ns3:cad>
          </ns3:TrackPointExtension>
        </extensions>
      </trkpt>
      <trkpt lat="40.7451166212558746337890625" lon="-73.97065800614655017852783203125">
        <ele>1</ele>
        <time>2026-03-15T14:38:17.000Z</time>
        <extensions>
          <ns3:TrackPointExtension>
            <ns3:hr>172</ns3:hr>
            <ns3:cad>81</ns3:cad>
          </ns3:TrackPointExtension>
        </extensions>
      </trkpt>
      <trkpt lat="40.74527822434902191162109375" lon="-73.9705152623355388641357421875">
        <ele>1</ele>
        <time>2026-03-15T14:38:28.000Z</time>
        <extensions>
          <ns3:TrackPointExtension>
            <ns3:hr>173</ns3:hr>
            <ns3:cad>82</ns3:cad>
          </ns3:TrackPointExtension>
        </extensions>
      </trkpt>
      <trkpt lat="40.74538526125252246856689453125" lon="-73.97044426761567592620849609375">
        <ele>1</ele>
        <time>2026-03-15T14:38:35.000Z</time>
        <extensions>
          <ns3:TrackPointExtension>
            <ns3:hr>168</ns3:hr>
            <ns3:cad>83</ns3:cad>
          </ns3:TrackPointExtension>
        </extensions>
      </trkpt>
      <trkpt lat="40.7453964091837406158447265625" lon="-73.97043052129447460174560546875">
        <ele>1</ele>
        <time>2026-03-15T14:38:36.000Z</time>
        <extensions>
          <ns3:TrackPointExtension>
            <ns3:hr>162</ns3:hr>
            <ns3:cad>83</ns3:cad>
          </ns3:TrackPointExtension>
        </extensions>
      </trkpt>
      <trkpt lat="40.74547997675836086273193359375" lon="-73.9703734405338764190673828125">
        <ele>1</ele>
        <time>2026-03-15T14:38:41.000Z</time>
        <extensions>
          <ns3:TrackPointExtension>
            <ns3:hr>166</ns3:hr>
            <ns3:cad>84</ns3:cad>
          </ns3:TrackPointExtension>
        </extensions>
      </trkpt>
      <trkpt lat="40.745635293424129486083984375" lon="-73.970222733914852142333984375">
        <ele>1</ele>
        <time>2026-03-15T14:38:52.000Z</time>
        <extensions>
          <ns3:TrackPointExtension>
            <ns3:hr>169</ns3:hr>
            <ns3:cad>84</ns3:cad>
          </ns3:TrackPointExtension>
        </extensions>
      </trkpt>
      <trkpt lat="40.7457672245800495147705078125" lon="-73.9700371585786342620849609375">
        <ele>1</ele>
        <time>2026-03-15T14:39:02.000Z</time>
        <extensions>
          <ns3:TrackPointExtension>
            <ns3:hr>169</ns3:hr>
            <ns3:cad>84</ns3:cad>
          </ns3:TrackPointExtension>
        </extensions>
      </trkpt>
      <trkpt lat="40.74590929783880710601806640625" lon="-73.96985485218465328216552734375">
        <ele>1</ele>
        <time>2026-03-15T14:39:13.000Z</time>
        <extensions>
          <ns3:TrackPointExtension>
            <ns3:hr>168</ns3:hr>
            <ns3:cad>83</ns3:cad>
          </ns3:TrackPointExtension>
        </extensions>
      </trkpt>
      <trkpt lat="40.74608154594898223876953125" lon="-73.96972082555294036865234375">
        <ele>1</ele>
        <time>2026-03-15T14:39:22.000Z</time>
        <extensions>
          <ns3:TrackPointExtension>
            <ns3:hr>169</ns3:hr>
            <ns3:cad>85</ns3:cad>
          </ns3:TrackPointExtension>
        </extensions>
      </trkpt>
      <trkpt lat="40.74622479267418384552001953125" lon="-73.9695962704718112945556640625">
        <ele>1</ele>
        <time>2026-03-15T14:39:30.000Z</time>
        <extensions>
          <ns3:TrackPointExtension>
            <ns3:hr>166</ns3:hr>
            <ns3:cad>84</ns3:cad>
          </ns3:TrackPointExtension>
        </extensions>
      </trkpt>
      <trkpt lat="40.7463807798922061920166015625" lon="-73.9694628305733203887939453125">
        <ele>1</ele>
        <time>2026-03-15T14:39:39.000Z</time>
        <extensions>
          <ns3:TrackPointExtension>
            <ns3:hr>165</ns3:hr>
            <ns3:cad>83</ns3:cad>
          </ns3:TrackPointExtension>
        </extensions>
      </trkpt>
      <trkpt lat="40.7465400360524654388427734375" lon="-73.96931924857199192047119140625">
        <ele>0.60000002384185791015625</ele>
        <time>2026-03-15T14:39:49.000Z</time>
        <extensions>
          <ns3:TrackPointExtension>
            <ns3:hr>165</ns3:hr>
            <ns3:cad>84</ns3:cad>
          </ns3:TrackPointExtension>
        </extensions>
      </trkpt>
      <trkpt lat="40.74670071713626384735107421875" lon="-73.9691703021526336669921875">
        <ele>0.800000011920928955078125</ele>
        <time>2026-03-15T14:39:59.000Z</time>
        <extensions>
          <ns3:TrackPointExtension>
            <ns3:hr>165</ns3:hr>
            <ns3:cad>84</ns3:cad>
          </ns3:TrackPointExtension>
        </extensions>
      </trkpt>
      <trkpt lat="40.74686340987682342529296875" lon="-73.9690227806568145751953125">
        <ele>0.800000011920928955078125</ele>
        <time>2026-03-15T14:40:08.000Z</time>
        <extensions>
          <ns3:TrackPointExtension>
            <ns3:hr>166</ns3:hr>
            <ns3:cad>83</ns3:cad>
          </ns3:TrackPointExtension>
        </extensions>
      </trkpt>
      <trkpt lat="40.7468974404036998748779296875" lon="-73.96898321807384490966796875">
        <ele>0.800000011920928955078125</ele>
        <time>2026-03-15T14:40:10.000Z</time>
        <extensions>
          <ns3:TrackPointExtension>
            <ns3:hr>161</ns3:hr>
            <ns3:cad>83</ns3:cad>
          </ns3:TrackPointExtension>
        </extensions>
      </trkpt>
      <trkpt lat="40.7469272799789905548095703125" lon="-73.96896134130656719207763671875">
        <ele>0.800000011920928955078125</ele>
        <time>2026-03-15T14:40:12.000Z</time>
        <extensions>
          <ns3:TrackPointExtension>
            <ns3:hr>156</ns3:hr>
            <ns3:cad>83</ns3:cad>
          </ns3:TrackPointExtension>
        </extensions>
      </trkpt>
      <trkpt lat="40.74708737432956695556640625" lon="-73.9688512869179248809814453125">
        <ele>1</ele>
        <time>2026-03-15T14:40:22.000Z</time>
        <extensions>
          <ns3:TrackPointExtension>
            <ns3:hr>155</ns3:hr>
            <ns3:cad>83</ns3:cad>
          </ns3:TrackPointExtension>
        </extensions>
      </trkpt>
      <trkpt lat="40.74723246507346630096435546875" lon="-73.96870116703212261199951171875">
        <ele>1.39999997615814208984375</ele>
        <time>2026-03-15T14:40:32.000Z</time>
        <extensions>
          <ns3:TrackPointExtension>
            <ns3:hr>157</ns3:hr>
            <ns3:cad>83</ns3:cad>
          </ns3:TrackPointExtension>
        </extensions>
      </trkpt>
      <trkpt lat="40.74739960022270679473876953125" lon="-73.96856688894331455230712890625">
        <ele>2</ele>
        <time>2026-03-15T14:40:41.000Z</time>
        <extensions>
          <ns3:TrackPointExtension>
            <ns3:hr>159</ns3:hr>
            <ns3:cad>82</ns3:cad>
          </ns3:TrackPointExtension>
        </extensions>
      </trkpt>
      <trkpt lat="40.74749817140400409698486328125" lon="-73.9684855006635189056396484375">
        <ele>1.7999999523162841796875</ele>
        <time>2026-03-15T14:40:47.000Z</time>
        <extensions>
          <ns3:TrackPointExtension>
            <ns3:hr>162</ns3:hr>
            <ns3:cad>83</ns3:cad>
          </ns3:TrackPointExtension>
        </extensions>
      </trkpt>
      <trkpt lat="40.74765826575458049774169921875" lon="-73.968345187604427337646484375">
        <ele>1.39999997615814208984375</ele>
        <time>2026-03-15T14:40:58.000Z</time>
        <extensions>
          <ns3:TrackPointExtension>
            <ns3:hr>161</ns3:hr>
            <ns3:cad>81</ns3:cad>
          </ns3:TrackPointExtension>
        </extensions>
      </trkpt>
      <trkpt lat="40.7478399015963077545166015625" lon="-73.968237228691577911376953125">
        <ele>2.400000095367431640625</ele>
        <time>2026-03-15T14:41:09.000Z</time>
        <extensions>
          <ns3:TrackPointExtension>
            <ns3:hr>163</ns3:hr>
            <ns3:cad>81</ns3:cad>
          </ns3:TrackPointExtension>
        </extensions>
      </trkpt>
      <trkpt lat="40.7480363734066486358642578125" lon="-73.9682293497025966644287109375">
        <ele>5</ele>
        <time>2026-03-15T14:41:20.000Z</time>
        <extensions>
          <ns3:TrackPointExtension>
            <ns3:hr>163</ns3:hr>
            <ns3:cad>83</ns3:cad>
          </ns3:TrackPointExtension>
        </extensions>
      </trkpt>
      <trkpt lat="40.74809798039495944976806640625" lon="-73.96825675852596759796142578125">
        <ele>5.80000019073486328125</ele>
        <time>2026-03-15T14:41:23.000Z</time>
        <extensions>
          <ns3:TrackPointExtension>
            <ns3:hr>160</ns3:hr>
            <ns3:cad>82</ns3:cad>
          </ns3:TrackPointExtension>
        </extensions>
      </trkpt>
      <trkpt lat="40.7482331804931163787841796875" lon="-73.96843395195901393890380859375">
        <ele>7.599999904632568359375</ele>
        <time>2026-03-15T14:41:33.000Z</time>
        <extensions>
          <ns3:TrackPointExtension>
            <ns3:hr>157</ns3:hr>
            <ns3:cad>82</ns3:cad>
          </ns3:TrackPointExtension>
        </extensions>
      </trkpt>
      <trkpt lat="40.74835865758359432220458984375" lon="-73.96862321533262729644775390625">
        <ele>9.3999996185302734375</ele>
        <time>2026-03-15T14:41:44.000Z</time>
        <extensions>
          <ns3:TrackPointExtension>
            <ns3:hr>159</ns3:hr>
            <ns3:cad>80</ns3:cad>
          </ns3:TrackPointExtension>
        </extensions>
      </trkpt>
      <trkpt lat="40.74844817630946636199951171875" lon="-73.96883376874029636383056640625">
        <ele>9.80000019073486328125</ele>
        <time>2026-03-15T14:41:57.000Z</time>
        <extensions>
          <ns3:TrackPointExtension>
            <ns3:hr>159</ns3:hr>
            <ns3:cad>61</ns3:cad>
          </ns3:TrackPointExtension>
        </extensions>
      </trkpt>
      <trkpt lat="40.74855864979326725006103515625" lon="-73.96903962828218936920166015625">
        <ele>10.6000003814697265625</ele>
        <time>2026-03-15T14:42:10.000Z</time>
        <extensions>
          <ns3:TrackPointExtension>
            <ns3:hr>158</ns3:hr>
            <ns3:cad>59</ns3:cad>
          </ns3:TrackPointExtension>
        </extensions>
      </trkpt>
      <trkpt lat="40.748624615371227264404296875" lon="-73.9692063443362712860107421875">
        <ele>10.80000019073486328125</ele>
        <time>2026-03-15T14:42:19.000Z</time>
        <extensions>
          <ns3:TrackPointExtension>
            <ns3:hr>155</ns3:hr>
            <ns3:cad>63</ns3:cad>
          </ns3:TrackPointExtension>
        </extensions>
      </trkpt>
      <trkpt lat="40.74866124428808689117431640625" lon="-73.96934506483376026153564453125">
        <ele>10.6000003814697265625</ele>
        <time>2026-03-15T14:42:25.000Z</time>
        <extensions>
          <ns3:TrackPointExtension>
            <ns3:hr>152</ns3:hr>
            <ns3:cad>62</ns3:cad>
          </ns3:TrackPointExtension>
        </extensions>
      </trkpt>
      <trkpt lat="40.7487595640122890472412109375" lon="-73.9695862121880054473876953125">
        <ele>11.6000003814697265625</ele>
        <time>2026-03-15T14:42:34.000Z</time>
        <extensions>
          <ns3:TrackPointExtension>
            <ns3:hr>149</ns3:hr>
            <ns3:cad>84</ns3:cad>
          </ns3:TrackPointExtension>
        </extensions>
      </trkpt>
      <trkpt lat="40.748778842389583587646484375" lon="-73.969679586589336395263671875">
        <ele>12.19999980926513671875</ele>
        <time>2026-03-15T14:42:37.000Z</time>
        <extensions>
          <ns3:TrackPointExtension>
            <ns3:hr>146</ns3:hr>
            <ns3:cad>82</ns3:cad>
          </ns3:TrackPointExtension>
        </extensions>
      </trkpt>
      <trkpt lat="40.74879736639559268951416015625" lon="-73.969803638756275177001953125">
        <ele>12.3999996185302734375</ele>
        <time>2026-03-15T14:42:41.000Z</time>
        <extensions>
          <ns3:TrackPointExtension>
            <ns3:hr>143</ns3:hr>
            <ns3:cad>81</ns3:cad>
          </ns3:TrackPointExtension>
        </extensions>
      </trkpt>
      <trkpt lat="40.748803652822971343994140625" lon="-73.969825766980648040771484375">
        <ele>12.3999996185302734375</ele>
        <time>2026-03-15T14:42:42.000Z</time>
        <extensions>
          <ns3:TrackPointExtension>
            <ns3:hr>140</ns3:hr>
            <ns3:cad>81</ns3:cad>
          </ns3:TrackPointExtension>
        </extensions>
      </trkpt>
      <trkpt lat="40.7488051615655422210693359375" lon="-73.96985133178532123565673828125">
        <ele>12.3999996185302734375</ele>
        <time>2026-03-15T14:42:43.000Z</time>
        <extensions>
          <ns3:TrackPointExtension>
            <ns3:hr>134</ns3:hr>
            <ns3:cad>81</ns3:cad>
          </ns3:TrackPointExtension>
        </extensions>
      </trkpt>
      <trkpt lat="40.74880742467939853668212890625" lon="-73.96987773478031158447265625">
        <ele>12.3999996185302734375</ele>
        <time>2026-03-15T14:42:44.000Z</time>
        <extensions>
          <ns3:TrackPointExtension>
            <ns3:hr>127</ns3:hr>
            <ns3:cad>82</ns3:cad>
          </ns3:TrackPointExtension>
        </extensions>
      </trkpt>
      <trkpt lat="40.74880792759358882904052734375" lon="-73.9699077419936656951904296875">
        <ele>12.3999996185302734375</ele>
        <time>2026-03-15T14:42:45.000Z</time>
        <extensions>
          <ns3:TrackPointExtension>
            <ns3:hr>124</ns3:hr>
            <ns3:cad>82</ns3:cad>
          </ns3:TrackPointExtension>
        </extensions>
      </trkpt>
      <trkpt lat="40.74882234446704387664794921875" lon="-73.969973959028720855712890625">
        <ele>13.19999980926513671875</ele>
        <time>2026-03-15T14:42:48.000Z</time>
        <extensions>
          <ns3:TrackPointExtension>
            <ns3:hr>130</ns3:hr>
            <ns3:cad>84</ns3:cad>
          </ns3:TrackPointExtension>
        </extensions>
      </trkpt>
      <trkpt lat="40.74882687069475650787353515625" lon="-73.9699965901672840118408203125">
        <ele>13.80000019073486328125</ele>
        <time>2026-03-15T14:42:49.000Z</time>
        <extensions>
          <ns3:TrackPointExtension>
            <ns3:hr>140</ns3:hr>
            <ns3:cad>84</ns3:cad>
          </ns3:TrackPointExtension>
        </extensions>
      </trkpt>
      <trkpt lat="40.74883424676954746246337890625" lon="-73.97001896984875202178955078125">
        <ele>14.6000003814697265625</ele>
        <time>2026-03-15T14:42:50.000Z</time>
        <extensions>
          <ns3:TrackPointExtension>
            <ns3:hr>143</ns3:hr>
            <ns3:cad>84</ns3:cad>
          </ns3:TrackPointExtension>
        </extensions>
      </trkpt>
      <trkpt lat="40.74884078465402126312255859375" lon="-73.97004269063472747802734375">
        <ele>15.3999996185302734375</ele>
        <time>2026-03-15T14:42:51.000Z</time>
        <extensions>
          <ns3:TrackPointExtension>
            <ns3:hr>147</ns3:hr>
            <ns3:cad>84</ns3:cad>
          </ns3:TrackPointExtension>
        </extensions>
      </trkpt>
      <trkpt lat="40.74886978603899478912353515625" lon="-73.97013581357896327972412109375">
        <ele>18.6000003814697265625</ele>
        <time>2026-03-15T14:42:55.000Z</time>
        <extensions>
          <ns3:TrackPointExtension>
            <ns3:hr>150</ns3:hr>
            <ns3:cad>84</ns3:cad>
          </ns3:TrackPointExtension>
        </extensions>
      </trkpt>
      <trkpt lat="40.74892007745802402496337890625" lon="-73.970250897109508514404296875">
        <ele>18.799999237060546875</ele>
        <time>2026-03-15T14:43:00.000Z</time>
        <extensions>
          <ns3:TrackPointExtension>
            <ns3:hr>153</ns3:hr>
            <ns3:cad>84</ns3:cad>
          </ns3:TrackPointExtension>
        </extensions>
      </trkpt>
      <trkpt lat="40.748951174318790435791015625" lon="-73.97032692097127437591552734375">
        <ele>18.6000003814697265625</ele>
        <time>2026-03-15T14:43:03.000Z</time>
        <extensions>
          <ns3:TrackPointExtension>
            <ns3:hr>157</ns3:hr>
            <ns3:cad>82</ns3:cad>
          </ns3:TrackPointExtension>
        </extensions>
      </trkpt>
      <trkpt lat="40.7489835284650325775146484375" lon="-73.97046589292585849761962890625">
        <ele>18.3999996185302734375</ele>
        <time>2026-03-15T14:43:08.000Z</time>
        <extensions>
          <ns3:TrackPointExtension>
            <ns3:hr>154</ns3:hr>
            <ns3:cad>80</ns3:cad>
          </ns3:TrackPointExtension>
        </extensions>
      </trkpt>
      <trkpt lat="40.74900574050843715667724609375" lon="-73.9705528132617473602294921875">
        <ele>18.200000762939453125</ele>
        <time>2026-03-15T14:43:11.000Z</time>
        <extensions>
          <ns3:TrackPointExtension>
            <ns3:hr>157</ns3:hr>
            <ns3:cad>79</ns3:cad>
          </ns3:TrackPointExtension>
        </extensions>
      </trkpt>
      <trkpt lat="40.7490085065364837646484375" lon="-73.97057510912418365478515625">
        <ele>18</ele>
        <time>2026-03-15T14:43:12.000Z</time>
        <extensions>
          <ns3:TrackPointExtension>
            <ns3:hr>160</ns3:hr>
            <ns3:cad>81</ns3:cad>
          </ns3:TrackPointExtension>
        </extensions>
      </trkpt>
      <trkpt lat="40.74901722371578216552734375" lon="-73.97059614770114421844482421875">
        <ele>18</ele>
        <time>2026-03-15T14:43:14.000Z</time>
        <extensions>
          <ns3:TrackPointExtension>
            <ns3:hr>163</ns3:hr>
            <ns3:cad>80</ns3:cad>
          </ns3:TrackPointExtension>
        </extensions>
      </trkpt>
      <trkpt lat="40.7490368373692035675048828125" lon="-73.97062338888645172119140625">
        <ele>17.6000003814697265625</ele>
        <time>2026-03-15T14:43:16.000Z</time>
        <extensions>
          <ns3:TrackPointExtension>
            <ns3:hr>158</ns3:hr>
            <ns3:cad>80</ns3:cad>
          </ns3:TrackPointExtension>
        </extensions>
      </trkpt>
      <trkpt lat="40.7490455545485019683837890625" lon="-73.97063772194087505340576171875">
        <ele>17.6000003814697265625</ele>
        <time>2026-03-15T14:43:17.000Z</time>
        <extensions>
          <ns3:TrackPointExtension>
            <ns3:hr>156</ns3:hr>
            <ns3:cad>81</ns3:cad>
          </ns3:TrackPointExtension>
        </extensions>
      </trkpt>
      <trkpt lat="40.7490626536309719085693359375" lon="-73.9706839062273502349853515625">
        <ele>17.3999996185302734375</ele>
        <time>2026-03-15T14:43:20.000Z</time>
        <extensions>
          <ns3:TrackPointExtension>
            <ns3:hr>153</ns3:hr>
            <ns3:cad>81</ns3:cad>
          </ns3:TrackPointExtension>
        </extensions>
      </trkpt>
      <trkpt lat="40.74909911490976810455322265625" lon="-73.97078775800764560699462890625">
        <ele>16.799999237060546875</ele>
        <time>2026-03-15T14:43:29.000Z</time>
        <extensions>
          <ns3:TrackPointExtension>
            <ns3:hr>156</ns3:hr>
            <ns3:cad>53</ns3:cad>
          </ns3:TrackPointExtension>
        </extensions>
      </trkpt>
      <trkpt lat="40.74912576936185359954833984375" lon="-73.97102815099060535430908203125">
        <ele>16.6000003814697265625</ele>
        <time>2026-03-15T14:43:45.000Z</time>
        <extensions>
          <ns3:TrackPointExtension>
            <ns3:hr>156</ns3:hr>
            <ns3:cad>57</ns3:cad>
          </ns3:TrackPointExtension>
        </extensions>
      </trkpt>
      <trkpt lat="40.749164409935474395751953125" lon="-73.97111616097390651702880859375">
        <ele>16</ele>
        <time>2026-03-15T14:43:52.000Z</time>
        <extensions>
          <ns3:TrackPointExtension>
            <ns3:hr>153</ns3:hr>
            <ns3:cad>0</ns3:cad>
          </ns3:TrackPointExtension>
        </extensions>
      </trkpt>
      <trkpt lat="40.74919148348271846771240234375" lon="-73.971136026084423065185546875">
        <ele>15.6000003814697265625</ele>
        <time>2026-03-15T14:43:54.000Z</time>
        <extensions>
          <ns3:TrackPointExtension>
            <ns3:hr>151</ns3:hr>
            <ns3:cad>0</ns3:cad>
          </ns3:TrackPointExtension>
        </extensions>
      </trkpt>
      <trkpt lat="40.74928770773112773895263671875" lon="-73.97125697694718837738037109375">
        <ele>15</ele>
        <time>2026-03-15T14:44:01.000Z</time>
        <extensions>
          <ns3:TrackPointExtension>
            <ns3:hr>148</ns3:hr>
            <ns3:cad>60</ns3:cad>
          </ns3:TrackPointExtension>
        </extensions>
      </trkpt>
      <trkpt lat="40.74933280237019062042236328125" lon="-73.9713078550994396209716796875">
        <ele>15</ele>
        <time>2026-03-15T14:44:04.000Z</time>
        <extensions>
          <ns3:TrackPointExtension>
            <ns3:hr>145</ns3:hr>
            <ns3:cad>58</ns3:cad>
          </ns3:TrackPointExtension>
        </extensions>
      </trkpt>
      <trkpt lat="40.74946356005966663360595703125" lon="-73.97144288755953311920166015625">
        <ele>14.80000019073486328125</ele>
        <time>2026-03-15T14:44:13.000Z</time>
        <extensions>
          <ns3:TrackPointExtension>
            <ns3:hr>149</ns3:hr>
            <ns3:cad>58</ns3:cad>
          </ns3:TrackPointExtension>
        </extensions>
      </trkpt>
      <trkpt lat="40.74947646819055080413818359375" lon="-73.971455879509449005126953125">
        <ele>14.80000019073486328125</ele>
        <time>2026-03-15T14:44:14.000Z</time>
        <extensions>
          <ns3:TrackPointExtension>
            <ns3:hr>153</ns3:hr>
            <ns3:cad>0</ns3:cad>
          </ns3:TrackPointExtension>
        </extensions>
      </trkpt>
      <trkpt lat="40.74947713874280452728271484375" lon="-73.97150659002363681793212890625">
        <ele>14.6000003814697265625</ele>
        <time>2026-03-15T14:44:16.000Z</time>
        <extensions>
          <ns3:TrackPointExtension>
            <ns3:hr>159</ns3:hr>
            <ns3:cad>59</ns3:cad>
          </ns3:TrackPointExtension>
        </extensions>
      </trkpt>
      <trkpt lat="40.74947244487702846527099609375" lon="-73.97153642959892749786376953125">
        <ele>14.6000003814697265625</ele>
        <time>2026-03-15T14:44:17.000Z</time>
        <extensions>
          <ns3:TrackPointExtension>
            <ns3:hr>159</ns3:hr>
            <ns3:cad>59</ns3:cad>
          </ns3:TrackPointExtension>
        </extensions>
      </trkpt>
      <trkpt lat="40.74946691282093524932861328125" lon="-73.9715650118887424468994140625">
        <ele>14.6000003814697265625</ele>
        <time>2026-03-15T14:44:18.000Z</time>
        <extensions>
          <ns3:TrackPointExtension>
            <ns3:hr>155</ns3:hr>
            <ns3:cad>59</ns3:cad>
          </ns3:TrackPointExtension>
        </extensions>
      </trkpt>
      <trkpt lat="40.7495035417377948760986328125" lon="-73.9716424606740474700927734375">
        <ele>14.80000019073486328125</ele>
        <time>2026-03-15T14:44:22.000Z</time>
        <extensions>
          <ns3:TrackPointExtension>
            <ns3:hr>152</ns3:hr>
            <ns3:cad>59</ns3:cad>
          </ns3:TrackPointExtension>
        </extensions>
      </trkpt>
      <trkpt lat="40.7495132647454738616943359375" lon="-73.9716593921184539794921875">
        <ele>14.80000019073486328125</ele>
        <time>2026-03-15T14:44:23.000Z</time>
        <extensions>
          <ns3:TrackPointExtension>
            <ns3:hr>155</ns3:hr>
            <ns3:cad>59</ns3:cad>
          </ns3:TrackPointExtension>
        </extensions>
      </trkpt>
      <trkpt lat="40.74953354895114898681640625" lon="-73.9717698656022548675537109375">
        <ele>14.80000019073486328125</ele>
        <time>2026-03-15T14:44:29.000Z</time>
        <extensions>
          <ns3:TrackPointExtension>
            <ns3:hr>151</ns3:hr>
            <ns3:cad>85</ns3:cad>
          </ns3:TrackPointExtension>
        </extensions>
      </trkpt>
      <trkpt lat="40.749529860913753509521484375" lon="-73.97179140709340572357177734375">
        <ele>14.80000019073486328125</ele>
        <time>2026-03-15T14:44:30.000Z</time>
        <extensions>
          <ns3:TrackPointExtension>
            <ns3:hr>148</ns3:hr>
            <ns3:cad>85</ns3:cad>
          </ns3:TrackPointExtension>
        </extensions>
      </trkpt>
      <trkpt lat="40.74952726252377033233642578125" lon="-73.97180884145200252532958984375">
        <ele>14.80000019073486328125</ele>
        <time>2026-03-15T14:44:31.000Z</time>
        <extensions>
          <ns3:TrackPointExtension>
            <ns3:hr>148</ns3:hr>
            <ns3:cad>85</ns3:cad>
          </ns3:TrackPointExtension>
        </extensions>
      </trkpt>
      <trkpt lat="40.749727673828601837158203125" lon="-73.9719244278967380523681640625">
        <ele>15</ele>
        <time>2026-03-15T14:44:37.000Z</time>
        <extensions>
          <ns3:TrackPointExtension>
            <ns3:hr>148</ns3:hr>
            <ns3:cad>59</ns3:cad>
          </ns3:TrackPointExtension>
        </extensions>
      </trkpt>
      <trkpt lat="40.74974318034946918487548828125" lon="-73.9719636552035808563232421875">
        <ele>15</ele>
        <time>2026-03-15T14:44:39.000Z</time>
        <extensions>
          <ns3:TrackPointExtension>
            <ns3:hr>145</ns3:hr>
            <ns3:cad>59</ns3:cad>
          </ns3:TrackPointExtension>
        </extensions>
      </trkpt>
      <trkpt lat="40.74974753893911838531494140625" lon="-73.9720831811428070068359375">
        <ele>15</ele>
        <time>2026-03-15T14:44:42.000Z</time>
        <extensions>
          <ns3:TrackPointExtension>
            <ns3:hr>148</ns3:hr>
            <ns3:cad>61</ns3:cad>
          </ns3:TrackPointExtension>
        </extensions>
      </trkpt>
      <trkpt lat="40.74974820949137210845947265625" lon="-73.97212098352611064910888671875">
        <ele>15</ele>
        <time>2026-03-15T14:44:43.000Z</time>
        <extensions>
          <ns3:TrackPointExtension>
            <ns3:hr>149</ns3:hr>
            <ns3:cad>121</ns3:cad>
          </ns3:TrackPointExtension>
        </extensions>
      </trkpt>
      <trkpt lat="40.7497727684676647186279296875" lon="-73.97221385501325130462646484375">
        <ele>15</ele>
        <time>2026-03-15T14:44:46.000Z</time>
        <extensions>
          <ns3:TrackPointExtension>
            <ns3:hr>154</ns3:hr>
            <ns3:cad>83</ns3:cad>
          </ns3:TrackPointExtension>
        </extensions>
      </trkpt>
      <trkpt lat="40.74978894554078578948974609375" lon="-73.97232566960155963897705078125">
        <ele>14.80000019073486328125</ele>
        <time>2026-03-15T14:44:51.000Z</time>
        <extensions>
          <ns3:TrackPointExtension>
            <ns3:hr>157</ns3:hr>
            <ns3:cad>82</ns3:cad>
          </ns3:TrackPointExtension>
        </extensions>
      </trkpt>
      <trkpt lat="40.7498078048229217529296875" lon="-73.97241669707000255584716796875">
        <ele>14.80000019073486328125</ele>
        <time>2026-03-15T14:44:56.000Z</time>
        <extensions>
          <ns3:TrackPointExtension>
            <ns3:hr>160</ns3:hr>
            <ns3:cad>83</ns3:cad>
          </ns3:TrackPointExtension>
        </extensions>
      </trkpt>
      <trkpt lat="40.749801099300384521484375" lon="-73.97244058549404144287109375">
        <ele>14.80000019073486328125</ele>
        <time>2026-03-15T14:44:57.000Z</time>
        <extensions>
          <ns3:TrackPointExtension>
            <ns3:hr>163</ns3:hr>
            <ns3:cad>83</ns3:cad>
          </ns3:TrackPointExtension>
        </extensions>
      </trkpt>
      <trkpt lat="40.749804116785526275634765625" lon="-73.9725379832088947296142578125">
        <ele>14.80000019073486328125</ele>
        <time>2026-03-15T14:45:01.000Z</time>
        <extensions>
          <ns3:TrackPointExtension>
            <ns3:hr>158</ns3:hr>
            <ns3:cad>84</ns3:cad>
          </ns3:TrackPointExtension>
        </extensions>
      </trkpt>
      <trkpt lat="40.74983060359954833984375" lon="-73.97257813252508640289306640625">
        <ele>14.6000003814697265625</ele>
        <time>2026-03-15T14:45:03.000Z</time>
        <extensions>
          <ns3:TrackPointExtension>
            <ns3:hr>154</ns3:hr>
            <ns3:cad>83</ns3:cad>
          </ns3:TrackPointExtension>
        </extensions>
      </trkpt>
      <trkpt lat="40.74989967048168182373046875" lon="-73.9727807231247425079345703125">
        <ele>14</ele>
        <time>2026-03-15T14:45:11.000Z</time>
        <extensions>
          <ns3:TrackPointExtension>
            <ns3:hr>151</ns3:hr>
            <ns3:cad>84</ns3:cad>
          </ns3:TrackPointExtension>
        </extensions>
      </trkpt>
      <trkpt lat="40.749933533370494842529296875" lon="-73.9728189446032047271728515625">
        <ele>14</ele>
        <time>2026-03-15T14:45:13.000Z</time>
        <extensions>
          <ns3:TrackPointExtension>
            <ns3:hr>154</ns3:hr>
            <ns3:cad>85</ns3:cad>
          </ns3:TrackPointExtension>
        </extensions>
      </trkpt>
      <trkpt lat="40.7499890215694904327392578125" lon="-73.97289899177849292755126953125">
        <ele>14</ele>
        <time>2026-03-15T14:45:16.000Z</time>
        <extensions>
          <ns3:TrackPointExtension>
            <ns3:hr>159</ns3:hr>
            <ns3:cad>84</ns3:cad>
          </ns3:TrackPointExtension>
        </extensions>
      </trkpt>
      <trkpt lat="40.75002011843025684356689453125" lon="-73.9729165099561214447021484375">
        <ele>14</ele>
        <time>2026-03-15T14:45:17.000Z</time>
        <extensions>
          <ns3:TrackPointExtension>
            <ns3:hr>159</ns3:hr>
            <ns3:cad>85</ns3:cad>
          </ns3:TrackPointExtension>
        </extensions>
      </trkpt>
      <trkpt lat="40.75006018392741680145263671875" lon="-73.9731056056916713714599609375">
        <ele>13.3999996185302734375</ele>
        <time>2026-03-15T14:45:24.000Z</time>
        <extensions>
          <ns3:TrackPointExtension>
            <ns3:hr>166</ns3:hr>
            <ns3:cad>86</ns3:cad>
          </ns3:TrackPointExtension>
        </extensions>
      </trkpt>
      <trkpt lat="40.7500974833965301513671875" lon="-73.97316277027130126953125">
        <ele>13.3999996185302734375</ele>
        <time>2026-03-15T14:45:27.000Z</time>
        <extensions>
          <ns3:TrackPointExtension>
            <ns3:hr>162</ns3:hr>
            <ns3:cad>86</ns3:cad>
          </ns3:TrackPointExtension>
        </extensions>
      </trkpt>
      <trkpt lat="40.75013964436948299407958984375" lon="-73.97319453768432140350341796875">
        <ele>13.3999996185302734375</ele>
        <time>2026-03-15T14:45:29.000Z</time>
        <extensions>
          <ns3:TrackPointExtension>
            <ns3:hr>158</ns3:hr>
            <ns3:cad>84</ns3:cad>
          </ns3:TrackPointExtension>
        </extensions>
      </trkpt>
      <trkpt lat="40.75016227550804615020751953125" lon="-73.97320878691971302032470703125">
        <ele>13.3999996185302734375</ele>
        <time>2026-03-15T14:45:30.000Z</time>
        <extensions>
          <ns3:TrackPointExtension>
            <ns3:hr>155</ns3:hr>
            <ns3:cad>84</ns3:cad>
          </ns3:TrackPointExtension>
        </extensions>
      </trkpt>
      <trkpt lat="40.750200413167476654052734375" lon="-73.9732467569410800933837890625">
        <ele>13.19999980926513671875</ele>
        <time>2026-03-15T14:45:32.000Z</time>
        <extensions>
          <ns3:TrackPointExtension>
            <ns3:hr>158</ns3:hr>
            <ns3:cad>83</ns3:cad>
          </ns3:TrackPointExtension>
        </extensions>
      </trkpt>
      <trkpt lat="40.7502206973731517791748046875" lon="-73.9732967130839824676513671875">
        <ele>13</ele>
        <time>2026-03-15T14:45:34.000Z</time>
        <extensions>
          <ns3:TrackPointExtension>
            <ns3:hr>161</ns3:hr>
            <ns3:cad>85</ns3:cad>
          </ns3:TrackPointExtension>
        </extensions>
      </trkpt>
      <trkpt lat="40.75023151002824306488037109375" lon="-73.9733181707561016082763671875">
        <ele>13</ele>
        <time>2026-03-15T14:45:35.000Z</time>
        <extensions>
          <ns3:TrackPointExtension>
            <ns3:hr>164</ns3:hr>
            <ns3:cad>85</ns3:cad>
          </ns3:TrackPointExtension>
        </extensions>
      </trkpt>
      <trkpt lat="40.75024307705461978912353515625" lon="-73.97333216853439807891845703125">
        <ele>13</ele>
        <time>2026-03-15T14:45:36.000Z</time>
        <extensions>
          <ns3:TrackPointExtension>
            <ns3:hr>161</ns3:hr>
            <ns3:cad>85</ns3:cad>
          </ns3:TrackPointExtension>
        </extensions>
      </trkpt>
      <trkpt lat="40.75031784363090991973876953125" lon="-73.9735542051494121551513671875">
        <ele>12.19999980926513671875</ele>
        <time>2026-03-15T14:45:46.000Z</time>
        <extensions>
          <ns3:TrackPointExtension>
            <ns3:hr>161</ns3:hr>
            <ns3:cad>85</ns3:cad>
          </ns3:TrackPointExtension>
        </extensions>
      </trkpt>
      <trkpt lat="40.7503973878920078277587890625" lon="-73.97375478409230709075927734375">
        <ele>12</ele>
        <time>2026-03-15T14:45:55.000Z</time>
        <extensions>
          <ns3:TrackPointExtension>
            <ns3:hr>158</ns3:hr>
            <ns3:cad>85</ns3:cad>
          </ns3:TrackPointExtension>
        </extensions>
      </trkpt>
      <trkpt lat="40.75044021941721439361572265625" lon="-73.97385469637811183929443359375">
        <ele>12</ele>
        <time>2026-03-15T14:46:00.000Z</time>
        <extensions>
          <ns3:TrackPointExtension>
            <ns3:hr>155</ns3:hr>
            <ns3:cad>85</ns3:cad>
          </ns3:TrackPointExtension>
        </extensions>
      </trkpt>
      <trkpt lat="40.75038355775177478790283203125" lon="-73.97396768443286418914794921875">
        <ele>11.6000003814697265625</ele>
        <time>2026-03-15T14:46:02.000Z</time>
        <extensions>
          <ns3:TrackPointExtension>
            <ns3:hr>155</ns3:hr>
            <ns3:cad>85</ns3:cad>
          </ns3:TrackPointExtension>
        </extensions>
      </trkpt>
      <trkpt lat="40.75046737678349018096923828125" lon="-73.9742234162986278533935546875">
        <ele>11</ele>
        <time>2026-03-15T14:46:07.000Z</time>
        <extensions>
          <ns3:TrackPointExtension>
            <ns3:hr>156</ns3:hr>
            <ns3:cad>83</ns3:cad>
          </ns3:TrackPointExtension>
        </extensions>
      </trkpt>
      <trkpt lat="40.7505749166011810302734375" lon="-73.97434269078075885772705078125">
        <ele>11</ele>
        <time>2026-03-15T14:46:11.000Z</time>
        <extensions>
          <ns3:TrackPointExtension>
            <ns3:hr>159</ns3:hr>
            <ns3:cad>83</ns3:cad>
          </ns3:TrackPointExtension>
        </extensions>
      </trkpt>
      <trkpt lat="40.75076459906995296478271484375" lon="-73.97444863803684711456298828125">
        <ele>11</ele>
        <time>2026-03-15T14:46:18.000Z</time>
        <extensions>
          <ns3:TrackPointExtension>
            <ns3:hr>159</ns3:hr>
            <ns3:cad>84</ns3:cad>
          </ns3:TrackPointExtension>
        </extensions>
      </trkpt>
      <trkpt lat="40.75091027654707431793212890625" lon="-73.97460035048425197601318359375">
        <ele>11</ele>
        <time>2026-03-15T14:46:28.000Z</time>
        <extensions>
          <ns3:TrackPointExtension>
            <ns3:hr>157</ns3:hr>
            <ns3:cad>82</ns3:cad>
          </ns3:TrackPointExtension>
        </extensions>
      </trkpt>
      <trkpt lat="40.75092435814440250396728515625" lon="-73.9749013446271419525146484375">
        <ele>11</ele>
        <time>2026-03-15T14:46:38.000Z</time>
        <extensions>
          <ns3:TrackPointExtension>
            <ns3:hr>159</ns3:hr>
            <ns3:cad>81</ns3:cad>
          </ns3:TrackPointExtension>
        </extensions>
      </trkpt>
      <trkpt lat="40.75095243752002716064453125" lon="-73.9751990698277950286865234375">
        <ele>11</ele>
        <time>2026-03-15T14:46:47.000Z</time>
        <extensions>
          <ns3:TrackPointExtension>
            <ns3:hr>158</ns3:hr>
            <ns3:cad>83</ns3:cad>
          </ns3:TrackPointExtension>
        </extensions>
      </trkpt>
      <trkpt lat="40.75120883993804454803466796875" lon="-73.97532169707119464874267578125">
        <ele>12</ele>
        <time>2026-03-15T14:46:51.000Z</time>
        <extensions>
          <ns3:TrackPointExtension>
            <ns3:hr>160</ns3:hr>
            <ns3:cad>82</ns3:cad>
          </ns3:TrackPointExtension>
        </extensions>
      </trkpt>
      <trkpt lat="40.75147018767893314361572265625" lon="-73.97539160214364528656005859375">
        <ele>12.19999980926513671875</ele>
        <time>2026-03-15T14:46:59.000Z</time>
        <extensions>
          <ns3:TrackPointExtension>
            <ns3:hr>161</ns3:hr>
            <ns3:cad>81</ns3:cad>
          </ns3:TrackPointExtension>
        </extensions>
      </trkpt>
      <trkpt lat="40.7515646517276763916015625" lon="-73.97562143392860889434814453125">
        <ele>13</ele>
        <time>2026-03-15T14:47:07.000Z</time>
        <extensions>
          <ns3:TrackPointExtension>
            <ns3:hr>159</ns3:hr>
            <ns3:cad>82</ns3:cad>
          </ns3:TrackPointExtension>
        </extensions>
      </trkpt>
      <trkpt lat="40.75168602168560028076171875" lon="-73.975778929889202117919921875">
        <ele>13.3999996185302734375</ele>
        <time>2026-03-15T14:47:12.000Z</time>
        <extensions>
          <ns3:TrackPointExtension>
            <ns3:hr>157</ns3:hr>
            <ns3:cad>83</ns3:cad>
          </ns3:TrackPointExtension>
        </extensions>
      </trkpt>
      <trkpt lat="40.75180060230195522308349609375" lon="-73.97597439587116241455078125">
        <ele>14</ele>
        <time>2026-03-15T14:47:18.000Z</time>
        <extensions>
          <ns3:TrackPointExtension>
            <ns3:hr>156</ns3:hr>
            <ns3:cad>81</ns3:cad>
          </ns3:TrackPointExtension>
        </extensions>
      </trkpt>
      <trkpt lat="40.7514793239533901214599609375" lon="-73.976401872932910919189453125">
        <ele>14</ele>
        <time>2026-03-15T14:47:35.000Z</time>
        <extensions>
          <ns3:TrackPointExtension>
            <ns3:hr>159</ns3:hr>
            <ns3:cad>80</ns3:cad>
          </ns3:TrackPointExtension>
        </extensions>
      </trkpt>
      <trkpt lat="40.7514417730271816253662109375" lon="-73.97665299475193023681640625">
        <ele>14</ele>
        <time>2026-03-15T14:47:50.000Z</time>
        <extensions>
          <ns3:TrackPointExtension>
            <ns3:hr>159</ns3:hr>
            <ns3:cad>61</ns3:cad>
          </ns3:TrackPointExtension>
        </extensions>
      </trkpt>
      <trkpt lat="40.75148259289562702178955078125" lon="-73.97673287428915500640869140625">
        <ele>14.19999980926513671875</ele>
        <time>2026-03-15T14:48:00.000Z</time>
        <extensions>
          <ns3:TrackPointExtension>
            <ns3:hr>162</ns3:hr>
            <ns3:cad>58</ns3:cad>
          </ns3:TrackPointExtension>
        </extensions>
      </trkpt>
      <trkpt lat="40.7517012767493724822998046875" lon="-73.9768392406404018402099609375">
        <ele>15</ele>
        <time>2026-03-15T14:48:09.000Z</time>
        <extensions>
          <ns3:TrackPointExtension>
            <ns3:hr>159</ns3:hr>
            <ns3:cad>82</ns3:cad>
          </ns3:TrackPointExtension>
        </extensions>
      </trkpt>
      <trkpt lat="40.7517006061971187591552734375" lon="-73.97716873325407505035400390625">
        <ele>15.80000019073486328125</ele>
        <time>2026-03-15T14:48:18.000Z</time>
        <extensions>
          <ns3:TrackPointExtension>
            <ns3:hr>156</ns3:hr>
            <ns3:cad>83</ns3:cad>
          </ns3:TrackPointExtension>
        </extensions>
      </trkpt>
      <trkpt lat="40.75154210440814495086669921875" lon="-73.9779241941869258880615234375">
        <ele>18.6000003814697265625</ele>
        <time>2026-03-15T14:48:20.000Z</time>
        <extensions>
          <ns3:TrackPointExtension>
            <ns3:hr>156</ns3:hr>
            <ns3:cad>83</ns3:cad>
          </ns3:TrackPointExtension>
        </extensions>
      </trkpt>
      <trkpt lat="40.7518658973276615142822265625" lon="-73.97829459048807621002197265625">
        <ele>18.799999237060546875</ele>
        <time>2026-03-15T14:48:24.000Z</time>
        <extensions>
          <ns3:TrackPointExtension>
            <ns3:hr>157</ns3:hr>
            <ns3:cad>83</ns3:cad>
          </ns3:TrackPointExtension>
        </extensions>
      </trkpt>
      <trkpt lat="40.7518645562231540679931640625" lon="-73.9785474725067615509033203125">
        <ele>18.799999237060546875</ele>
        <time>2026-03-15T14:48:27.000Z</time>
        <extensions>
          <ns3:TrackPointExtension>
            <ns3:hr>159</ns3:hr>
            <ns3:cad>82</ns3:cad>
          </ns3:TrackPointExtension>
        </extensions>
      </trkpt>
      <trkpt lat="40.752136968076229095458984375" lon="-73.978449404239654541015625">
        <ele>18</ele>
        <time>2026-03-15T14:48:29.000Z</time>
        <extensions>
          <ns3:TrackPointExtension>
            <ns3:hr>160</ns3:hr>
            <ns3:cad>82</ns3:cad>
          </ns3:TrackPointExtension>
        </extensions>
      </trkpt>
      <trkpt lat="40.75233520008623600006103515625" lon="-73.97836768068373203277587890625">
        <ele>18</ele>
        <time>2026-03-15T14:48:30.000Z</time>
        <extensions>
          <ns3:TrackPointExtension>
            <ns3:hr>160</ns3:hr>
            <ns3:cad>82</ns3:cad>
          </ns3:TrackPointExtension>
        </extensions>
      </trkpt>
      <trkpt lat="40.75236462056636810302734375" lon="-73.97828646004199981689453125">
        <ele>17.799999237060546875</ele>
        <time>2026-03-15T14:48:35.000Z</time>
        <extensions>
          <ns3:TrackPointExtension>
            <ns3:hr>160</ns3:hr>
            <ns3:cad>0</ns3:cad>
          </ns3:TrackPointExtension>
        </extensions>
      </trkpt>
      <trkpt lat="40.75246931053698062896728515625" lon="-73.9779748208820819854736328125">
        <ele>17</ele>
        <time>2026-03-15T14:48:41.000Z</time>
        <extensions>
          <ns3:TrackPointExtension>
            <ns3:hr>157</ns3:hr>
            <ns3:cad>65</ns3:cad>
          </ns3:TrackPointExtension>
        </extensions>
      </trkpt>
      <trkpt lat="40.75240887701511383056640625" lon="-73.977912627160549163818359375">
        <ele>17</ele>
        <time>2026-03-15T14:48:43.000Z</time>
        <extensions>
          <ns3:TrackPointExtension>
            <ns3:hr>154</ns3:hr>
            <ns3:cad>83</ns3:cad>
          </ns3:TrackPointExtension>
        </extensions>
      </trkpt>
      <trkpt lat="40.75223587453365325927734375" lon="-73.97811773233115673065185546875">
        <ele>17.3999996185302734375</ele>
        <time>2026-03-15T14:48:52.000Z</time>
        <extensions>
          <ns3:TrackPointExtension>
            <ns3:hr>152</ns3:hr>
            <ns3:cad>83</ns3:cad>
          </ns3:TrackPointExtension>
        </extensions>
      </trkpt>
      <trkpt lat="40.752372331917285919189453125" lon="-73.97821781225502490997314453125">
        <ele>17.6000003814697265625</ele>
        <time>2026-03-15T14:49:03.000Z</time>
        <extensions>
          <ns3:TrackPointExtension>
            <ns3:hr>152</ns3:hr>
            <ns3:cad>83</ns3:cad>
          </ns3:TrackPointExtension>
        </extensions>
      </trkpt>
      <trkpt lat="40.75247769244015216827392578125" lon="-73.9784237556159496307373046875">
        <ele>18</ele>
        <time>2026-03-15T14:49:15.000Z</time>
        <extensions>
          <ns3:TrackPointExtension>
            <ns3:hr>153</ns3:hr>
            <ns3:cad>84</ns3:cad>
          </ns3:TrackPointExtension>
        </extensions>
      </trkpt>
      <trkpt lat="40.75268036685883998870849609375" lon="-73.97838301956653594970703125">
        <ele>18</ele>
        <time>2026-03-15T14:49:21.000Z</time>
        <extensions>
          <ns3:TrackPointExtension>
            <ns3:hr>159</ns3:hr>
            <ns3:cad>81</ns3:cad>
          </ns3:TrackPointExtension>
        </extensions>
      </trkpt>
      <trkpt lat="40.7527288980782032012939453125" lon="-73.97838545031845569610595703125">
        <ele>18</ele>
        <time>2026-03-15T14:49:24.000Z</time>
        <extensions>
          <ns3:TrackPointExtension>
            <ns3:hr>163</ns3:hr>
            <ns3:cad>79</ns3:cad>
          </ns3:TrackPointExtension>
        </extensions>
      </trkpt>
      <trkpt lat="40.752734430134296417236328125" lon="-73.97839684970676898956298828125">
        <ele>18</ele>
        <time>2026-03-15T14:49:27.000Z</time>
        <extensions>
          <ns3:TrackPointExtension>
            <ns3:hr>166</ns3:hr>
            <ns3:cad>82</ns3:cad>
          </ns3:TrackPointExtension>
        </extensions>
      </trkpt>
      <trkpt lat="40.75293190777301788330078125" lon="-73.97836097516119480133056640625">
        <ele>18</ele>
        <time>2026-03-15T14:49:34.000Z</time>
        <extensions>
          <ns3:TrackPointExtension>
            <ns3:hr>167</ns3:hr>
            <ns3:cad>79</ns3:cad>
          </ns3:TrackPointExtension>
        </extensions>
      </trkpt>
      <trkpt lat="40.75300122611224651336669921875" lon="-73.97841227240860462188720703125">
        <ele>18</ele>
        <time>2026-03-15T14:49:39.000Z</time>
        <extensions>
          <ns3:TrackPointExtension>
            <ns3:hr>170</ns3:hr>
            <ns3:cad>80</ns3:cad>
          </ns3:TrackPointExtension>
        </extensions>
      </trkpt>
      <trkpt lat="40.7528774254024028778076171875" lon="-73.97862550802528858184814453125">
        <ele>18</ele>
        <time>2026-03-15T14:49:48.000Z</time>
        <extensions>
          <ns3:TrackPointExtension>
            <ns3:hr>168</ns3:hr>
            <ns3:cad>81</ns3:cad>
          </ns3:TrackPointExtension>
        </extensions>
      </trkpt>
      <trkpt lat="40.75286686420440673828125" lon="-73.97865467704832553863525390625">
        <ele>18</ele>
        <time>2026-03-15T14:49:49.000Z</time>
        <extensions>
          <ns3:TrackPointExtension>
            <ns3:hr>164</ns3:hr>
            <ns3:cad>81</ns3:cad>
          </ns3:TrackPointExtension>
        </extensions>
      </trkpt>
      <trkpt lat="40.75308705680072307586669921875" lon="-73.9788626320660114288330078125">
        <ele>18</ele>
        <time>2026-03-15T14:49:58.000Z</time>
        <extensions>
          <ns3:TrackPointExtension>
            <ns3:hr>162</ns3:hr>
            <ns3:cad>81</ns3:cad>
          </ns3:TrackPointExtension>
        </extensions>
      </trkpt>
      <trkpt lat="40.753045566380023956298828125" lon="-73.97895374335348606109619140625">
        <ele>18.200000762939453125</ele>
        <time>2026-03-15T14:50:02.000Z</time>
        <extensions>
          <ns3:TrackPointExtension>
            <ns3:hr>157</ns3:hr>
            <ns3:cad>80</ns3:cad>
          </ns3:TrackPointExtension>
        </extensions>
      </trkpt>
      <trkpt lat="40.75295696966350078582763671875" lon="-73.97918726317584514617919921875">
        <ele>19.200000762939453125</ele>
        <time>2026-03-15T14:50:12.000Z</time>
        <extensions>
          <ns3:TrackPointExtension>
            <ns3:hr>156</ns3:hr>
            <ns3:cad>81</ns3:cad>
          </ns3:TrackPointExtension>
        </extensions>
      </trkpt>
      <trkpt lat="40.75298689305782318115234375" lon="-73.97922347299754619598388671875">
        <ele>19.200000762939453125</ele>
        <time>2026-03-15T14:50:15.000Z</time>
        <extensions>
          <ns3:TrackPointExtension>
            <ns3:hr>159</ns3:hr>
            <ns3:cad>80</ns3:cad>
          </ns3:TrackPointExtension>
        </extensions>
      </trkpt>
      <trkpt lat="40.75303341262042522430419921875" lon="-73.97947208024561405181884765625">
        <ele>19.6000003814697265625</ele>
        <time>2026-03-15T14:50:26.000Z</time>
        <extensions>
          <ns3:TrackPointExtension>
            <ns3:hr>160</ns3:hr>
            <ns3:cad>80</ns3:cad>
          </ns3:TrackPointExtension>
        </extensions>
      </trkpt>
      <trkpt lat="40.7530049979686737060546875" lon="-73.979600407183170318603515625">
        <ele>19.6000003814697265625</ele>
        <time>2026-03-15T14:50:30.000Z</time>
        <extensions>
          <ns3:TrackPointExtension>
            <ns3:hr>161</ns3:hr>
            <ns3:cad>77</ns3:cad>
          </ns3:TrackPointExtension>
        </extensions>
      </trkpt>
      <trkpt lat="40.75297482311725616455078125" lon="-73.9798791892826557159423828125">
        <ele>20.6000003814697265625</ele>
        <time>2026-03-15T14:50:37.000Z</time>
        <extensions>
          <ns3:TrackPointExtension>
            <ns3:hr>160</ns3:hr>
            <ns3:cad>79</ns3:cad>
          </ns3:TrackPointExtension>
        </extensions>
      </trkpt>
      <trkpt lat="40.75318269431591033935546875" lon="-73.98001019842922687530517578125">
        <ele>20</ele>
        <time>2026-03-15T14:50:44.000Z</time>
        <extensions>
          <ns3:TrackPointExtension>
            <ns3:hr>158</ns3:hr>
            <ns3:cad>79</ns3:cad>
          </ns3:TrackPointExtension>
        </extensions>
      </trkpt>
      <trkpt lat="40.75317741371691226959228515625" lon="-73.9802282117307186126708984375">
        <ele>20.799999237060546875</ele>
        <time>2026-03-15T14:50:52.000Z</time>
        <extensions>
          <ns3:TrackPointExtension>
            <ns3:hr>156</ns3:hr>
            <ns3:cad>81</ns3:cad>
          </ns3:TrackPointExtension>
        </extensions>
      </trkpt>
      <trkpt lat="40.75322971679270267486572265625" lon="-73.98045259527862071990966796875">
        <ele>21</ele>
        <time>2026-03-15T14:51:01.000Z</time>
        <extensions>
          <ns3:TrackPointExtension>
            <ns3:hr>158</ns3:hr>
            <ns3:cad>82</ns3:cad>
          </ns3:TrackPointExtension>
        </extensions>
      </trkpt>
      <trkpt lat="40.7532463967800140380859375" lon="-73.9805366657674312591552734375">
        <ele>21</ele>
        <time>2026-03-15T14:51:06.000Z</time>
        <extensions>
          <ns3:TrackPointExtension>
            <ns3:hr>161</ns3:hr>
            <ns3:cad>81</ns3:cad>
          </ns3:TrackPointExtension>
        </extensions>
      </trkpt>
      <trkpt lat="40.75325771234929561614990234375" lon="-73.98079943843185901641845703125">
        <ele>21</ele>
        <time>2026-03-15T14:51:20.000Z</time>
        <extensions>
          <ns3:TrackPointExtension>
            <ns3:hr>160</ns3:hr>
            <ns3:cad>75</ns3:cad>
          </ns3:TrackPointExtension>
        </extensions>
      </trkpt>
      <trkpt lat="40.7532753981649875640869140625" lon="-73.98082894273102283477783203125">
        <ele>21</ele>
        <time>2026-03-15T14:51:22.000Z</time>
        <extensions>
          <ns3:TrackPointExtension>
            <ns3:hr>164</ns3:hr>
            <ns3:cad>77</ns3:cad>
          </ns3:TrackPointExtension>
        </extensions>
      </trkpt>
      <trkpt lat="40.75328537262976169586181640625" lon="-73.98084403015673160552978515625">
        <ele>21</ele>
        <time>2026-03-15T14:51:23.000Z</time>
        <extensions>
          <ns3:TrackPointExtension>
            <ns3:hr>167</ns3:hr>
            <ns3:cad>77</ns3:cad>
          </ns3:TrackPointExtension>
        </extensions>
      </trkpt>
      <trkpt lat="40.753297023475170135498046875" lon="-73.9808585308492183685302734375">
        <ele>21.200000762939453125</ele>
        <time>2026-03-15T14:51:24.000Z</time>
        <extensions>
          <ns3:TrackPointExtension>
            <ns3:hr>167</ns3:hr>
            <ns3:cad>77</ns3:cad>
          </ns3:TrackPointExtension>
        </extensions>
      </trkpt>
      <trkpt lat="40.753466673195362091064453125" lon="-73.98099356330931186676025390625">
        <ele>21.6000003814697265625</ele>
        <time>2026-03-15T14:51:36.000Z</time>
        <extensions>
          <ns3:TrackPointExtension>
            <ns3:hr>161</ns3:hr>
            <ns3:cad>80</ns3:cad>
          </ns3:TrackPointExtension>
        </extensions>
      </trkpt>
      <trkpt lat="40.75349726714193820953369140625" lon="-73.981210403144359588623046875">
        <ele>22</ele>
        <time>2026-03-15T14:51:47.000Z</time>
        <extensions>
          <ns3:TrackPointExtension>
            <ns3:hr>164</ns3:hr>
            <ns3:cad>81</ns3:cad>
          </ns3:TrackPointExtension>
        </extensions>
      </trkpt>
      <trkpt lat="40.75352895073592662811279296875" lon="-73.9812739379703998565673828125">
        <ele>21.799999237060546875</ele>
        <time>2026-03-15T14:51:54.000Z</time>
        <extensions>
          <ns3:TrackPointExtension>
            <ns3:hr>167</ns3:hr>
            <ns3:cad>80</ns3:cad>
          </ns3:TrackPointExtension>
        </extensions>
      </trkpt>
      <trkpt lat="40.7536214031279087066650390625" lon="-73.981491029262542724609375">
        <ele>21.3999996185302734375</ele>
        <time>2026-03-15T14:52:04.000Z</time>
        <extensions>
          <ns3:TrackPointExtension>
            <ns3:hr>167</ns3:hr>
            <ns3:cad>81</ns3:cad>
          </ns3:TrackPointExtension>
        </extensions>
      </trkpt>
      <trkpt lat="40.753730200231075286865234375" lon="-73.9817037619650363922119140625">
        <ele>21</ele>
        <time>2026-03-15T14:52:12.000Z</time>
        <extensions>
          <ns3:TrackPointExtension>
            <ns3:hr>166</ns3:hr>
            <ns3:cad>81</ns3:cad>
          </ns3:TrackPointExtension>
        </extensions>
      </trkpt>
      <trkpt lat="40.75388199649751186370849609375" lon="-73.98189277388155460357666015625">
        <ele>21</ele>
        <time>2026-03-15T14:52:19.000Z</time>
        <extensions>
          <ns3:TrackPointExtension>
            <ns3:hr>165</ns3:hr>
            <ns3:cad>79</ns3:cad>
          </ns3:TrackPointExtension>
        </extensions>
      </trkpt>
      <trkpt lat="40.7539144344627857208251953125" lon="-73.98196603171527385711669921875">
        <ele>21</ele>
        <time>2026-03-15T14:52:23.000Z</time>
        <extensions>
          <ns3:TrackPointExtension>
            <ns3:hr>162</ns3:hr>
            <ns3:cad>80</ns3:cad>
          </ns3:TrackPointExtension>
        </extensions>
      </trkpt>
      <trkpt lat="40.753989703953266143798828125" lon="-73.982151187956333160400390625">
        <ele>21</ele>
        <time>2026-03-15T14:52:31.000Z</time>
        <extensions>
          <ns3:TrackPointExtension>
            <ns3:hr>159</ns3:hr>
            <ns3:cad>80</ns3:cad>
          </ns3:TrackPointExtension>
        </extensions>
      </trkpt>
      <trkpt lat="40.754120461642742156982421875" lon="-73.982247076928615570068359375">
        <ele>21</ele>
        <time>2026-03-15T14:52:37.000Z</time>
        <extensions>
          <ns3:TrackPointExtension>
            <ns3:hr>162</ns3:hr>
            <ns3:cad>79</ns3:cad>
          </ns3:TrackPointExtension>
        </extensions>
      </trkpt>
      <trkpt lat="40.75414435006678104400634765625" lon="-73.982527367770671844482421875">
        <ele>21</ele>
        <time>2026-03-15T14:52:46.000Z</time>
        <extensions>
          <ns3:TrackPointExtension>
            <ns3:hr>161</ns3:hr>
            <ns3:cad>80</ns3:cad>
          </ns3:TrackPointExtension>
        </extensions>
      </trkpt>
      <trkpt lat="40.7542383112013339996337890625" lon="-73.98273984901607036590576171875">
        <ele>21</ele>
        <time>2026-03-15T14:52:56.000Z</time>
        <extensions>
          <ns3:TrackPointExtension>
            <ns3:hr>163</ns3:hr>
            <ns3:cad>80</ns3:cad>
          </ns3:TrackPointExtension>
        </extensions>
      </trkpt>
      <trkpt lat="40.75421978719532489776611328125" lon="-73.98311770521104335784912109375">
        <ele>20</ele>
        <time>2026-03-15T14:53:07.000Z</time>
        <extensions>
          <ns3:TrackPointExtension>
            <ns3:hr>163</ns3:hr>
            <ns3:cad>81</ns3:cad>
          </ns3:TrackPointExtension>
        </extensions>
      </trkpt>
      <trkpt lat="40.753973610699176788330078125" lon="-73.98365699686110019683837890625">
        <ele>20</ele>
        <time>2026-03-15T14:53:14.000Z</time>
        <extensions>
          <ns3:TrackPointExtension>
            <ns3:hr>162</ns3:hr>
            <ns3:cad>79</ns3:cad>
          </ns3:TrackPointExtension>
        </extensions>
      </trkpt>
      <trkpt lat="40.75401158072054386138916015625" lon="-73.98375540040433406829833984375">
        <ele>20</ele>
        <time>2026-03-15T14:53:18.000Z</time>
        <extensions>
          <ns3:TrackPointExtension>
            <ns3:hr>159</ns3:hr>
            <ns3:cad>77</ns3:cad>
          </ns3:TrackPointExtension>
        </extensions>
      </trkpt>
      <trkpt lat="40.75416781939566135406494140625" lon="-73.98397416807711124420166015625">
        <ele>20</ele>
        <time>2026-03-15T14:53:25.000Z</time>
        <extensions>
          <ns3:TrackPointExtension>
            <ns3:hr>157</ns3:hr>
            <ns3:cad>81</ns3:cad>
          </ns3:TrackPointExtension>
        </extensions>
      </trkpt>
      <trkpt lat="40.75438432395458221435546875" lon="-73.98398892022669315338134765625">
        <ele>20</ele>
        <time>2026-03-15T14:53:34.000Z</time>
        <extensions>
          <ns3:TrackPointExtension>
            <ns3:hr>158</ns3:hr>
            <ns3:cad>81</ns3:cad>
          </ns3:TrackPointExtension>
        </extensions>
      </trkpt>
      <trkpt lat="40.75450980104506015777587890625" lon="-73.984329812228679656982421875">
        <ele>19</ele>
        <time>2026-03-15T14:53:51.000Z</time>
        <extensions>
          <ns3:TrackPointExtension>
            <ns3:hr>163</ns3:hr>
            <ns3:cad>82</ns3:cad>
          </ns3:TrackPointExtension>
        </extensions>
      </trkpt>
      <trkpt lat="40.75453762896358966827392578125" lon="-73.9843356795608997344970703125">
        <ele>19</ele>
        <time>2026-03-15T14:53:52.000Z</time>
        <extensions>
          <ns3:TrackPointExtension>
            <ns3:hr>168</ns3:hr>
            <ns3:cad>82</ns3:cad>
          </ns3:TrackPointExtension>
        </extensions>
      </trkpt>
      <trkpt lat="40.7546305842697620391845703125" lon="-73.98433609865605831146240234375">
        <ele>19</ele>
        <time>2026-03-15T14:53:55.000Z</time>
        <extensions>
          <ns3:TrackPointExtension>
            <ns3:hr>171</ns3:hr>
            <ns3:cad>84</ns3:cad>
          </ns3:TrackPointExtension>
        </extensions>
      </trkpt>
      <trkpt lat="40.75465749017894268035888671875" lon="-73.9843450672924518585205078125">
        <ele>19</ele>
        <time>2026-03-15T14:53:56.000Z</time>
        <extensions>
          <ns3:TrackPointExtension>
            <ns3:hr>176</ns3:hr>
            <ns3:cad>84</ns3:cad>
          </ns3:TrackPointExtension>
        </extensions>
      </trkpt>
      <trkpt lat="40.7546916045248508453369140625" lon="-73.98437507450580596923828125">
        <ele>19</ele>
        <time>2026-03-15T14:53:58.000Z</time>
        <extensions>
          <ns3:TrackPointExtension>
            <ns3:hr>172</ns3:hr>
            <ns3:cad>85</ns3:cad>
          </ns3:TrackPointExtension>
        </extensions>
      </trkpt>
      <trkpt lat="40.75474399141967296600341796875" lon="-73.98443316109478473663330078125">
        <ele>19</ele>
        <time>2026-03-15T14:54:01.000Z</time>
        <extensions>
          <ns3:TrackPointExtension>
            <ns3:hr>169</ns3:hr>
            <ns3:cad>84</ns3:cad>
          </ns3:TrackPointExtension>
        </extensions>
      </trkpt>
      <trkpt lat="40.7547640241682529449462890625" lon="-73.98444891907274723052978515625">
        <ele>19</ele>
        <time>2026-03-15T14:54:02.000Z</time>
        <extensions>
          <ns3:TrackPointExtension>
            <ns3:hr>172</ns3:hr>
            <ns3:cad>84</ns3:cad>
          </ns3:TrackPointExtension>
        </extensions>
      </trkpt>
      <trkpt lat="40.75486971996724605560302734375" lon="-73.98464304395020008087158203125">
        <ele>19</ele>
        <time>2026-03-15T14:54:10.000Z</time>
        <extensions>
          <ns3:TrackPointExtension>
            <ns3:hr>170</ns3:hr>
            <ns3:cad>81</ns3:cad>
          </ns3:TrackPointExtension>
        </extensions>
      </trkpt>
      <trkpt lat="40.75497952289879322052001953125" lon="-73.98483909666538238525390625">
        <ele>19</ele>
        <time>2026-03-15T14:54:19.000Z</time>
        <extensions>
          <ns3:TrackPointExtension>
            <ns3:hr>171</ns3:hr>
            <ns3:cad>81</ns3:cad>
          </ns3:TrackPointExtension>
        </extensions>
      </trkpt>
      <trkpt lat="40.75506300665438175201416015625" lon="-73.98494965396821498870849609375">
        <ele>19</ele>
        <time>2026-03-15T14:54:24.000Z</time>
        <extensions>
          <ns3:TrackPointExtension>
            <ns3:hr>168</ns3:hr>
            <ns3:cad>80</ns3:cad>
          </ns3:TrackPointExtension>
        </extensions>
      </trkpt>
      <trkpt lat="40.755068957805633544921875" lon="-73.98514394648373126983642578125">
        <ele>18.799999237060546875</ele>
        <time>2026-03-15T14:54:29.000Z</time>
        <extensions>
          <ns3:TrackPointExtension>
            <ns3:hr>172</ns3:hr>
            <ns3:cad>80</ns3:cad>
          </ns3:TrackPointExtension>
        </extensions>
      </trkpt>
      <trkpt lat="40.75509904883801937103271484375" lon="-73.9851674996316432952880859375">
        <ele>18.6000003814697265625</ele>
        <time>2026-03-15T14:54:31.000Z</time>
        <extensions>
          <ns3:TrackPointExtension>
            <ns3:hr>175</ns3:hr>
            <ns3:cad>81</ns3:cad>
          </ns3:TrackPointExtension>
        </extensions>
      </trkpt>
      <trkpt lat="40.7551239430904388427734375" lon="-73.98526079021394252777099609375">
        <ele>18</ele>
        <time>2026-03-15T14:54:34.000Z</time>
        <extensions>
          <ns3:TrackPointExtension>
            <ns3:hr>172</ns3:hr>
            <ns3:cad>82</ns3:cad>
          </ns3:TrackPointExtension>
        </extensions>
      </trkpt>
      <trkpt lat="40.755128301680088043212890625" lon="-73.9852875284850597381591796875">
        <ele>18</ele>
        <time>2026-03-15T14:54:35.000Z</time>
        <extensions>
          <ns3:TrackPointExtension>
            <ns3:hr>171</ns3:hr>
            <ns3:cad>82</ns3:cad>
          </ns3:TrackPointExtension>
        </extensions>
      </trkpt>
      <trkpt lat="40.755074657499790191650390625" lon="-73.98576152510941028594970703125">
        <ele>18</ele>
        <time>2026-03-15T14:54:48.000Z</time>
        <extensions>
          <ns3:TrackPointExtension>
            <ns3:hr>171</ns3:hr>
            <ns3:cad>80</ns3:cad>
          </ns3:TrackPointExtension>
        </extensions>
      </trkpt>
      <trkpt lat="40.7551361806690692901611328125" lon="-73.9858521334826946258544921875">
        <ele>18</ele>
        <time>2026-03-15T14:54:56.000Z</time>
        <extensions>
          <ns3:TrackPointExtension>
            <ns3:hr>168</ns3:hr>
            <ns3:cad>82</ns3:cad>
          </ns3:TrackPointExtension>
        </extensions>
      </trkpt>
      <trkpt lat="40.75533491559326648712158203125" lon="-73.985881805419921875">
        <ele>18</ele>
        <time>2026-03-15T14:55:05.000Z</time>
        <extensions>
          <ns3:TrackPointExtension>
            <ns3:hr>169</ns3:hr>
            <ns3:cad>80</ns3:cad>
          </ns3:TrackPointExtension>
        </extensions>
      </trkpt>
      <trkpt lat="40.7552411220967769622802734375" lon="-73.98599772714078426361083984375">
        <ele>18</ele>
        <time>2026-03-15T14:55:15.000Z</time>
        <extensions>
          <ns3:TrackPointExtension>
            <ns3:hr>171</ns3:hr>
            <ns3:cad>83</ns3:cad>
          </ns3:TrackPointExtension>
        </extensions>
      </trkpt>
      <trkpt lat="40.7558355666697025299072265625" lon="-73.9862309955060482025146484375">
        <ele>17</ele>
        <time>2026-03-15T14:55:18.000Z</time>
        <extensions>
          <ns3:TrackPointExtension>
            <ns3:hr>171</ns3:hr>
            <ns3:cad>82</ns3:cad>
          </ns3:TrackPointExtension>
        </extensions>
      </trkpt>
      <trkpt lat="40.75586347840726375579833984375" lon="-73.9864009805023670196533203125">
        <ele>17</ele>
        <time>2026-03-15T14:55:23.000Z</time>
        <extensions>
          <ns3:TrackPointExtension>
            <ns3:hr>168</ns3:hr>
            <ns3:cad>82</ns3:cad>
          </ns3:TrackPointExtension>
        </extensions>
      </trkpt>
      <trkpt lat="40.75587169267237186431884765625" lon="-73.98646811954677104949951171875">
        <ele>17</ele>
        <time>2026-03-15T14:55:25.000Z</time>
        <extensions>
          <ns3:TrackPointExtension>
            <ns3:hr>164</ns3:hr>
            <ns3:cad>82</ns3:cad>
          </ns3:TrackPointExtension>
        </extensions>
      </trkpt>
      <trkpt lat="40.7558573596179485321044921875" lon="-73.98657004348933696746826171875">
        <ele>17</ele>
        <time>2026-03-15T14:55:30.000Z</time>
        <extensions>
          <ns3:TrackPointExtension>
            <ns3:hr>165</ns3:hr>
            <ns3:cad>82</ns3:cad>
          </ns3:TrackPointExtension>
        </extensions>
      </trkpt>
      <trkpt lat="40.7557971775531768798828125" lon="-73.9866819418966770172119140625">
        <ele>17</ele>
        <time>2026-03-15T14:55:36.000Z</time>
        <extensions>
          <ns3:TrackPointExtension>
            <ns3:hr>167</ns3:hr>
            <ns3:cad>83</ns3:cad>
          </ns3:TrackPointExtension>
        </extensions>
      </trkpt>
      <trkpt lat="40.75586716644465923309326171875" lon="-73.986915461719036102294921875">
        <ele>16.3999996185302734375</ele>
        <time>2026-03-15T14:55:52.000Z</time>
        <extensions>
          <ns3:TrackPointExtension>
            <ns3:hr>167</ns3:hr>
            <ns3:cad>82</ns3:cad>
          </ns3:TrackPointExtension>
        </extensions>
      </trkpt>
      <trkpt lat="40.755900777876377105712890625" lon="-73.98693817667663097381591796875">
        <ele>16.200000762939453125</ele>
        <time>2026-03-15T14:55:54.000Z</time>
        <extensions>
          <ns3:TrackPointExtension>
            <ns3:hr>166</ns3:hr>
            <ns3:cad>83</ns3:cad>
          </ns3:TrackPointExtension>
        </extensions>
      </trkpt>
      <trkpt lat="40.7560967467725276947021484375" lon="-73.98703180253505706787109375">
        <ele>16</ele>
        <time>2026-03-15T14:56:01.000Z</time>
        <extensions>
          <ns3:TrackPointExtension>
            <ns3:hr>163</ns3:hr>
            <ns3:cad>83</ns3:cad>
          </ns3:TrackPointExtension>
        </extensions>
      </trkpt>
      <trkpt lat="40.75613622553646564483642578125" lon="-73.9871204830706119537353515625">
        <ele>16</ele>
        <time>2026-03-15T14:56:12.000Z</time>
        <extensions>
          <ns3:TrackPointExtension>
            <ns3:hr>166</ns3:hr>
            <ns3:cad>0</ns3:cad>
          </ns3:TrackPointExtension>
        </extensions>
      </trkpt>
      <trkpt lat="40.75616061687469482421875" lon="-73.98715476505458354949951171875">
        <ele>16</ele>
        <time>2026-03-15T14:56:16.000Z</time>
        <extensions>
          <ns3:TrackPointExtension>
            <ns3:hr>169</ns3:hr>
            <ns3:cad>60</ns3:cad>
          </ns3:TrackPointExtension>
        </extensions>
      </trkpt>
      <trkpt lat="40.75623798184096813201904296875" lon="-73.9869411103427410125732421875">
        <ele>16</ele>
        <time>2026-03-15T14:56:24.000Z</time>
        <extensions>
          <ns3:TrackPointExtension>
            <ns3:hr>169</ns3:hr>
            <ns3:cad>60</ns3:cad>
          </ns3:TrackPointExtension>
        </extensions>
      </trkpt>
      <trkpt lat="40.756307132542133331298828125" lon="-73.98690230213105678558349609375">
        <ele>16</ele>
        <time>2026-03-15T14:56:27.000Z</time>
        <extensions>
          <ns3:TrackPointExtension>
            <ns3:hr>170</ns3:hr>
            <ns3:cad>83</ns3:cad>
          </ns3:TrackPointExtension>
        </extensions>
      </trkpt>
      <trkpt lat="40.75647837482392787933349609375" lon="-73.98675058968365192413330078125">
        <ele>16</ele>
        <time>2026-03-15T14:56:32.000Z</time>
        <extensions>
          <ns3:TrackPointExtension>
            <ns3:hr>169</ns3:hr>
            <ns3:cad>81</ns3:cad>
          </ns3:TrackPointExtension>
        </extensions>
      </trkpt>
      <trkpt lat="40.75660343281924724578857421875" lon="-73.98648186586797237396240234375">
        <ele>16</ele>
        <time>2026-03-15T14:56:38.000Z</time>
        <extensions>
          <ns3:TrackPointExtension>
            <ns3:hr>168</ns3:hr>
            <ns3:cad>84</ns3:cad>
          </ns3:TrackPointExtension>
        </extensions>
      </trkpt>
      <trkpt lat="40.75674869120121002197265625" lon="-73.98639100603759288787841796875">
        <ele>16</ele>
        <time>2026-03-15T14:56:44.000Z</time>
        <extensions>
          <ns3:TrackPointExtension>
            <ns3:hr>169</ns3:hr>
            <ns3:cad>84</ns3:cad>
          </ns3:TrackPointExtension>
        </extensions>
      </trkpt>
      <trkpt lat="40.75693166814744472503662109375" lon="-73.98647096939384937286376953125">
        <ele>15.6000003814697265625</ele>
        <time>2026-03-15T14:56:49.000Z</time>
        <extensions>
          <ns3:TrackPointExtension>
            <ns3:hr>166</ns3:hr>
            <ns3:cad>79</ns3:cad>
          </ns3:TrackPointExtension>
        </extensions>
      </trkpt>
      <trkpt lat="40.7570110447704792022705078125" lon="-73.9864140562713146209716796875">
        <ele>15.19999980926513671875</ele>
        <time>2026-03-15T14:56:54.000Z</time>
        <extensions>
          <ns3:TrackPointExtension>
            <ns3:hr>163</ns3:hr>
            <ns3:cad>78</ns3:cad>
          </ns3:TrackPointExtension>
        </extensions>
      </trkpt>
      <trkpt lat="40.75706460513174533843994140625" lon="-73.98638111539185047149658203125">
        <ele>15</ele>
        <time>2026-03-15T14:56:59.000Z</time>
        <extensions>
          <ns3:TrackPointExtension>
            <ns3:hr>168</ns3:hr>
            <ns3:cad>78</ns3:cad>
          </ns3:TrackPointExtension>
        </extensions>
      </trkpt>
      <trkpt lat="40.75707131065428256988525390625" lon="-73.9863895811140537261962890625">
        <ele>15</ele>
        <time>2026-03-15T14:57:00.000Z</time>
        <extensions>
          <ns3:TrackPointExtension>
            <ns3:hr>171</ns3:hr>
            <ns3:cad>79</ns3:cad>
          </ns3:TrackPointExtension>
        </extensions>
      </trkpt>
      <trkpt lat="40.7570747472345829010009765625" lon="-73.98639435879886150360107421875">
        <ele>15</ele>
        <time>2026-03-15T14:57:02.000Z</time>
        <extensions>
          <ns3:TrackPointExtension>
            <ns3:hr>171</ns3:hr>
            <ns3:cad>80</ns3:cad>
          </ns3:TrackPointExtension>
        </extensions>
      </trkpt>
      <trkpt lat="40.75716711580753326416015625" lon="-73.9863905869424343109130859375">
        <ele>15</ele>
        <time>2026-03-15T14:57:10.000Z</time>
        <extensions>
          <ns3:TrackPointExtension>
            <ns3:hr>168</ns3:hr>
            <ns3:cad>81</ns3:cad>
          </ns3:TrackPointExtension>
        </extensions>
      </trkpt>
      <trkpt lat="40.7571060955524444580078125" lon="-73.98632244206964969635009765625">
        <ele>15</ele>
        <time>2026-03-15T14:57:11.000Z</time>
        <extensions>
          <ns3:TrackPointExtension>
            <ns3:hr>168</ns3:hr>
            <ns3:cad>81</ns3:cad>
          </ns3:TrackPointExtension>
        </extensions>
      </trkpt>
      <trkpt lat="40.7570653595030307769775390625" lon="-73.98619017563760280609130859375">
        <ele>15</ele>
        <time>2026-03-15T14:57:16.000Z</time>
        <extensions>
          <ns3:TrackPointExtension>
            <ns3:hr>165</ns3:hr>
            <ns3:cad>80</ns3:cad>
          </ns3:TrackPointExtension>
        </extensions>
      </trkpt>
      <trkpt lat="40.75703828595578670501708984375" lon="-73.98611037991940975189208984375">
        <ele>15.19999980926513671875</ele>
        <time>2026-03-15T14:57:18.000Z</time>
        <extensions>
          <ns3:TrackPointExtension>
            <ns3:hr>169</ns3:hr>
            <ns3:cad>81</ns3:cad>
          </ns3:TrackPointExtension>
        </extensions>
      </trkpt>
      <trkpt lat="40.7570408843457698822021484375" lon="-73.98608657531440258026123046875">
        <ele>15.19999980926513671875</ele>
        <time>2026-03-15T14:57:19.000Z</time>
        <extensions>
          <ns3:TrackPointExtension>
            <ns3:hr>174</ns3:hr>
            <ns3:cad>82</ns3:cad>
          </ns3:TrackPointExtension>
        </extensions>
      </trkpt>
      <trkpt lat="40.7570090331137180328369140625" lon="-73.9860388822853565216064453125">
        <ele>15.19999980926513671875</ele>
        <time>2026-03-15T14:57:21.000Z</time>
        <extensions>
          <ns3:TrackPointExtension>
            <ns3:hr>177</ns3:hr>
            <ns3:cad>82</ns3:cad>
          </ns3:TrackPointExtension>
        </extensions>
      </trkpt>
      <trkpt lat="40.7573607377707958221435546875" lon="-73.9862195961177349090576171875">
        <ele>15</ele>
        <time>2026-03-15T14:57:26.000Z</time>
        <extensions>
          <ns3:TrackPointExtension>
            <ns3:hr>176</ns3:hr>
            <ns3:cad>81</ns3:cad>
          </ns3:TrackPointExtension>
        </extensions>
      </trkpt>
      <trkpt lat="40.757552683353424072265625" lon="-73.98619495332241058349609375">
        <ele>15</ele>
        <time>2026-03-15T14:57:32.000Z</time>
        <extensions>
          <ns3:TrackPointExtension>
            <ns3:hr>175</ns3:hr>
            <ns3:cad>85</ns3:cad>
          </ns3:TrackPointExtension>
        </extensions>
      </trkpt>
      <trkpt lat="40.75769358314573764801025390625" lon="-73.9860184304416179656982421875">
        <ele>15</ele>
        <time>2026-03-15T14:57:39.000Z</time>
        <extensions>
          <ns3:TrackPointExtension>
            <ns3:hr>176</ns3:hr>
            <ns3:cad>85</ns3:cad>
          </ns3:TrackPointExtension>
        </extensions>
      </trkpt>
      <trkpt lat="40.75759517960250377655029296875" lon="-73.9856204576790332794189453125">
        <ele>15</ele>
        <time>2026-03-15T14:57:49.000Z</time>
        <extensions>
          <ns3:TrackPointExtension>
            <ns3:hr>173</ns3:hr>
            <ns3:cad>84</ns3:cad>
          </ns3:TrackPointExtension>
        </extensions>
      </trkpt>
      <trkpt lat="40.757635496556758880615234375" lon="-73.98534695617854595184326171875">
        <ele>15</ele>
        <time>2026-03-15T14:57:55.000Z</time>
        <extensions>
          <ns3:TrackPointExtension>
            <ns3:hr>173</ns3:hr>
            <ns3:cad>84</ns3:cad>
          </ns3:TrackPointExtension>
        </extensions>
      </trkpt>
      <trkpt lat="40.7579702697694301605224609375" lon="-73.9856087230145931243896484375">
        <ele>15</ele>
        <time>2026-03-15T14:58:02.000Z</time>
        <extensions>
          <ns3:TrackPointExtension>
            <ns3:hr>173</ns3:hr>
            <ns3:cad>84</ns3:cad>
          </ns3:TrackPointExtension>
        </extensions>
      </trkpt>
      <trkpt lat="40.75805065222084522247314453125" lon="-73.9857324399054050445556640625">
        <ele>15</ele>
        <time>2026-03-15T14:58:10.000Z</time>
        <extensions>
          <ns3:TrackPointExtension>
            <ns3:hr>172</ns3:hr>
            <ns3:cad>83</ns3:cad>
          </ns3:TrackPointExtension>
        </extensions>
      </trkpt>
      <trkpt lat="40.75810723006725311279296875" lon="-73.98573755286633968353271484375">
        <ele>15</ele>
        <time>2026-03-15T14:58:16.000Z</time>
        <extensions>
          <ns3:TrackPointExtension>
            <ns3:hr>169</ns3:hr>
            <ns3:cad>83</ns3:cad>
          </ns3:TrackPointExtension>
        </extensions>
      </trkpt>
      <trkpt lat="40.75818275101482868194580078125" lon="-73.98574777878820896148681640625">
        <ele>15</ele>
        <time>2026-03-15T14:58:22.000Z</time>
        <extensions>
          <ns3:TrackPointExtension>
            <ns3:hr>166</ns3:hr>
            <ns3:cad>82</ns3:cad>
          </ns3:TrackPointExtension>
        </extensions>
      </trkpt>
      <trkpt lat="40.758185684680938720703125" lon="-73.9854162745177745819091796875">
        <ele>15</ele>
        <time>2026-03-15T14:58:29.000Z</time>
        <extensions>
          <ns3:TrackPointExtension>
            <ns3:hr>169</ns3:hr>
            <ns3:cad>83</ns3:cad>
          </ns3:TrackPointExtension>
        </extensions>
      </trkpt>
      <trkpt lat="40.75830395333468914031982421875" lon="-73.985145203769207000732421875">
        <ele>15</ele>
        <time>2026-03-15T14:58:34.000Z</time>
        <extensions>
          <ns3:TrackPointExtension>
            <ns3:hr>170</ns3:hr>
            <ns3:cad>85</ns3:cad>
          </ns3:TrackPointExtension>
        </extensions>
      </trkpt>
      <trkpt lat="40.75851869769394397735595703125" lon="-73.9853037893772125244140625">
        <ele>15</ele>
        <time>2026-03-15T14:58:42.000Z</time>
        <extensions>
          <ns3:TrackPointExtension>
            <ns3:hr>167</ns3:hr>
            <ns3:cad>82</ns3:cad>
          </ns3:TrackPointExtension>
        </extensions>
      </trkpt>
      <trkpt lat="40.7584466971457004547119140625" lon="-73.9854969084262847900390625">
        <ele>15</ele>
        <time>2026-03-15T14:58:58.000Z</time>
        <extensions>
          <ns3:TrackPointExtension>
            <ns3:hr>168</ns3:hr>
            <ns3:cad>81</ns3:cad>
          </ns3:TrackPointExtension>
        </extensions>
      </trkpt>
      <trkpt lat="40.7587169297039508819580078125" lon="-73.98561014793813228607177734375">
        <ele>14.80000019073486328125</ele>
        <time>2026-03-15T14:59:16.000Z</time>
        <extensions>
          <ns3:TrackPointExtension>
            <ns3:hr>168</ns3:hr>
            <ns3:cad>84</ns3:cad>
          </ns3:TrackPointExtension>
        </extensions>
      </trkpt>
      <trkpt lat="40.758906193077564239501953125" lon="-73.98552532307803630828857421875">
        <ele>15</ele>
        <time>2026-03-15T14:59:24.000Z</time>
        <extensions>
          <ns3:TrackPointExtension>
            <ns3:hr>165</ns3:hr>
            <ns3:cad>83</ns3:cad>
          </ns3:TrackPointExtension>
        </extensions>
      </trkpt>
      <trkpt lat="40.75910794548690319061279296875" lon="-73.98520764894783496856689453125">
        <ele>15</ele>
        <time>2026-03-15T14:59:33.000Z</time>
        <extensions>
          <ns3:TrackPointExtension>
            <ns3:hr>165</ns3:hr>
            <ns3:cad>83</ns3:cad>
          </ns3:TrackPointExtension>
        </extensions>
      </trkpt>
      <trkpt lat="40.75924322940409183502197265625" lon="-73.9850126020610332489013671875">
        <ele>15</ele>
        <time>2026-03-15T14:59:35.000Z</time>
        <extensions>
          <ns3:TrackPointExtension>
            <ns3:hr>166</ns3:hr>
            <ns3:cad>84</ns3:cad>
          </ns3:TrackPointExtension>
        </extensions>
      </trkpt>
      <trkpt lat="40.75932051055133342742919921875" lon="-73.98475267924368381500244140625">
        <ele>15</ele>
        <time>2026-03-15T14:59:40.000Z</time>
        <extensions>
          <ns3:TrackPointExtension>
            <ns3:hr>167</ns3:hr>
            <ns3:cad>83</ns3:cad>
          </ns3:TrackPointExtension>
        </extensions>
      </trkpt>
      <trkpt lat="40.7592986337840557098388671875" lon="-73.9846377633512020111083984375">
        <ele>15</ele>
        <time>2026-03-15T14:59:41.000Z</time>
        <extensions>
          <ns3:TrackPointExtension>
            <ns3:hr>167</ns3:hr>
            <ns3:cad>83</ns3:cad>
          </ns3:TrackPointExtension>
        </extensions>
      </trkpt>
      <trkpt lat="40.759317241609096527099609375" lon="-73.9844164811074733734130859375">
        <ele>15</ele>
        <time>2026-03-15T14:59:51.000Z</time>
        <extensions>
          <ns3:TrackPointExtension>
            <ns3:hr>168</ns3:hr>
            <ns3:cad>83</ns3:cad>
          </ns3:TrackPointExtension>
        </extensions>
      </trkpt>
      <trkpt lat="40.75957699678838253021240234375" lon="-73.984581269323825836181640625">
        <ele>15</ele>
        <time>2026-03-15T14:59:57.000Z</time>
        <extensions>
          <ns3:TrackPointExtension>
            <ns3:hr>167</ns3:hr>
            <ns3:cad>81</ns3:cad>
          </ns3:TrackPointExtension>
        </extensions>
      </trkpt>
      <trkpt lat="40.75980884023010730743408203125" lon="-73.98472015745937824249267578125">
        <ele>15.80000019073486328125</ele>
        <time>2026-03-15T15:00:00.000Z</time>
        <extensions>
          <ns3:TrackPointExtension>
            <ns3:hr>166</ns3:hr>
            <ns3:cad>80</ns3:cad>
          </ns3:TrackPointExtension>
        </extensions>
      </trkpt>
      <trkpt lat="40.76001436449587345123291015625" lon="-73.9846605621278285980224609375">
        <ele>16</ele>
        <time>2026-03-15T15:00:05.000Z</time>
        <extensions>
          <ns3:TrackPointExtension>
            <ns3:hr>168</ns3:hr>
            <ns3:cad>83</ns3:cad>
          </ns3:TrackPointExtension>
        </extensions>
      </trkpt>
      <trkpt lat="40.760194323956966400146484375" lon="-73.984516896307468414306640625">
        <ele>16.200000762939453125</ele>
        <time>2026-03-15T15:00:10.000Z</time>
        <extensions>
          <ns3:TrackPointExtension>
            <ns3:hr>168</ns3:hr>
            <ns3:cad>84</ns3:cad>
          </ns3:TrackPointExtension>
        </extensions>
      </trkpt>
      <trkpt lat="40.7603086531162261962890625" lon="-73.984318412840366363525390625">
        <ele>16.6000003814697265625</ele>
        <time>2026-03-15T15:00:20.000Z</time>
        <extensions>
          <ns3:TrackPointExtension>
            <ns3:hr>168</ns3:hr>
            <ns3:cad>0</ns3:cad>
          </ns3:TrackPointExtension>
        </extensions>
      </trkpt>
      <trkpt lat="40.760241262614727020263671875" lon="-73.984245322644710540771484375">
        <ele>16.3999996185302734375</ele>
        <time>2026-03-15T15:00:29.000Z</time>
        <extensions>
          <ns3:TrackPointExtension>
            <ns3:hr>171</ns3:hr>
            <ns3:cad>59</ns3:cad>
          </ns3:TrackPointExtension>
        </extensions>
      </trkpt>
      <trkpt lat="40.76019390486180782318115234375" lon="-73.984152115881443023681640625">
        <ele>16.200000762939453125</ele>
        <time>2026-03-15T15:00:36.000Z</time>
        <extensions>
          <ns3:TrackPointExtension>
            <ns3:hr>170</ns3:hr>
            <ns3:cad>62</ns3:cad>
          </ns3:TrackPointExtension>
        </extensions>
      </trkpt>
      <trkpt lat="40.76022927649319171905517578125" lon="-73.9841542951762676239013671875">
        <ele>16.3999996185302734375</ele>
        <time>2026-03-15T15:00:40.000Z</time>
        <extensions>
          <ns3:TrackPointExtension>
            <ns3:hr>167</ns3:hr>
            <ns3:cad>62</ns3:cad>
          </ns3:TrackPointExtension>
        </extensions>
      </trkpt>
      <trkpt lat="40.76044804416596889495849609375" lon="-73.9843544550240039825439453125">
        <ele>17</ele>
        <time>2026-03-15T15:00:45.000Z</time>
        <extensions>
          <ns3:TrackPointExtension>
            <ns3:hr>162</ns3:hr>
            <ns3:cad>64</ns3:cad>
          </ns3:TrackPointExtension>
        </extensions>
      </trkpt>
      <trkpt lat="40.76051987707614898681640625" lon="-73.98464622907340526580810546875">
        <ele>16.3999996185302734375</ele>
        <time>2026-03-15T15:00:52.000Z</time>
        <extensions>
          <ns3:TrackPointExtension>
            <ns3:hr>163</ns3:hr>
            <ns3:cad>61</ns3:cad>
          </ns3:TrackPointExtension>
        </extensions>
      </trkpt>
      <trkpt lat="40.76047067530453205108642578125" lon="-73.98472778499126434326171875">
        <ele>16.200000762939453125</ele>
        <time>2026-03-15T15:01:00.000Z</time>
        <extensions>
          <ns3:TrackPointExtension>
            <ns3:hr>160</ns3:hr>
            <ns3:cad>63</ns3:cad>
          </ns3:TrackPointExtension>
        </extensions>
      </trkpt>
      <trkpt lat="40.7604077272117137908935546875" lon="-73.984030745923519134521484375">
        <ele>17</ele>
        <time>2026-03-15T15:01:12.000Z</time>
        <extensions>
          <ns3:TrackPointExtension>
            <ns3:hr>158</ns3:hr>
            <ns3:cad>64</ns3:cad>
          </ns3:TrackPointExtension>
        </extensions>
      </trkpt>
      <trkpt lat="40.7604865171015262603759765625" lon="-73.98370443843305110931396484375">
        <ele>17</ele>
        <time>2026-03-15T15:01:14.000Z</time>
        <extensions>
          <ns3:TrackPointExtension>
            <ns3:hr>158</ns3:hr>
            <ns3:cad>62</ns3:cad>
          </ns3:TrackPointExtension>
        </extensions>
      </trkpt>
      <trkpt lat="40.76057578437030315399169921875" lon="-73.98346371017396450042724609375">
        <ele>17</ele>
        <time>2026-03-15T15:01:19.000Z</time>
        <extensions>
          <ns3:TrackPointExtension>
            <ns3:hr>154</ns3:hr>
            <ns3:cad>62</ns3:cad>
          </ns3:TrackPointExtension>
        </extensions>
      </trkpt>
      <trkpt lat="40.760783068835735321044921875" lon="-73.98356244899332523345947265625">
        <ele>17</ele>
        <time>2026-03-15T15:01:24.000Z</time>
        <extensions>
          <ns3:TrackPointExtension>
            <ns3:hr>155</ns3:hr>
            <ns3:cad>83</ns3:cad>
          </ns3:TrackPointExtension>
        </extensions>
      </trkpt>
      <trkpt lat="40.760996639728546142578125" lon="-73.98353755474090576171875">
        <ele>17</ele>
        <time>2026-03-15T15:01:28.000Z</time>
        <extensions>
          <ns3:TrackPointExtension>
            <ns3:hr>154</ns3:hr>
            <ns3:cad>84</ns3:cad>
          </ns3:TrackPointExtension>
        </extensions>
      </trkpt>
      <trkpt lat="40.761121027171611785888671875" lon="-73.98357770405709743499755859375">
        <ele>17.6000003814697265625</ele>
        <time>2026-03-15T15:01:30.000Z</time>
        <extensions>
          <ns3:TrackPointExtension>
            <ns3:hr>157</ns3:hr>
            <ns3:cad>84</ns3:cad>
          </ns3:TrackPointExtension>
        </extensions>
      </trkpt>
      <trkpt lat="40.76116151176393032073974609375" lon="-73.9835630357265472412109375">
        <ele>17.6000003814697265625</ele>
        <time>2026-03-15T15:01:32.000Z</time>
        <extensions>
          <ns3:TrackPointExtension>
            <ns3:hr>161</ns3:hr>
            <ns3:cad>84</ns3:cad>
          </ns3:TrackPointExtension>
        </extensions>
      </trkpt>
      <trkpt lat="40.7612328417599201202392578125" lon="-73.98359010927379131317138671875">
        <ele>18</ele>
        <time>2026-03-15T15:01:36.000Z</time>
        <extensions>
          <ns3:TrackPointExtension>
            <ns3:hr>164</ns3:hr>
            <ns3:cad>84</ns3:cad>
          </ns3:TrackPointExtension>
        </extensions>
      </trkpt>
      <trkpt lat="40.76141028665006160736083984375" lon="-73.9836111478507518768310546875">
        <ele>18</ele>
        <time>2026-03-15T15:01:45.000Z</time>
        <extensions>
          <ns3:TrackPointExtension>
            <ns3:hr>169</ns3:hr>
            <ns3:cad>84</ns3:cad>
          </ns3:TrackPointExtension>
        </extensions>
      </trkpt>
      <trkpt lat="40.76143048703670501708984375" lon="-73.983608298003673553466796875">
        <ele>18</ele>
        <time>2026-03-15T15:01:46.000Z</time>
        <extensions>
          <ns3:TrackPointExtension>
            <ns3:hr>176</ns3:hr>
            <ns3:cad>84</ns3:cad>
          </ns3:TrackPointExtension>
        </extensions>
      </trkpt>
      <trkpt lat="40.761454962193965911865234375" lon="-73.98359379731118679046630859375">
        <ele>18</ele>
        <time>2026-03-15T15:01:47.000Z</time>
        <extensions>
          <ns3:TrackPointExtension>
            <ns3:hr>176</ns3:hr>
            <ns3:cad>84</ns3:cad>
          </ns3:TrackPointExtension>
        </extensions>
      </trkpt>
      <trkpt lat="40.761489830911159515380859375" lon="-73.98358239792287349700927734375">
        <ele>18</ele>
        <time>2026-03-15T15:01:49.000Z</time>
        <extensions>
          <ns3:TrackPointExtension>
            <ns3:hr>173</ns3:hr>
            <ns3:cad>83</ns3:cad>
          </ns3:TrackPointExtension>
        </extensions>
      </trkpt>
      <trkpt lat="40.761491842567920684814453125" lon="-73.9835737645626068115234375">
        <ele>18</ele>
        <time>2026-03-15T15:01:50.000Z</time>
        <extensions>
          <ns3:TrackPointExtension>
            <ns3:hr>168</ns3:hr>
            <ns3:cad>83</ns3:cad>
          </ns3:TrackPointExtension>
        </extensions>
      </trkpt>
      <trkpt lat="40.761503241956233978271484375" lon="-73.98356429301202297210693359375">
        <ele>18</ele>
        <time>2026-03-15T15:01:51.000Z</time>
        <extensions>
          <ns3:TrackPointExtension>
            <ns3:hr>163</ns3:hr>
            <ns3:cad>83</ns3:cad>
          </ns3:TrackPointExtension>
        </extensions>
      </trkpt>
      <trkpt lat="40.76166744343936443328857421875" lon="-73.983400762081146240234375">
        <ele>18</ele>
        <time>2026-03-15T15:01:57.000Z</time>
        <extensions>
          <ns3:TrackPointExtension>
            <ns3:hr>164</ns3:hr>
            <ns3:cad>81</ns3:cad>
          </ns3:TrackPointExtension>
        </extensions>
      </trkpt>
      <trkpt lat="40.7619687728583812713623046875" lon="-73.98326774127781391143798828125">
        <ele>18.6000003814697265625</ele>
        <time>2026-03-15T15:02:01.000Z</time>
        <extensions>
          <ns3:TrackPointExtension>
            <ns3:hr>168</ns3:hr>
            <ns3:cad>83</ns3:cad>
          </ns3:TrackPointExtension>
        </extensions>
      </trkpt>
      <trkpt lat="40.76203742064535617828369140625" lon="-73.98322365246713161468505859375">
        <ele>18.799999237060546875</ele>
        <time>2026-03-15T15:02:02.000Z</time>
        <extensions>
          <ns3:TrackPointExtension>
            <ns3:hr>164</ns3:hr>
            <ns3:cad>83</ns3:cad>
          </ns3:TrackPointExtension>
        </extensions>
      </trkpt>
      <trkpt lat="40.7621639035642147064208984375" lon="-73.983242176473140716552734375">
        <ele>19</ele>
        <time>2026-03-15T15:02:04.000Z</time>
        <extensions>
          <ns3:TrackPointExtension>
            <ns3:hr>170</ns3:hr>
            <ns3:cad>82</ns3:cad>
          </ns3:TrackPointExtension>
        </extensions>
      </trkpt>
      <trkpt lat="40.76218695379793643951416015625" lon="-73.9831955730915069580078125">
        <ele>19</ele>
        <time>2026-03-15T15:02:05.000Z</time>
        <extensions>
          <ns3:TrackPointExtension>
            <ns3:hr>174</ns3:hr>
            <ns3:cad>81</ns3:cad>
          </ns3:TrackPointExtension>
        </extensions>
      </trkpt>
      <trkpt lat="40.76224814169108867645263671875" lon="-73.9831223152577877044677734375">
        <ele>19</ele>
        <time>2026-03-15T15:02:06.000Z</time>
        <extensions>
          <ns3:TrackPointExtension>
            <ns3:hr>174</ns3:hr>
            <ns3:cad>81</ns3:cad>
          </ns3:TrackPointExtension>
        </extensions>
      </trkpt>
      <trkpt lat="40.7623640634119510650634765625" lon="-73.98300169967114925384521484375">
        <ele>19</ele>
        <time>2026-03-15T15:02:09.000Z</time>
        <extensions>
          <ns3:TrackPointExtension>
            <ns3:hr>171</ns3:hr>
            <ns3:cad>81</ns3:cad>
          </ns3:TrackPointExtension>
        </extensions>
      </trkpt>
      <trkpt lat="40.76246975921094417572021484375" lon="-73.98290933109819889068603515625">
        <ele>19.3999996185302734375</ele>
        <time>2026-03-15T15:02:14.000Z</time>
        <extensions>
          <ns3:TrackPointExtension>
            <ns3:hr>174</ns3:hr>
            <ns3:cad>81</ns3:cad>
          </ns3:TrackPointExtension>
        </extensions>
      </trkpt>
      <trkpt lat="40.76248300261795520782470703125" lon="-73.9828939922153949737548828125">
        <ele>19.3999996185302734375</ele>
        <time>2026-03-15T15:02:15.000Z</time>
        <extensions>
          <ns3:TrackPointExtension>
            <ns3:hr>171</ns3:hr>
            <ns3:cad>82</ns3:cad>
          </ns3:TrackPointExtension>
        </extensions>
      </trkpt>
      <trkpt lat="40.762331373989582061767578125" lon="-73.98256994783878326416015625">
        <ele>18.799999237060546875</ele>
        <time>2026-03-15T15:02:26.000Z</time>
        <extensions>
          <ns3:TrackPointExtension>
            <ns3:hr>174</ns3:hr>
            <ns3:cad>82</ns3:cad>
          </ns3:TrackPointExtension>
        </extensions>
      </trkpt>
      <trkpt lat="40.76222819276154041290283203125" lon="-73.98236132226884365081787109375">
        <ele>18.3999996185302734375</ele>
        <time>2026-03-15T15:02:35.000Z</time>
        <extensions>
          <ns3:TrackPointExtension>
            <ns3:hr>179</ns3:hr>
            <ns3:cad>84</ns3:cad>
          </ns3:TrackPointExtension>
        </extensions>
      </trkpt>
      <trkpt lat="40.762208662927150726318359375" lon="-73.9823075942695140838623046875">
        <ele>18.6000003814697265625</ele>
        <time>2026-03-15T15:02:38.000Z</time>
        <extensions>
          <ns3:TrackPointExtension>
            <ns3:hr>181</ns3:hr>
            <ns3:cad>83</ns3:cad>
          </ns3:TrackPointExtension>
        </extensions>
      </trkpt>
      <trkpt lat="40.7621571980416774749755859375" lon="-73.98224665783345699310302734375">
        <ele>18.799999237060546875</ele>
        <time>2026-03-15T15:02:41.000Z</time>
        <extensions>
          <ns3:TrackPointExtension>
            <ns3:hr>178</ns3:hr>
            <ns3:cad>81</ns3:cad>
          </ns3:TrackPointExtension>
        </extensions>
      </trkpt>
      <trkpt lat="40.76261543668806552886962890625" lon="-73.98228689096868038177490234375">
        <ele>19.799999237060546875</ele>
        <time>2026-03-15T15:02:52.000Z</time>
        <extensions>
          <ns3:TrackPointExtension>
            <ns3:hr>175</ns3:hr>
            <ns3:cad>82</ns3:cad>
          </ns3:TrackPointExtension>
        </extensions>
      </trkpt>
      <trkpt lat="40.7627120800316333770751953125" lon="-73.982252441346645355224609375">
        <ele>20.200000762939453125</ele>
        <time>2026-03-15T15:02:59.000Z</time>
        <extensions>
          <ns3:TrackPointExtension>
            <ns3:hr>172</ns3:hr>
            <ns3:cad>82</ns3:cad>
          </ns3:TrackPointExtension>
        </extensions>
      </trkpt>
      <trkpt lat="40.76273412443697452545166015625" lon="-73.982249088585376739501953125">
        <ele>20.3999996185302734375</ele>
        <time>2026-03-15T15:03:02.000Z</time>
        <extensions>
          <ns3:TrackPointExtension>
            <ns3:hr>172</ns3:hr>
            <ns3:cad>82</ns3:cad>
          </ns3:TrackPointExtension>
        </extensions>
      </trkpt>
      <trkpt lat="40.7629564963281154632568359375" lon="-73.98225939832627773284912109375">
        <ele>21</ele>
        <time>2026-03-15T15:03:11.000Z</time>
        <extensions>
          <ns3:TrackPointExtension>
            <ns3:hr>165</ns3:hr>
            <ns3:cad>58</ns3:cad>
          </ns3:TrackPointExtension>
        </extensions>
      </trkpt>
      <trkpt lat="40.76296336948871612548828125" lon="-73.98226258344948291778564453125">
        <ele>21</ele>
        <time>2026-03-15T15:03:12.000Z</time>
        <extensions>
          <ns3:TrackPointExtension>
            <ns3:hr>166</ns3:hr>
            <ns3:cad>58</ns3:cad>
          </ns3:TrackPointExtension>
        </extensions>
      </trkpt>
      <trkpt lat="40.76293126679956912994384765625" lon="-73.9822324924170970916748046875">
        <ele>21</ele>
        <time>2026-03-15T15:03:14.000Z</time>
        <extensions>
          <ns3:TrackPointExtension>
            <ns3:hr>163</ns3:hr>
            <ns3:cad>59</ns3:cad>
          </ns3:TrackPointExtension>
        </extensions>
      </trkpt>
      <trkpt lat="40.76299111358821392059326171875" lon="-73.9822489209473133087158203125">
        <ele>21</ele>
        <time>2026-03-15T15:03:20.000Z</time>
        <extensions>
          <ns3:TrackPointExtension>
            <ns3:hr>163</ns3:hr>
            <ns3:cad>59</ns3:cad>
          </ns3:TrackPointExtension>
        </extensions>
      </trkpt>
      <trkpt lat="40.76308901421725749969482421875" lon="-73.9822807721793651580810546875">
        <ele>21</ele>
        <time>2026-03-15T15:03:24.000Z</time>
        <extensions>
          <ns3:TrackPointExtension>
            <ns3:hr>163</ns3:hr>
            <ns3:cad>59</ns3:cad>
          </ns3:TrackPointExtension>
        </extensions>
      </trkpt>
      <trkpt lat="40.7631154172122478485107421875" lon="-73.9822730608284473419189453125">
        <ele>21</ele>
        <time>2026-03-15T15:03:34.000Z</time>
        <extensions>
          <ns3:TrackPointExtension>
            <ns3:hr>160</ns3:hr>
            <ns3:cad>59</ns3:cad>
          </ns3:TrackPointExtension>
        </extensions>
      </trkpt>
      <trkpt lat="40.7631088793277740478515625" lon="-73.98225889541208744049072265625">
        <ele>21</ele>
        <time>2026-03-15T15:03:37.000Z</time>
        <extensions>
          <ns3:TrackPointExtension>
            <ns3:hr>157</ns3:hr>
            <ns3:cad>59</ns3:cad>
          </ns3:TrackPointExtension>
        </extensions>
      </trkpt>
      <trkpt lat="40.76310141943395137786865234375" lon="-73.98225705139338970184326171875">
        <ele>21</ele>
        <time>2026-03-15T15:03:42.000Z</time>
        <extensions>
          <ns3:TrackPointExtension>
            <ns3:hr>154</ns3:hr>
            <ns3:cad>61</ns3:cad>
          </ns3:TrackPointExtension>
        </extensions>
      </trkpt>
      <trkpt lat="40.76308566145598888397216796875" lon="-73.98225185461342334747314453125">
        <ele>21</ele>
        <time>2026-03-15T15:03:47.000Z</time>
        <extensions>
          <ns3:TrackPointExtension>
            <ns3:hr>154</ns3:hr>
            <ns3:cad>57</ns3:cad>
          </ns3:TrackPointExtension>
        </extensions>
      </trkpt>
      <trkpt lat="40.76311080716550350189208984375" lon="-73.98233332671225070953369140625">
        <ele>21</ele>
        <time>2026-03-15T15:04:11.000Z</time>
        <extensions>
          <ns3:TrackPointExtension>
            <ns3:hr>152</ns3:hr>
            <ns3:cad>58</ns3:cad>
          </ns3:TrackPointExtension>
        </extensions>
      </trkpt>
      <trkpt lat="40.76319982297718524932861328125" lon="-73.982485793530941009521484375">
        <ele>21</ele>
        <time>2026-03-15T15:04:20.000Z</time>
        <extensions>
          <ns3:TrackPointExtension>
            <ns3:hr>149</ns3:hr>
            <ns3:cad>57</ns3:cad>
          </ns3:TrackPointExtension>
        </extensions>
      </trkpt>
      <trkpt lat="40.76320166699588298797607421875" lon="-73.98244396783411502838134765625">
        <ele>21</ele>
        <time>2026-03-15T15:04:49.000Z</time>
        <extensions>
          <ns3:TrackPointExtension>
            <ns3:hr>146</ns3:hr>
            <ns3:cad>58</ns3:cad>
          </ns3:TrackPointExtension>
        </extensions>
      </trkpt>
      <trkpt lat="40.763154141604900360107421875" lon="-73.9824634976685047149658203125">
        <ele>21</ele>
        <time>2026-03-15T15:04:56.000Z</time>
        <extensions>
          <ns3:TrackPointExtension>
            <ns3:hr>142</ns3:hr>
            <ns3:cad>58</ns3:cad>
          </ns3:TrackPointExtension>
        </extensions>
      </trkpt>
      <trkpt lat="40.76345278881490230560302734375" lon="-73.982119001448154449462890625">
        <ele>21.3999996185302734375</ele>
        <time>2026-03-15T15:05:01.000Z</time>
        <extensions>
          <ns3:TrackPointExtension>
            <ns3:hr>143</ns3:hr>
            <ns3:cad>59</ns3:cad>
          </ns3:TrackPointExtension>
        </extensions>
      </trkpt>
      <trkpt lat="40.76376937329769134521484375" lon="-73.9817932806909084320068359375">
        <ele>22</ele>
        <time>2026-03-15T15:05:03.000Z</time>
        <extensions>
          <ns3:TrackPointExtension>
            <ns3:hr>143</ns3:hr>
            <ns3:cad>59</ns3:cad>
          </ns3:TrackPointExtension>
        </extensions>
      </trkpt>
      <trkpt lat="40.7638808526098728179931640625" lon="-73.9817869104444980621337890625">
        <ele>22</ele>
        <time>2026-03-15T15:05:06.000Z</time>
        <extensions>
          <ns3:TrackPointExtension>
            <ns3:hr>144</ns3:hr>
            <ns3:cad>59</ns3:cad>
          </ns3:TrackPointExtension>
        </extensions>
      </trkpt>
      <trkpt lat="40.76414890587329864501953125" lon="-73.98176662623882293701171875">
        <ele>22.3999996185302734375</ele>
        <time>2026-03-15T15:05:07.000Z</time>
        <extensions>
          <ns3:TrackPointExtension>
            <ns3:hr>144</ns3:hr>
            <ns3:cad>59</ns3:cad>
          </ns3:TrackPointExtension>
        </extensions>
      </trkpt>
      <trkpt lat="40.76416139490902423858642578125" lon="-73.98136295378208160400390625">
        <ele>23</ele>
        <time>2026-03-15T15:05:09.000Z</time>
        <extensions>
          <ns3:TrackPointExtension>
            <ns3:hr>145</ns3:hr>
            <ns3:cad>59</ns3:cad>
          </ns3:TrackPointExtension>
        </extensions>
      </trkpt>
      <trkpt lat="40.764253176748752593994140625" lon="-73.9813054539263248443603515625">
        <ele>23</ele>
        <time>2026-03-15T15:05:12.000Z</time>
        <extensions>
          <ns3:TrackPointExtension>
            <ns3:hr>145</ns3:hr>
            <ns3:cad>81</ns3:cad>
          </ns3:TrackPointExtension>
        </extensions>
      </trkpt>
      <trkpt lat="40.76433238573372364044189453125" lon="-73.9811565913259983062744140625">
        <ele>23</ele>
        <time>2026-03-15T15:05:19.000Z</time>
        <extensions>
          <ns3:TrackPointExtension>
            <ns3:hr>149</ns3:hr>
            <ns3:cad>85</ns3:cad>
          </ns3:TrackPointExtension>
        </extensions>
      </trkpt>
      <trkpt lat="40.7643328048288822174072265625" lon="-73.9811418391764163970947265625">
        <ele>23</ele>
        <time>2026-03-15T15:05:21.000Z</time>
        <extensions>
          <ns3:TrackPointExtension>
            <ns3:hr>151</ns3:hr>
            <ns3:cad>84</ns3:cad>
          </ns3:TrackPointExtension>
        </extensions>
      </trkpt>
      <trkpt lat="40.76434143818914890289306640625" lon="-73.98113219998776912689208984375">
        <ele>23.200000762939453125</ele>
        <time>2026-03-15T15:05:22.000Z</time>
        <extensions>
          <ns3:TrackPointExtension>
            <ns3:hr>157</ns3:hr>
            <ns3:cad>84</ns3:cad>
          </ns3:TrackPointExtension>
        </extensions>
      </trkpt>
      <trkpt lat="40.76433858834207057952880859375" lon="-73.9811217226088047027587890625">
        <ele>23</ele>
        <time>2026-03-15T15:05:23.000Z</time>
        <extensions>
          <ns3:TrackPointExtension>
            <ns3:hr>160</ns3:hr>
            <ns3:cad>84</ns3:cad>
          </ns3:TrackPointExtension>
        </extensions>
      </trkpt>
      <trkpt lat="40.7643435336649417877197265625" lon="-73.9811066351830959320068359375">
        <ele>23.200000762939453125</ele>
        <time>2026-03-15T15:05:24.000Z</time>
        <extensions>
          <ns3:TrackPointExtension>
            <ns3:hr>164</ns3:hr>
            <ns3:cad>84</ns3:cad>
          </ns3:TrackPointExtension>
        </extensions>
      </trkpt>
      <trkpt lat="40.7643998600542545318603515625" lon="-73.9810345508158206939697265625">
        <ele>23.3999996185302734375</ele>
        <time>2026-03-15T15:05:27.000Z</time>
        <extensions>
          <ns3:TrackPointExtension>
            <ns3:hr>167</ns3:hr>
            <ns3:cad>84</ns3:cad>
          </ns3:TrackPointExtension>
        </extensions>
      </trkpt>
      <trkpt lat="40.76452734880149364471435546875" lon="-73.980927430093288421630859375">
        <ele>23.799999237060546875</ele>
        <time>2026-03-15T15:05:29.000Z</time>
        <extensions>
          <ns3:TrackPointExtension>
            <ns3:hr>172</ns3:hr>
            <ns3:cad>84</ns3:cad>
          </ns3:TrackPointExtension>
        </extensions>
      </trkpt>
      <trkpt lat="40.76460429467260837554931640625" lon="-73.98085199296474456787109375">
        <ele>24</ele>
        <time>2026-03-15T15:05:31.000Z</time>
        <extensions>
          <ns3:TrackPointExtension>
            <ns3:hr>175</ns3:hr>
            <ns3:cad>85</ns3:cad>
          </ns3:TrackPointExtension>
        </extensions>
      </trkpt>
      <trkpt lat="40.76468861661851406097412109375" lon="-73.98074897937476634979248046875">
        <ele>24</ele>
        <time>2026-03-15T15:05:34.000Z</time>
        <extensions>
          <ns3:TrackPointExtension>
            <ns3:hr>181</ns3:hr>
            <ns3:cad>85</ns3:cad>
          </ns3:TrackPointExtension>
        </extensions>
      </trkpt>
      <trkpt lat="40.7647394947707653045654296875" lon="-73.98074797354638576507568359375">
        <ele>24</ele>
        <time>2026-03-15T15:05:36.000Z</time>
        <extensions>
          <ns3:TrackPointExtension>
            <ns3:hr>178</ns3:hr>
            <ns3:cad>85</ns3:cad>
          </ns3:TrackPointExtension>
        </extensions>
      </trkpt>
      <trkpt lat="40.7648873515427112579345703125" lon="-73.9806747995316982269287109375">
        <ele>24</ele>
        <time>2026-03-15T15:05:42.000Z</time>
        <extensions>
          <ns3:TrackPointExtension>
            <ns3:hr>174</ns3:hr>
            <ns3:cad>82</ns3:cad>
          </ns3:TrackPointExtension>
        </extensions>
      </trkpt>
      <trkpt lat="40.7649024389684200286865234375" lon="-73.98065225221216678619384765625">
        <ele>24</ele>
        <time>2026-03-15T15:05:43.000Z</time>
        <extensions>
          <ns3:TrackPointExtension>
            <ns3:hr>171</ns3:hr>
            <ns3:cad>81</ns3:cad>
          </ns3:TrackPointExtension>
        </extensions>
      </trkpt>
      <trkpt lat="40.76499070040881633758544921875" lon="-73.9805661700665950775146484375">
        <ele>24</ele>
        <time>2026-03-15T15:05:47.000Z</time>
        <extensions>
          <ns3:TrackPointExtension>
            <ns3:hr>178</ns3:hr>
            <ns3:cad>82</ns3:cad>
          </ns3:TrackPointExtension>
        </extensions>
      </trkpt>
      <trkpt lat="40.76502322219312191009521484375" lon="-73.98054085671901702880859375">
        <ele>24</ele>
        <time>2026-03-15T15:05:48.000Z</time>
        <extensions>
          <ns3:TrackPointExtension>
            <ns3:hr>182</ns3:hr>
            <ns3:cad>82</ns3:cad>
          </ns3:TrackPointExtension>
        </extensions>
      </trkpt>
      <trkpt lat="40.76505482196807861328125" lon="-73.98051864467561244964599609375">
        <ele>24</ele>
        <time>2026-03-15T15:05:49.000Z</time>
        <extensions>
          <ns3:TrackPointExtension>
            <ns3:hr>182</ns3:hr>
            <ns3:cad>82</ns3:cad>
          </ns3:TrackPointExtension>
        </extensions>
      </trkpt>
      <trkpt lat="40.7651726715266704559326171875" lon="-73.98044052533805370330810546875">
        <ele>24</ele>
        <time>2026-03-15T15:05:55.000Z</time>
        <extensions>
          <ns3:TrackPointExtension>
            <ns3:hr>179</ns3:hr>
            <ns3:cad>82</ns3:cad>
          </ns3:TrackPointExtension>
        </extensions>
      </trkpt>
      <trkpt lat="40.765190608799457550048828125" lon="-73.98043063469231128692626953125">
        <ele>24</ele>
        <time>2026-03-15T15:05:56.000Z</time>
        <extensions>
          <ns3:TrackPointExtension>
            <ns3:hr>176</ns3:hr>
            <ns3:cad>82</ns3:cad>
          </ns3:TrackPointExtension>
        </extensions>
      </trkpt>
      <trkpt lat="40.76525665819644927978515625" lon="-73.98041102103888988494873046875">
        <ele>24</ele>
        <time>2026-03-15T15:05:59.000Z</time>
        <extensions>
          <ns3:TrackPointExtension>
            <ns3:hr>179</ns3:hr>
            <ns3:cad>60</ns3:cad>
          </ns3:TrackPointExtension>
        </extensions>
      </trkpt>
      <trkpt lat="40.7652829773724079132080078125" lon="-73.9804033935070037841796875">
        <ele>24</ele>
        <time>2026-03-15T15:06:00.000Z</time>
        <extensions>
          <ns3:TrackPointExtension>
            <ns3:hr>182</ns3:hr>
            <ns3:cad>60</ns3:cad>
          </ns3:TrackPointExtension>
        </extensions>
      </trkpt>
      <trkpt lat="40.76530971564352512359619140625" lon="-73.98039459250867366790771484375">
        <ele>24</ele>
        <time>2026-03-15T15:06:01.000Z</time>
        <extensions>
          <ns3:TrackPointExtension>
            <ns3:hr>178</ns3:hr>
            <ns3:cad>60</ns3:cad>
          </ns3:TrackPointExtension>
        </extensions>
      </trkpt>
      <trkpt lat="40.76532580889761447906494140625" lon="-73.9803821034729480743408203125">
        <ele>24</ele>
        <time>2026-03-15T15:06:02.000Z</time>
        <extensions>
          <ns3:TrackPointExtension>
            <ns3:hr>175</ns3:hr>
            <ns3:cad>60</ns3:cad>
          </ns3:TrackPointExtension>
        </extensions>
      </trkpt>
      <trkpt lat="40.7653391361236572265625" lon="-73.980371542274951934814453125">
        <ele>24</ele>
        <time>2026-03-15T15:06:03.000Z</time>
        <extensions>
          <ns3:TrackPointExtension>
            <ns3:hr>170</ns3:hr>
            <ns3:cad>60</ns3:cad>
          </ns3:TrackPointExtension>
        </extensions>
      </trkpt>
      <trkpt lat="40.7653567381203174591064453125" lon="-73.9803707040846347808837890625">
        <ele>24</ele>
        <time>2026-03-15T15:06:04.000Z</time>
        <extensions>
          <ns3:TrackPointExtension>
            <ns3:hr>170</ns3:hr>
            <ns3:cad>61</ns3:cad>
          </ns3:TrackPointExtension>
        </extensions>
      </trkpt>
      <trkpt lat="40.76542153023183345794677734375" lon="-73.98028663359582424163818359375">
        <ele>24</ele>
        <time>2026-03-15T15:06:09.000Z</time>
        <extensions>
          <ns3:TrackPointExtension>
            <ns3:hr>165</ns3:hr>
            <ns3:cad>60</ns3:cad>
          </ns3:TrackPointExtension>
        </extensions>
      </trkpt>
      <trkpt lat="40.7654194347560405731201171875" lon="-73.9802639186382293701171875">
        <ele>24</ele>
        <time>2026-03-15T15:06:10.000Z</time>
        <extensions>
          <ns3:TrackPointExtension>
            <ns3:hr>160</ns3:hr>
            <ns3:cad>60</ns3:cad>
          </ns3:TrackPointExtension>
        </extensions>
      </trkpt>
      <trkpt lat="40.7654814608395099639892578125" lon="-73.98021496832370758056640625">
        <ele>24</ele>
        <time>2026-03-15T15:06:13.000Z</time>
        <extensions>
          <ns3:TrackPointExtension>
            <ns3:hr>157</ns3:hr>
            <ns3:cad>60</ns3:cad>
          </ns3:TrackPointExtension>
        </extensions>
      </trkpt>
      <trkpt lat="40.76566636562347412109375" lon="-73.9803928323090076446533203125">
        <ele>24.799999237060546875</ele>
        <time>2026-03-15T15:06:27.000Z</time>
        <extensions>
          <ns3:TrackPointExtension>
            <ns3:hr>156</ns3:hr>
            <ns3:cad>84</ns3:cad>
          </ns3:TrackPointExtension>
        </extensions>
      </trkpt>
      <trkpt lat="40.76570936478674411773681640625" lon="-73.9803110249340534210205078125">
        <ele>25</ele>
        <time>2026-03-15T15:06:30.000Z</time>
        <extensions>
          <ns3:TrackPointExtension>
            <ns3:hr>159</ns3:hr>
            <ns3:cad>85</ns3:cad>
          </ns3:TrackPointExtension>
        </extensions>
      </trkpt>
      <trkpt lat="40.76571925543248653411865234375" lon="-73.98029082454741001129150390625">
        <ele>25</ele>
        <time>2026-03-15T15:06:31.000Z</time>
        <extensions>
          <ns3:TrackPointExtension>
            <ns3:hr>162</ns3:hr>
            <ns3:cad>84</ns3:cad>
          </ns3:TrackPointExtension>
        </extensions>
      </trkpt>
      <trkpt lat="40.7658086903393268585205078125" lon="-73.9802111126482486724853515625">
        <ele>25</ele>
        <time>2026-03-15T15:06:38.000Z</time>
        <extensions>
          <ns3:TrackPointExtension>
            <ns3:hr>165</ns3:hr>
            <ns3:cad>84</ns3:cad>
          </ns3:TrackPointExtension>
        </extensions>
      </trkpt>
      <trkpt lat="40.76584045775234699249267578125" lon="-73.9801792614161968231201171875">
        <ele>25</ele>
        <time>2026-03-15T15:06:41.000Z</time>
        <extensions>
          <ns3:TrackPointExtension>
            <ns3:hr>168</ns3:hr>
            <ns3:cad>83</ns3:cad>
          </ns3:TrackPointExtension>
        </extensions>
      </trkpt>
      <trkpt lat="40.76586090959608554840087890625" lon="-73.98017062805593013763427734375">
        <ele>25</ele>
        <time>2026-03-15T15:06:43.000Z</time>
        <extensions>
          <ns3:TrackPointExtension>
            <ns3:hr>172</ns3:hr>
            <ns3:cad>83</ns3:cad>
          </ns3:TrackPointExtension>
        </extensions>
      </trkpt>
      <trkpt lat="40.76601010747253894805908203125" lon="-73.98000332526862621307373046875">
        <ele>25</ele>
        <time>2026-03-15T15:06:51.000Z</time>
        <extensions>
          <ns3:TrackPointExtension>
            <ns3:hr>174</ns3:hr>
            <ns3:cad>81</ns3:cad>
          </ns3:TrackPointExtension>
        </extensions>
      </trkpt>
      <trkpt lat="40.7660472393035888671875" lon="-73.97991187870502471923828125">
        <ele>25</ele>
        <time>2026-03-15T15:06:54.000Z</time>
        <extensions>
          <ns3:TrackPointExtension>
            <ns3:hr>181</ns3:hr>
            <ns3:cad>79</ns3:cad>
          </ns3:TrackPointExtension>
        </extensions>
      </trkpt>
      <trkpt lat="40.766056962311267852783203125" lon="-73.97989368997514247894287109375">
        <ele>25</ele>
        <time>2026-03-15T15:06:55.000Z</time>
        <extensions>
          <ns3:TrackPointExtension>
            <ns3:hr>186</ns3:hr>
            <ns3:cad>79</ns3:cad>
          </ns3:TrackPointExtension>
        </extensions>
      </trkpt>
      <trkpt lat="40.7660678587853908538818359375" lon="-73.97987902164459228515625">
        <ele>25</ele>
        <time>2026-03-15T15:06:56.000Z</time>
        <extensions>
          <ns3:TrackPointExtension>
            <ns3:hr>181</ns3:hr>
            <ns3:cad>82</ns3:cad>
          </ns3:TrackPointExtension>
        </extensions>
      </trkpt>
      <trkpt lat="40.7660686969757080078125" lon="-73.97985546849668025970458984375">
        <ele>25</ele>
        <time>2026-03-15T15:06:57.000Z</time>
        <extensions>
          <ns3:TrackPointExtension>
            <ns3:hr>178</ns3:hr>
            <ns3:cad>82</ns3:cad>
          </ns3:TrackPointExtension>
        </extensions>
      </trkpt>
      <trkpt lat="40.76608546078205108642578125" lon="-73.9798114635050296783447265625">
        <ele>25</ele>
        <time>2026-03-15T15:06:58.000Z</time>
        <extensions>
          <ns3:TrackPointExtension>
            <ns3:hr>172</ns3:hr>
            <ns3:cad>82</ns3:cad>
          </ns3:TrackPointExtension>
        </extensions>
      </trkpt>
      <trkpt lat="40.7660923339426517486572265625" lon="-73.97978908382356166839599609375">
        <ele>25</ele>
        <time>2026-03-15T15:06:59.000Z</time>
        <extensions>
          <ns3:TrackPointExtension>
            <ns3:hr>167</ns3:hr>
            <ns3:cad>82</ns3:cad>
          </ns3:TrackPointExtension>
        </extensions>
      </trkpt>
      <trkpt lat="40.76609090901911258697509765625" lon="-73.9797581546008586883544921875">
        <ele>25</ele>
        <time>2026-03-15T15:07:00.000Z</time>
        <extensions>
          <ns3:TrackPointExtension>
            <ns3:hr>163</ns3:hr>
            <ns3:cad>80</ns3:cad>
          </ns3:TrackPointExtension>
        </extensions>
      </trkpt>
      <trkpt lat="40.76616835780441761016845703125" lon="-73.97970191203057765960693359375">
        <ele>25</ele>
        <time>2026-03-15T15:07:04.000Z</time>
        <extensions>
          <ns3:TrackPointExtension>
            <ns3:hr>166</ns3:hr>
            <ns3:cad>80</ns3:cad>
          </ns3:TrackPointExtension>
        </extensions>
      </trkpt>
      <trkpt lat="40.76619300059974193572998046875" lon="-73.97968095727264881134033203125">
        <ele>25</ele>
        <time>2026-03-15T15:07:06.000Z</time>
        <extensions>
          <ns3:TrackPointExtension>
            <ns3:hr>170</ns3:hr>
            <ns3:cad>82</ns3:cad>
          </ns3:TrackPointExtension>
        </extensions>
      </trkpt>
      <trkpt lat="40.76637354679405689239501953125" lon="-73.97961205802857875823974609375">
        <ele>24.6000003814697265625</ele>
        <time>2026-03-15T15:07:12.000Z</time>
        <extensions>
          <ns3:TrackPointExtension>
            <ns3:hr>172</ns3:hr>
            <ns3:cad>82</ns3:cad>
          </ns3:TrackPointExtension>
        </extensions>
      </trkpt>
      <trkpt lat="40.76655543409287929534912109375" lon="-73.979497142136096954345703125">
        <ele>24</ele>
        <time>2026-03-15T15:07:23.000Z</time>
        <extensions>
          <ns3:TrackPointExtension>
            <ns3:hr>174</ns3:hr>
            <ns3:cad>82</ns3:cad>
          </ns3:TrackPointExtension>
        </extensions>
      </trkpt>
      <trkpt lat="40.76666741631925106048583984375" lon="-73.97922196425497531890869140625">
        <ele>23.6000003814697265625</ele>
        <time>2026-03-15T15:07:31.000Z</time>
        <extensions>
          <ns3:TrackPointExtension>
            <ns3:hr>172</ns3:hr>
            <ns3:cad>85</ns3:cad>
          </ns3:TrackPointExtension>
        </extensions>
      </trkpt>
      <trkpt lat="40.76684427447617053985595703125" lon="-73.9791080541908740997314453125">
        <ele>22.799999237060546875</ele>
        <time>2026-03-15T15:07:40.000Z</time>
        <extensions>
          <ns3:TrackPointExtension>
            <ns3:hr>173</ns3:hr>
            <ns3:cad>84</ns3:cad>
          </ns3:TrackPointExtension>
        </extensions>
      </trkpt>
      <trkpt lat="40.76687268912792205810546875" lon="-73.97899917326867580413818359375">
        <ele>22.799999237060546875</ele>
        <time>2026-03-15T15:07:44.000Z</time>
        <extensions>
          <ns3:TrackPointExtension>
            <ns3:hr>170</ns3:hr>
            <ns3:cad>81</ns3:cad>
          </ns3:TrackPointExtension>
        </extensions>
      </trkpt>
      <trkpt lat="40.76683052815496921539306640625" lon="-73.97882885299623012542724609375">
        <ele>22.799999237060546875</ele>
        <time>2026-03-15T15:07:50.000Z</time>
        <extensions>
          <ns3:TrackPointExtension>
            <ns3:hr>173</ns3:hr>
            <ns3:cad>82</ns3:cad>
          </ns3:TrackPointExtension>
        </extensions>
      </trkpt>
      <trkpt lat="40.76673262752592563629150390625" lon="-73.9786098338663578033447265625">
        <ele>22.200000762939453125</ele>
        <time>2026-03-15T15:07:58.000Z</time>
        <extensions>
          <ns3:TrackPointExtension>
            <ns3:hr>174</ns3:hr>
            <ns3:cad>83</ns3:cad>
          </ns3:TrackPointExtension>
        </extensions>
      </trkpt>
      <trkpt lat="40.76672189868986606597900390625" lon="-73.97834203206002712249755859375">
        <ele>21.3999996185302734375</ele>
        <time>2026-03-15T15:08:09.000Z</time>
        <extensions>
          <ns3:TrackPointExtension>
            <ns3:hr>175</ns3:hr>
            <ns3:cad>82</ns3:cad>
          </ns3:TrackPointExtension>
        </extensions>
      </trkpt>
      <trkpt lat="40.7666133530437946319580078125" lon="-73.97816282697021961212158203125">
        <ele>21.799999237060546875</ele>
        <time>2026-03-15T15:08:17.000Z</time>
        <extensions>
          <ns3:TrackPointExtension>
            <ns3:hr>172</ns3:hr>
            <ns3:cad>81</ns3:cad>
          </ns3:TrackPointExtension>
        </extensions>
      </trkpt>
      <trkpt lat="40.76650396920740604400634765625" lon="-73.97794221527874469757080078125">
        <ele>21.6000003814697265625</ele>
        <time>2026-03-15T15:08:27.000Z</time>
        <extensions>
          <ns3:TrackPointExtension>
            <ns3:hr>172</ns3:hr>
            <ns3:cad>83</ns3:cad>
          </ns3:TrackPointExtension>
        </extensions>
      </trkpt>
      <trkpt lat="40.76637656427919864654541015625" lon="-73.97777155973017215728759765625">
        <ele>21</ele>
        <time>2026-03-15T15:08:36.000Z</time>
        <extensions>
          <ns3:TrackPointExtension>
            <ns3:hr>173</ns3:hr>
            <ns3:cad>84</ns3:cad>
          </ns3:TrackPointExtension>
        </extensions>
      </trkpt>
      <trkpt lat="40.766333900392055511474609375" lon="-73.97767315618693828582763671875">
        <ele>20.6000003814697265625</ele>
        <time>2026-03-15T15:08:40.000Z</time>
        <extensions>
          <ns3:TrackPointExtension>
            <ns3:hr>176</ns3:hr>
            <ns3:cad>82</ns3:cad>
          </ns3:TrackPointExtension>
        </extensions>
      </trkpt>
      <trkpt lat="40.76626223511993885040283203125" lon="-73.97745229303836822509765625">
        <ele>20</ele>
        <time>2026-03-15T15:08:51.000Z</time>
        <extensions>
          <ns3:TrackPointExtension>
            <ns3:hr>176</ns3:hr>
            <ns3:cad>82</ns3:cad>
          </ns3:TrackPointExtension>
        </extensions>
      </trkpt>
      <trkpt lat="40.7662485726177692413330078125" lon="-73.97729697637259960174560546875">
        <ele>20</ele>
        <time>2026-03-15T15:08:58.000Z</time>
        <extensions>
          <ns3:TrackPointExtension>
            <ns3:hr>173</ns3:hr>
            <ns3:cad>82</ns3:cad>
          </ns3:TrackPointExtension>
        </extensions>
      </trkpt>
      <trkpt lat="40.76624731533229351043701171875" lon="-73.9771766960620880126953125">
        <ele>20</ele>
        <time>2026-03-15T15:09:03.000Z</time>
        <extensions>
          <ns3:TrackPointExtension>
            <ns3:hr>170</ns3:hr>
            <ns3:cad>80</ns3:cad>
          </ns3:TrackPointExtension>
        </extensions>
      </trkpt>
      <trkpt lat="40.76615360565483570098876953125" lon="-73.97696153260767459869384765625">
        <ele>19.3999996185302734375</ele>
        <time>2026-03-15T15:09:12.000Z</time>
        <extensions>
          <ns3:TrackPointExtension>
            <ns3:hr>172</ns3:hr>
            <ns3:cad>83</ns3:cad>
          </ns3:TrackPointExtension>
        </extensions>
      </trkpt>
      <trkpt lat="40.7660614885389804840087890625" lon="-73.9767443574965000152587890625">
        <ele>18.200000762939453125</ele>
        <time>2026-03-15T15:09:21.000Z</time>
        <extensions>
          <ns3:TrackPointExtension>
            <ns3:hr>175</ns3:hr>
            <ns3:cad>81</ns3:cad>
          </ns3:TrackPointExtension>
        </extensions>
      </trkpt>
      <trkpt lat="40.7659944333136081695556640625" lon="-73.9765120111405849456787109375">
        <ele>16.6000003814697265625</ele>
        <time>2026-03-15T15:09:31.000Z</time>
        <extensions>
          <ns3:TrackPointExtension>
            <ns3:hr>173</ns3:hr>
            <ns3:cad>82</ns3:cad>
          </ns3:TrackPointExtension>
        </extensions>
      </trkpt>
      <trkpt lat="40.76600591652095317840576171875" lon="-73.97636440582573413848876953125">
        <ele>14.80000019073486328125</ele>
        <time>2026-03-15T15:09:37.000Z</time>
        <extensions>
          <ns3:TrackPointExtension>
            <ns3:hr>176</ns3:hr>
            <ns3:cad>81</ns3:cad>
          </ns3:TrackPointExtension>
        </extensions>
      </trkpt>
      <trkpt lat="40.76589343138039112091064453125" lon="-73.97615854628384113311767578125">
        <ele>11.6000003814697265625</ele>
        <time>2026-03-15T15:09:45.000Z</time>
        <extensions>
          <ns3:TrackPointExtension>
            <ns3:hr>176</ns3:hr>
            <ns3:cad>81</ns3:cad>
          </ns3:TrackPointExtension>
        </extensions>
      </trkpt>
      <trkpt lat="40.765809528529644012451171875" lon="-73.9759390242397785186767578125">
        <ele>10</ele>
        <time>2026-03-15T15:09:54.000Z</time>
        <extensions>
          <ns3:TrackPointExtension>
            <ns3:hr>177</ns3:hr>
            <ns3:cad>82</ns3:cad>
          </ns3:TrackPointExtension>
        </extensions>
      </trkpt>
      <trkpt lat="40.7658063434064388275146484375" lon="-73.9757606573402881622314453125">
        <ele>8.6000003814697265625</ele>
        <time>2026-03-15T15:10:02.000Z</time>
        <extensions>
          <ns3:TrackPointExtension>
            <ns3:hr>174</ns3:hr>
            <ns3:cad>83</ns3:cad>
          </ns3:TrackPointExtension>
        </extensions>
      </trkpt>
      <trkpt lat="40.765696205198764801025390625" lon="-73.9755175821483135223388671875">
        <ele>7.19999980926513671875</ele>
        <time>2026-03-15T15:10:12.000Z</time>
        <extensions>
          <ns3:TrackPointExtension>
            <ns3:hr>172</ns3:hr>
            <ns3:cad>82</ns3:cad>
          </ns3:TrackPointExtension>
        </extensions>
      </trkpt>
      <trkpt lat="40.76548330485820770263671875" lon="-73.9753911830484867095947265625">
        <ele>10.3999996185302734375</ele>
        <time>2026-03-15T15:10:18.000Z</time>
        <extensions>
          <ns3:TrackPointExtension>
            <ns3:hr>172</ns3:hr>
            <ns3:cad>83</ns3:cad>
          </ns3:TrackPointExtension>
        </extensions>
      </trkpt>
      <trkpt lat="40.7653513737022876739501953125" lon="-73.975203596055507659912109375">
        <ele>10.80000019073486328125</ele>
        <time>2026-03-15T15:10:27.000Z</time>
        <extensions>
          <ns3:TrackPointExtension>
            <ns3:hr>174</ns3:hr>
            <ns3:cad>81</ns3:cad>
          </ns3:TrackPointExtension>
        </extensions>
      </trkpt>
      <trkpt lat="40.76523779891431331634521484375" lon="-73.97500117309391498565673828125">
        <ele>11.80000019073486328125</ele>
        <time>2026-03-15T15:10:39.000Z</time>
        <extensions>
          <ns3:TrackPointExtension>
            <ns3:hr>171</ns3:hr>
            <ns3:cad>61</ns3:cad>
          </ns3:TrackPointExtension>
        </extensions>
      </trkpt>
      <trkpt lat="40.765229500830173492431640625" lon="-73.97492833435535430908203125">
        <ele>11.6000003814697265625</ele>
        <time>2026-03-15T15:10:43.000Z</time>
        <extensions>
          <ns3:TrackPointExtension>
            <ns3:hr>168</ns3:hr>
            <ns3:cad>61</ns3:cad>
          </ns3:TrackPointExtension>
        </extensions>
      </trkpt>
      <trkpt lat="40.765208713710308074951171875" lon="-73.9748641289770603179931640625">
        <ele>11.6000003814697265625</ele>
        <time>2026-03-15T15:10:47.000Z</time>
        <extensions>
          <ns3:TrackPointExtension>
            <ns3:hr>165</ns3:hr>
            <ns3:cad>61</ns3:cad>
          </ns3:TrackPointExtension>
        </extensions>
      </trkpt>
      <trkpt lat="40.765199996531009674072265625" lon="-73.97482649423182010650634765625">
        <ele>11.6000003814697265625</ele>
        <time>2026-03-15T15:10:49.000Z</time>
        <extensions>
          <ns3:TrackPointExtension>
            <ns3:hr>170</ns3:hr>
            <ns3:cad>60</ns3:cad>
          </ns3:TrackPointExtension>
        </extensions>
      </trkpt>
      <trkpt lat="40.76516236178576946258544921875" lon="-73.9747036993503570556640625">
        <ele>11.80000019073486328125</ele>
        <time>2026-03-15T15:10:56.000Z</time>
        <extensions>
          <ns3:TrackPointExtension>
            <ns3:hr>167</ns3:hr>
            <ns3:cad>59</ns3:cad>
          </ns3:TrackPointExtension>
        </extensions>
      </trkpt>
      <trkpt lat="40.76511257328093051910400390625" lon="-73.9746508933603763580322265625">
        <ele>11.80000019073486328125</ele>
        <time>2026-03-15T15:11:00.000Z</time>
        <extensions>
          <ns3:TrackPointExtension>
            <ns3:hr>164</ns3:hr>
            <ns3:cad>60</ns3:cad>
          </ns3:TrackPointExtension>
        </extensions>
      </trkpt>
      <trkpt lat="40.76508097350597381591796875" lon="-73.9745955727994441986083984375">
        <ele>11.6000003814697265625</ele>
        <time>2026-03-15T15:11:04.000Z</time>
        <extensions>
          <ns3:TrackPointExtension>
            <ns3:hr>161</ns3:hr>
            <ns3:cad>60</ns3:cad>
          </ns3:TrackPointExtension>
        </extensions>
      </trkpt>
      <trkpt lat="40.7650647126138210296630859375" lon="-73.9745513163506984710693359375">
        <ele>11.19999980926513671875</ele>
        <time>2026-03-15T15:11:07.000Z</time>
        <extensions>
          <ns3:TrackPointExtension>
            <ns3:hr>158</ns3:hr>
            <ns3:cad>61</ns3:cad>
          </ns3:TrackPointExtension>
        </extensions>
      </trkpt>
      <trkpt lat="40.76506462879478931427001953125" lon="-73.974478058516979217529296875">
        <ele>10.6000003814697265625</ele>
        <time>2026-03-15T15:11:11.000Z</time>
        <extensions>
          <ns3:TrackPointExtension>
            <ns3:hr>156</ns3:hr>
            <ns3:cad>62</ns3:cad>
          </ns3:TrackPointExtension>
        </extensions>
      </trkpt>
      <trkpt lat="40.7650603540241718292236328125" lon="-73.974398933351039886474609375">
        <ele>10.19999980926513671875</ele>
        <time>2026-03-15T15:11:15.000Z</time>
        <extensions>
          <ns3:TrackPointExtension>
            <ns3:hr>153</ns3:hr>
            <ns3:cad>61</ns3:cad>
          </ns3:TrackPointExtension>
        </extensions>
      </trkpt>
      <trkpt lat="40.76506622135639190673828125" lon="-73.97418645210564136505126953125">
        <ele>10.19999980926513671875</ele>
        <time>2026-03-15T15:11:26.000Z</time>
        <extensions>
          <ns3:TrackPointExtension>
            <ns3:hr>150</ns3:hr>
            <ns3:cad>59</ns3:cad>
          </ns3:TrackPointExtension>
        </extensions>
      </trkpt>
      <trkpt lat="40.765075273811817169189453125" lon="-73.97407078184187412261962890625">
        <ele>10.6000003814697265625</ele>
        <time>2026-03-15T15:11:33.000Z</time>
        <extensions>
          <ns3:TrackPointExtension>
            <ns3:hr>147</ns3:hr>
            <ns3:cad>61</ns3:cad>
          </ns3:TrackPointExtension>
        </extensions>
      </trkpt>
      <trkpt lat="40.76505473814904689788818359375" lon="-73.974044211208820343017578125">
        <ele>11.19999980926513671875</ele>
        <time>2026-03-15T15:11:35.000Z</time>
        <extensions>
          <ns3:TrackPointExtension>
            <ns3:hr>148</ns3:hr>
            <ns3:cad>61</ns3:cad>
          </ns3:TrackPointExtension>
        </extensions>
      </trkpt>
      <trkpt lat="40.7649711705744266510009765625" lon="-73.9738187380135059356689453125">
        <ele>13.6000003814697265625</ele>
        <time>2026-03-15T15:11:45.000Z</time>
        <extensions>
          <ns3:TrackPointExtension>
            <ns3:hr>146</ns3:hr>
            <ns3:cad>88</ns3:cad>
          </ns3:TrackPointExtension>
        </extensions>
      </trkpt>
      <trkpt lat="40.76497427187860012054443359375" lon="-73.973664678633213043212890625">
        <ele>14.3999996185302734375</ele>
        <time>2026-03-15T15:11:50.000Z</time>
        <extensions>
          <ns3:TrackPointExtension>
            <ns3:hr>146</ns3:hr>
            <ns3:cad>81</ns3:cad>
          </ns3:TrackPointExtension>
        </extensions>
      </trkpt>
      <trkpt lat="40.76499271206557750701904296875" lon="-73.9736192487180233001708984375">
        <ele>14.3999996185302734375</ele>
        <time>2026-03-15T15:11:52.000Z</time>
        <extensions>
          <ns3:TrackPointExtension>
            <ns3:hr>145</ns3:hr>
            <ns3:cad>81</ns3:cad>
          </ns3:TrackPointExtension>
        </extensions>
      </trkpt>
      <trkpt lat="40.765006542205810546875" lon="-73.97343174554407596588134765625">
        <ele>15</ele>
        <time>2026-03-15T15:12:04.000Z</time>
        <extensions>
          <ns3:TrackPointExtension>
            <ns3:hr>151</ns3:hr>
            <ns3:cad>82</ns3:cad>
          </ns3:TrackPointExtension>
        </extensions>
      </trkpt>
      <trkpt lat="40.765013583004474639892578125" lon="-73.97341246716678142547607421875">
        <ele>15</ele>
        <time>2026-03-15T15:12:05.000Z</time>
        <extensions>
          <ns3:TrackPointExtension>
            <ns3:hr>156</ns3:hr>
            <ns3:cad>82</ns3:cad>
          </ns3:TrackPointExtension>
        </extensions>
      </trkpt>
      <trkpt lat="40.76502003706991672515869140625" lon="-73.97339268587529659271240234375">
        <ele>15</ele>
        <time>2026-03-15T15:12:06.000Z</time>
        <extensions>
          <ns3:TrackPointExtension>
            <ns3:hr>160</ns3:hr>
            <ns3:cad>81</ns3:cad>
          </ns3:TrackPointExtension>
        </extensions>
      </trkpt>
      <trkpt lat="40.7650264911353588104248046875" lon="-73.97337575443089008331298828125">
        <ele>15</ele>
        <time>2026-03-15T15:12:07.000Z</time>
        <extensions>
          <ns3:TrackPointExtension>
            <ns3:hr>163</ns3:hr>
            <ns3:cad>81</ns3:cad>
          </ns3:TrackPointExtension>
        </extensions>
      </trkpt>
      <trkpt lat="40.7650335319340229034423828125" lon="-73.97336033172905445098876953125">
        <ele>15</ele>
        <time>2026-03-15T15:12:08.000Z</time>
        <extensions>
          <ns3:TrackPointExtension>
            <ns3:hr>168</ns3:hr>
            <ns3:cad>81</ns3:cad>
          </ns3:TrackPointExtension>
        </extensions>
      </trkpt>
      <trkpt lat="40.76504551805555820465087890625" lon="-73.97334792651236057281494140625">
        <ele>15</ele>
        <time>2026-03-15T15:12:09.000Z</time>
        <extensions>
          <ns3:TrackPointExtension>
            <ns3:hr>171</ns3:hr>
            <ns3:cad>83</ns3:cad>
          </ns3:TrackPointExtension>
        </extensions>
      </trkpt>
      <trkpt lat="40.76505976729094982147216796875" lon="-73.9733357727527618408203125">
        <ele>15</ele>
        <time>2026-03-15T15:12:10.000Z</time>
        <extensions>
          <ns3:TrackPointExtension>
            <ns3:hr>171</ns3:hr>
            <ns3:cad>83</ns3:cad>
          </ns3:TrackPointExtension>
        </extensions>
      </trkpt>
      <trkpt lat="40.7650958932936191558837890625" lon="-73.97330903448164463043212890625">
        <ele>15</ele>
        <time>2026-03-15T15:12:12.000Z</time>
        <extensions>
          <ns3:TrackPointExtension>
            <ns3:hr>174</ns3:hr>
            <ns3:cad>85</ns3:cad>
          </ns3:TrackPointExtension>
        </extensions>
      </trkpt>
      <trkpt lat="40.76514526270329952239990234375" lon="-73.9732340164482593536376953125">
        <ele>15</ele>
        <time>2026-03-15T15:12:16.000Z</time>
        <extensions>
          <ns3:TrackPointExtension>
            <ns3:hr>178</ns3:hr>
            <ns3:cad>82</ns3:cad>
          </ns3:TrackPointExtension>
        </extensions>
      </trkpt>
      <trkpt lat="40.76515532098710536956787109375" lon="-73.97321700118482112884521484375">
        <ele>15</ele>
        <time>2026-03-15T15:12:17.000Z</time>
        <extensions>
          <ns3:TrackPointExtension>
            <ns3:hr>175</ns3:hr>
            <ns3:cad>82</ns3:cad>
          </ns3:TrackPointExtension>
        </extensions>
      </trkpt>
      <trkpt lat="40.765181221067905426025390625" lon="-73.97318087518215179443359375">
        <ele>15</ele>
        <time>2026-03-15T15:12:19.000Z</time>
        <extensions>
          <ns3:TrackPointExtension>
            <ns3:hr>172</ns3:hr>
            <ns3:cad>82</ns3:cad>
          </ns3:TrackPointExtension>
        </extensions>
      </trkpt>
      <trkpt lat="40.76525607146322727203369140625" lon="-73.9731292426586151123046875">
        <ele>15</ele>
        <time>2026-03-15T15:12:24.000Z</time>
        <extensions>
          <ns3:TrackPointExtension>
            <ns3:hr>177</ns3:hr>
            <ns3:cad>80</ns3:cad>
          </ns3:TrackPointExtension>
        </extensions>
      </trkpt>
      <trkpt lat="40.76526914723217487335205078125" lon="-73.973118849098682403564453125">
        <ele>15</ele>
        <time>2026-03-15T15:12:25.000Z</time>
        <extensions>
          <ns3:TrackPointExtension>
            <ns3:hr>180</ns3:hr>
            <ns3:cad>80</ns3:cad>
          </ns3:TrackPointExtension>
        </extensions>
      </trkpt>
      <trkpt lat="40.7653268985450267791748046875" lon="-73.97306746803224086761474609375">
        <ele>15</ele>
        <time>2026-03-15T15:12:29.000Z</time>
        <extensions>
          <ns3:TrackPointExtension>
            <ns3:hr>176</ns3:hr>
            <ns3:cad>83</ns3:cad>
          </ns3:TrackPointExtension>
        </extensions>
      </trkpt>
      <trkpt lat="40.76535095460712909698486328125" lon="-73.9730348624289035797119140625">
        <ele>15</ele>
        <time>2026-03-15T15:12:31.000Z</time>
        <extensions>
          <ns3:TrackPointExtension>
            <ns3:hr>179</ns3:hr>
            <ns3:cad>83</ns3:cad>
          </ns3:TrackPointExtension>
        </extensions>
      </trkpt>
      <trkpt lat="40.76537760905921459197998046875" lon="-73.97300728596746921539306640625">
        <ele>15</ele>
        <time>2026-03-15T15:12:33.000Z</time>
        <extensions>
          <ns3:TrackPointExtension>
            <ns3:hr>182</ns3:hr>
            <ns3:cad>82</ns3:cad>
          </ns3:TrackPointExtension>
        </extensions>
      </trkpt>
      <trkpt lat="40.76555195264518260955810546875" lon="-73.9729228802025318145751953125">
        <ele>15</ele>
        <time>2026-03-15T15:12:37.000Z</time>
        <extensions>
          <ns3:TrackPointExtension>
            <ns3:hr>181</ns3:hr>
            <ns3:cad>82</ns3:cad>
          </ns3:TrackPointExtension>
        </extensions>
      </trkpt>
      <trkpt lat="40.7655927725136280059814453125" lon="-73.9728910289704799652099609375">
        <ele>15</ele>
        <time>2026-03-15T15:12:39.000Z</time>
        <extensions>
          <ns3:TrackPointExtension>
            <ns3:hr>177</ns3:hr>
            <ns3:cad>82</ns3:cad>
          </ns3:TrackPointExtension>
        </extensions>
      </trkpt>
      <trkpt lat="40.76560878194868564605712890625" lon="-73.97287820465862751007080078125">
        <ele>15</ele>
        <time>2026-03-15T15:12:40.000Z</time>
        <extensions>
          <ns3:TrackPointExtension>
            <ns3:hr>174</ns3:hr>
            <ns3:cad>82</ns3:cad>
          </ns3:TrackPointExtension>
        </extensions>
      </trkpt>
      <trkpt lat="40.7656534574925899505615234375" lon="-73.97283461876213550567626953125">
        <ele>15</ele>
        <time>2026-03-15T15:12:43.000Z</time>
        <extensions>
          <ns3:TrackPointExtension>
            <ns3:hr>179</ns3:hr>
            <ns3:cad>82</ns3:cad>
          </ns3:TrackPointExtension>
        </extensions>
      </trkpt>
      <trkpt lat="40.765706598758697509765625" lon="-73.97277728654444217681884765625">
        <ele>15</ele>
        <time>2026-03-15T15:12:47.000Z</time>
        <extensions>
          <ns3:TrackPointExtension>
            <ns3:hr>174</ns3:hr>
            <ns3:cad>83</ns3:cad>
          </ns3:TrackPointExtension>
        </extensions>
      </trkpt>
      <trkpt lat="40.7657322473824024200439453125" lon="-73.97275574505329132080078125">
        <ele>15</ele>
        <time>2026-03-15T15:12:49.000Z</time>
        <extensions>
          <ns3:TrackPointExtension>
            <ns3:hr>180</ns3:hr>
            <ns3:cad>82</ns3:cad>
          </ns3:TrackPointExtension>
        </extensions>
      </trkpt>
      <trkpt lat="40.7657449878752231597900390625" lon="-73.972747363150119781494140625">
        <ele>15</ele>
        <time>2026-03-15T15:12:50.000Z</time>
        <extensions>
          <ns3:TrackPointExtension>
            <ns3:hr>183</ns3:hr>
            <ns3:cad>82</ns3:cad>
          </ns3:TrackPointExtension>
        </extensions>
      </trkpt>
      <trkpt lat="40.76576133258640766143798828125" lon="-73.9727394841611385345458984375">
        <ele>15</ele>
        <time>2026-03-15T15:12:51.000Z</time>
        <extensions>
          <ns3:TrackPointExtension>
            <ns3:hr>188</ns3:hr>
            <ns3:cad>81</ns3:cad>
          </ns3:TrackPointExtension>
        </extensions>
      </trkpt>
      <trkpt lat="40.7657768391072750091552734375" lon="-73.9727304317057132720947265625">
        <ele>15</ele>
        <time>2026-03-15T15:12:52.000Z</time>
        <extensions>
          <ns3:TrackPointExtension>
            <ns3:hr>184</ns3:hr>
            <ns3:cad>81</ns3:cad>
          </ns3:TrackPointExtension>
        </extensions>
      </trkpt>
      <trkpt lat="40.7657915912568569183349609375" lon="-73.97272062487900257110595703125">
        <ele>15</ele>
        <time>2026-03-15T15:12:53.000Z</time>
        <extensions>
          <ns3:TrackPointExtension>
            <ns3:hr>179</ns3:hr>
            <ns3:cad>82</ns3:cad>
          </ns3:TrackPointExtension>
        </extensions>
      </trkpt>
      <trkpt lat="40.76580659486353397369384765625" lon="-73.972710482776165008544921875">
        <ele>15</ele>
        <time>2026-03-15T15:12:54.000Z</time>
        <extensions>
          <ns3:TrackPointExtension>
            <ns3:hr>174</ns3:hr>
            <ns3:cad>82</ns3:cad>
          </ns3:TrackPointExtension>
        </extensions>
      </trkpt>
      <trkpt lat="40.765821933746337890625" lon="-73.9727012626826763153076171875">
        <ele>15</ele>
        <time>2026-03-15T15:12:55.000Z</time>
        <extensions>
          <ns3:TrackPointExtension>
            <ns3:hr>171</ns3:hr>
            <ns3:cad>82</ns3:cad>
          </ns3:TrackPointExtension>
        </extensions>
      </trkpt>
      <trkpt lat="40.76583869755268096923828125" lon="-73.9726928807795047760009765625">
        <ele>15</ele>
        <time>2026-03-15T15:12:56.000Z</time>
        <extensions>
          <ns3:TrackPointExtension>
            <ns3:hr>171</ns3:hr>
            <ns3:cad>82</ns3:cad>
          </ns3:TrackPointExtension>
        </extensions>
      </trkpt>
      <trkpt lat="40.76601170003414154052734375" lon="-73.9725849218666553497314453125">
        <ele>15</ele>
        <time>2026-03-15T15:13:09.000Z</time>
        <extensions>
          <ns3:TrackPointExtension>
            <ns3:hr>172</ns3:hr>
            <ns3:cad>82</ns3:cad>
          </ns3:TrackPointExtension>
        </extensions>
      </trkpt>
      <trkpt lat="40.7661961019039154052734375" lon="-73.97257880307734012603759765625">
        <ele>15</ele>
        <time>2026-03-15T15:13:19.000Z</time>
        <extensions>
          <ns3:TrackPointExtension>
            <ns3:hr>166</ns3:hr>
            <ns3:cad>81</ns3:cad>
          </ns3:TrackPointExtension>
        </extensions>
      </trkpt>
      <trkpt lat="40.76623323373496532440185546875" lon="-73.972589112818241119384765625">
        <ele>15</ele>
        <time>2026-03-15T15:13:21.000Z</time>
        <extensions>
          <ns3:TrackPointExtension>
            <ns3:hr>163</ns3:hr>
            <ns3:cad>81</ns3:cad>
          </ns3:TrackPointExtension>
        </extensions>
      </trkpt>
      <trkpt lat="40.76625309884548187255859375" lon="-73.97259674035012722015380859375">
        <ele>15</ele>
        <time>2026-03-15T15:13:22.000Z</time>
        <extensions>
          <ns3:TrackPointExtension>
            <ns3:hr>159</ns3:hr>
            <ns3:cad>81</ns3:cad>
          </ns3:TrackPointExtension>
        </extensions>
      </trkpt>
      <trkpt lat="40.76627631671726703643798828125" lon="-73.97260378114879131317138671875">
        <ele>15</ele>
        <time>2026-03-15T15:13:23.000Z</time>
        <extensions>
          <ns3:TrackPointExtension>
            <ns3:hr>154</ns3:hr>
            <ns3:cad>81</ns3:cad>
          </ns3:TrackPointExtension>
        </extensions>
      </trkpt>
      <trkpt lat="40.76645753346383571624755859375" lon="-73.9726536534726619720458984375">
        <ele>15</ele>
        <time>2026-03-15T15:13:32.000Z</time>
        <extensions>
          <ns3:TrackPointExtension>
            <ns3:hr>154</ns3:hr>
            <ns3:cad>81</ns3:cad>
          </ns3:TrackPointExtension>
        </extensions>
      </trkpt>
      <trkpt lat="40.7665825076401233673095703125" lon="-73.972760774195194244384765625">
        <ele>15</ele>
        <time>2026-03-15T15:13:40.000Z</time>
        <extensions>
          <ns3:TrackPointExtension>
            <ns3:hr>157</ns3:hr>
            <ns3:cad>82</ns3:cad>
          </ns3:TrackPointExtension>
        </extensions>
      </trkpt>
      <trkpt lat="40.766656100749969482421875" lon="-73.97282422520220279693603515625">
        <ele>15.19999980926513671875</ele>
        <time>2026-03-15T15:13:45.000Z</time>
        <extensions>
          <ns3:TrackPointExtension>
            <ns3:hr>160</ns3:hr>
            <ns3:cad>80</ns3:cad>
          </ns3:TrackPointExtension>
        </extensions>
      </trkpt>
      <trkpt lat="40.76681661419570446014404296875" lon="-73.9729560725390911102294921875">
        <ele>15</ele>
        <time>2026-03-15T15:13:56.000Z</time>
        <extensions>
          <ns3:TrackPointExtension>
            <ns3:hr>162</ns3:hr>
            <ns3:cad>80</ns3:cad>
          </ns3:TrackPointExtension>
        </extensions>
      </trkpt>
      <trkpt lat="40.76699950732290744781494140625" lon="-73.9730338566005229949951171875">
        <ele>15</ele>
        <time>2026-03-15T15:14:06.000Z</time>
        <extensions>
          <ns3:TrackPointExtension>
            <ns3:hr>160</ns3:hr>
            <ns3:cad>80</ns3:cad>
          </ns3:TrackPointExtension>
        </extensions>
      </trkpt>
      <trkpt lat="40.76715021394193172454833984375" lon="-73.9731052704155445098876953125">
        <ele>15</ele>
        <time>2026-03-15T15:14:14.000Z</time>
        <extensions>
          <ns3:TrackPointExtension>
            <ns3:hr>163</ns3:hr>
            <ns3:cad>80</ns3:cad>
          </ns3:TrackPointExtension>
        </extensions>
      </trkpt>
      <trkpt lat="40.7673362083733081817626953125" lon="-73.97316117770969867706298828125">
        <ele>15</ele>
        <time>2026-03-15T15:14:28.000Z</time>
        <extensions>
          <ns3:TrackPointExtension>
            <ns3:hr>161</ns3:hr>
            <ns3:cad>58</ns3:cad>
          </ns3:TrackPointExtension>
        </extensions>
      </trkpt>
      <trkpt lat="40.76744693331420421600341796875" lon="-73.9732014946639537811279296875">
        <ele>15</ele>
        <time>2026-03-15T15:14:36.000Z</time>
        <extensions>
          <ns3:TrackPointExtension>
            <ns3:hr>164</ns3:hr>
            <ns3:cad>60</ns3:cad>
          </ns3:TrackPointExtension>
        </extensions>
      </trkpt>
      <trkpt lat="40.76753879897296428680419921875" lon="-73.9732132293283939361572265625">
        <ele>15</ele>
        <time>2026-03-15T15:14:43.000Z</time>
        <extensions>
          <ns3:TrackPointExtension>
            <ns3:hr>161</ns3:hr>
            <ns3:cad>57</ns3:cad>
          </ns3:TrackPointExtension>
        </extensions>
      </trkpt>
      <trkpt lat="40.76772152446210384368896484375" lon="-73.97324851714074611663818359375">
        <ele>15</ele>
        <time>2026-03-15T15:14:56.000Z</time>
        <extensions>
          <ns3:TrackPointExtension>
            <ns3:hr>162</ns3:hr>
            <ns3:cad>55</ns3:cad>
          </ns3:TrackPointExtension>
        </extensions>
      </trkpt>
      <trkpt lat="40.767786316573619842529296875" lon="-73.97325287573039531707763671875">
        <ele>15.19999980926513671875</ele>
        <time>2026-03-15T15:15:02.000Z</time>
        <extensions>
          <ns3:TrackPointExtension>
            <ns3:hr>159</ns3:hr>
            <ns3:cad>57</ns3:cad>
          </ns3:TrackPointExtension>
        </extensions>
      </trkpt>
      <trkpt lat="40.7678666152060031890869140625" lon="-73.9732527919113636016845703125">
        <ele>15.6000003814697265625</ele>
        <time>2026-03-15T15:15:09.000Z</time>
        <extensions>
          <ns3:TrackPointExtension>
            <ns3:hr>156</ns3:hr>
            <ns3:cad>57</ns3:cad>
          </ns3:TrackPointExtension>
        </extensions>
      </trkpt>
      <trkpt lat="40.76790056191384792327880859375" lon="-73.97323259152472019195556640625">
        <ele>15.6000003814697265625</ele>
        <time>2026-03-15T15:15:12.000Z</time>
        <extensions>
          <ns3:TrackPointExtension>
            <ns3:hr>150</ns3:hr>
            <ns3:cad>52</ns3:cad>
          </ns3:TrackPointExtension>
        </extensions>
      </trkpt>
      <trkpt lat="40.767910368740558624267578125" lon="-73.97322907112538814544677734375">
        <ele>15.6000003814697265625</ele>
        <time>2026-03-15T15:15:13.000Z</time>
        <extensions>
          <ns3:TrackPointExtension>
            <ns3:hr>145</ns3:hr>
            <ns3:cad>57</ns3:cad>
          </ns3:TrackPointExtension>
        </extensions>
      </trkpt>
      <trkpt lat="40.76792252250015735626220703125" lon="-73.9732296578586101531982421875">
        <ele>15.6000003814697265625</ele>
        <time>2026-03-15T15:15:14.000Z</time>
        <extensions>
          <ns3:TrackPointExtension>
            <ns3:hr>143</ns3:hr>
            <ns3:cad>57</ns3:cad>
          </ns3:TrackPointExtension>
        </extensions>
      </trkpt>
      <trkpt lat="40.7679665274918079376220703125" lon="-73.97322454489767551422119140625">
        <ele>16</ele>
        <time>2026-03-15T15:15:18.000Z</time>
        <extensions>
          <ns3:TrackPointExtension>
            <ns3:hr>146</ns3:hr>
            <ns3:cad>57</ns3:cad>
          </ns3:TrackPointExtension>
        </extensions>
      </trkpt>
      <trkpt lat="40.76815319247543811798095703125" lon="-73.9731820486485958099365234375">
        <ele>18.200000762939453125</ele>
        <time>2026-03-15T15:15:32.000Z</time>
        <extensions>
          <ns3:TrackPointExtension>
            <ns3:hr>145</ns3:hr>
            <ns3:cad>54</ns3:cad>
          </ns3:TrackPointExtension>
        </extensions>
      </trkpt>
      <trkpt lat="40.7681643404066562652587890625" lon="-73.97316989488899707794189453125">
        <ele>18.3999996185302734375</ele>
        <time>2026-03-15T15:15:33.000Z</time>
        <extensions>
          <ns3:TrackPointExtension>
            <ns3:hr>141</ns3:hr>
            <ns3:cad>54</ns3:cad>
          </ns3:TrackPointExtension>
        </extensions>
      </trkpt>
      <trkpt lat="40.768199376761913299560546875" lon="-73.973141647875308990478515625">
        <ele>18.6000003814697265625</ele>
        <time>2026-03-15T15:15:37.000Z</time>
        <extensions>
          <ns3:TrackPointExtension>
            <ns3:hr>138</ns3:hr>
            <ns3:cad>54</ns3:cad>
          </ns3:TrackPointExtension>
        </extensions>
      </trkpt>
      <trkpt lat="40.7683785818517208099365234375" lon="-73.9731022529304027557373046875">
        <ele>21</ele>
        <time>2026-03-15T15:15:50.000Z</time>
        <extensions>
          <ns3:TrackPointExtension>
            <ns3:hr>139</ns3:hr>
            <ns3:cad>54</ns3:cad>
          </ns3:TrackPointExtension>
        </extensions>
      </trkpt>
      <trkpt lat="40.7685623131692409515380859375" lon="-73.973079621791839599609375">
        <ele>21.3999996185302734375</ele>
        <time>2026-03-15T15:16:02.000Z</time>
        <extensions>
          <ns3:TrackPointExtension>
            <ns3:hr>141</ns3:hr>
            <ns3:cad>57</ns3:cad>
          </ns3:TrackPointExtension>
        </extensions>
      </trkpt>
      <trkpt lat="40.7686213217675685882568359375" lon="-73.973061181604862213134765625">
        <ele>21</ele>
        <time>2026-03-15T15:16:06.000Z</time>
        <extensions>
          <ns3:TrackPointExtension>
            <ns3:hr>138</ns3:hr>
            <ns3:cad>57</ns3:cad>
          </ns3:TrackPointExtension>
        </extensions>
      </trkpt>
      <trkpt lat="40.76879692263901233673095703125" lon="-73.97300778888165950775146484375">
        <ele>19.799999237060546875</ele>
        <time>2026-03-15T15:16:20.000Z</time>
        <extensions>
          <ns3:TrackPointExtension>
            <ns3:hr>139</ns3:hr>
            <ns3:cad>55</ns3:cad>
          </ns3:TrackPointExtension>
        </extensions>
      </trkpt>
      <trkpt lat="40.7689747028052806854248046875" lon="-73.972955234348773956298828125">
        <ele>19.200000762939453125</ele>
        <time>2026-03-15T15:16:33.000Z</time>
        <extensions>
          <ns3:TrackPointExtension>
            <ns3:hr>141</ns3:hr>
            <ns3:cad>58</ns3:cad>
          </ns3:TrackPointExtension>
        </extensions>
      </trkpt>
      <trkpt lat="40.769156254827976226806640625" lon="-73.9728678949177265167236328125">
        <ele>20.200000762939453125</ele>
        <time>2026-03-15T15:16:46.000Z</time>
        <extensions>
          <ns3:TrackPointExtension>
            <ns3:hr>140</ns3:hr>
            <ns3:cad>60</ns3:cad>
          </ns3:TrackPointExtension>
        </extensions>
      </trkpt>
      <trkpt lat="40.76930344104766845703125" lon="-73.97270184941589832305908203125">
        <ele>21.799999237060546875</ele>
        <time>2026-03-15T15:16:58.000Z</time>
        <extensions>
          <ns3:TrackPointExtension>
            <ns3:hr>138</ns3:hr>
            <ns3:cad>58</ns3:cad>
          </ns3:TrackPointExtension>
        </extensions>
      </trkpt>
      <trkpt lat="40.76942740939557552337646484375" lon="-73.97251971065998077392578125">
        <ele>22</ele>
        <time>2026-03-15T15:17:09.000Z</time>
        <extensions>
          <ns3:TrackPointExtension>
            <ns3:hr>137</ns3:hr>
            <ns3:cad>60</ns3:cad>
          </ns3:TrackPointExtension>
        </extensions>
      </trkpt>
      <trkpt lat="40.76948583126068115234375" lon="-73.97238132543861865997314453125">
        <ele>22</ele>
        <time>2026-03-15T15:17:17.000Z</time>
        <extensions>
          <ns3:TrackPointExtension>
            <ns3:hr>134</ns3:hr>
            <ns3:cad>59</ns3:cad>
          </ns3:TrackPointExtension>
        </extensions>
      </trkpt>
      <trkpt lat="40.769556574523448944091796875" lon="-73.97220748476684093475341796875">
        <ele>22</ele>
        <time>2026-03-15T15:17:26.000Z</time>
        <extensions>
          <ns3:TrackPointExtension>
            <ns3:hr>137</ns3:hr>
            <ns3:cad>58</ns3:cad>
          </ns3:TrackPointExtension>
        </extensions>
      </trkpt>
      <trkpt lat="40.7696227915585041046142578125" lon="-73.9720149524509906768798828125">
        <ele>21.3999996185302734375</ele>
        <time>2026-03-15T15:17:36.000Z</time>
        <extensions>
          <ns3:TrackPointExtension>
            <ns3:hr>133</ns3:hr>
            <ns3:cad>61</ns3:cad>
          </ns3:TrackPointExtension>
        </extensions>
      </trkpt>
      <trkpt lat="40.76964265666902065277099609375" lon="-73.97195988334715366363525390625">
        <ele>21.200000762939453125</ele>
        <time>2026-03-15T15:17:39.000Z</time>
        <extensions>
          <ns3:TrackPointExtension>
            <ns3:hr>136</ns3:hr>
            <ns3:cad>59</ns3:cad>
          </ns3:TrackPointExtension>
        </extensions>
      </trkpt>
      <trkpt lat="40.769655816256999969482421875" lon="-73.97192534990608692169189453125">
        <ele>21</ele>
        <time>2026-03-15T15:17:41.000Z</time>
        <extensions>
          <ns3:TrackPointExtension>
            <ns3:hr>131</ns3:hr>
            <ns3:cad>59</ns3:cad>
          </ns3:TrackPointExtension>
        </extensions>
      </trkpt>
      <trkpt lat="40.76966176740825176239013671875" lon="-73.9719073288142681121826171875">
        <ele>21</ele>
        <time>2026-03-15T15:17:42.000Z</time>
        <extensions>
          <ns3:TrackPointExtension>
            <ns3:hr>136</ns3:hr>
            <ns3:cad>59</ns3:cad>
          </ns3:TrackPointExtension>
        </extensions>
      </trkpt>
      <trkpt lat="40.7696687243878841400146484375" lon="-73.97188947536051273345947265625">
        <ele>21</ele>
        <time>2026-03-15T15:17:43.000Z</time>
        <extensions>
          <ns3:TrackPointExtension>
            <ns3:hr>139</ns3:hr>
            <ns3:cad>60</ns3:cad>
          </ns3:TrackPointExtension>
        </extensions>
      </trkpt>
      <trkpt lat="40.76967551372945308685302734375" lon="-73.9718686044216156005859375">
        <ele>21</ele>
        <time>2026-03-15T15:17:44.000Z</time>
        <extensions>
          <ns3:TrackPointExtension>
            <ns3:hr>143</ns3:hr>
            <ns3:cad>61</ns3:cad>
          </ns3:TrackPointExtension>
        </extensions>
      </trkpt>
      <trkpt lat="40.7697002403438091278076171875" lon="-73.97183197550475597381591796875">
        <ele>21</ele>
        <time>2026-03-15T15:17:46.000Z</time>
        <extensions>
          <ns3:TrackPointExtension>
            <ns3:hr>139</ns3:hr>
            <ns3:cad>61</ns3:cad>
          </ns3:TrackPointExtension>
        </extensions>
      </trkpt>
      <trkpt lat="40.76981632970273494720458984375" lon="-73.97163902409374713897705078125">
        <ele>20.799999237060546875</ele>
        <time>2026-03-15T15:17:59.000Z</time>
        <extensions>
          <ns3:TrackPointExtension>
            <ns3:hr>137</ns3:hr>
            <ns3:cad>59</ns3:cad>
          </ns3:TrackPointExtension>
        </extensions>
      </trkpt>
      <trkpt lat="40.7698578201234340667724609375" lon="-73.97157565690577030181884765625">
        <ele>20.6000003814697265625</ele>
        <time>2026-03-15T15:18:03.000Z</time>
        <extensions>
          <ns3:TrackPointExtension>
            <ns3:hr>140</ns3:hr>
            <ns3:cad>61</ns3:cad>
          </ns3:TrackPointExtension>
        </extensions>
      </trkpt>
      <trkpt lat="40.769984722137451171875" lon="-73.97140583954751491546630859375">
        <ele>20.6000003814697265625</ele>
        <time>2026-03-15T15:18:13.000Z</time>
        <extensions>
          <ns3:TrackPointExtension>
            <ns3:hr>141</ns3:hr>
            <ns3:cad>82</ns3:cad>
          </ns3:TrackPointExtension>
        </extensions>
      </trkpt>
      <trkpt lat="40.77000022865831851959228515625" lon="-73.97138706408441066741943359375">
        <ele>20.6000003814697265625</ele>
        <time>2026-03-15T15:18:14.000Z</time>
        <extensions>
          <ns3:TrackPointExtension>
            <ns3:hr>136</ns3:hr>
            <ns3:cad>82</ns3:cad>
          </ns3:TrackPointExtension>
        </extensions>
      </trkpt>
      <trkpt lat="40.770030319690704345703125" lon="-73.9713534526526927947998046875">
        <ele>20.6000003814697265625</ele>
        <time>2026-03-15T15:18:16.000Z</time>
        <extensions>
          <ns3:TrackPointExtension>
            <ns3:hr>139</ns3:hr>
            <ns3:cad>82</ns3:cad>
          </ns3:TrackPointExtension>
        </extensions>
      </trkpt>
      <trkpt lat="40.77010047622025012969970703125" lon="-73.97130056284368038177490234375">
        <ele>21</ele>
        <time>2026-03-15T15:18:20.000Z</time>
        <extensions>
          <ns3:TrackPointExtension>
            <ns3:hr>144</ns3:hr>
            <ns3:cad>83</ns3:cad>
          </ns3:TrackPointExtension>
        </extensions>
      </trkpt>
      <trkpt lat="40.77011371962726116180419921875" lon="-73.9712880738079547882080078125">
        <ele>21.200000762939453125</ele>
        <time>2026-03-15T15:18:21.000Z</time>
        <extensions>
          <ns3:TrackPointExtension>
            <ns3:hr>147</ns3:hr>
            <ns3:cad>83</ns3:cad>
          </ns3:TrackPointExtension>
        </extensions>
      </trkpt>
      <trkpt lat="40.7701414637267589569091796875" lon="-73.971262089908123016357421875">
        <ele>21.3999996185302734375</ele>
        <time>2026-03-15T15:18:23.000Z</time>
        <extensions>
          <ns3:TrackPointExtension>
            <ns3:hr>152</ns3:hr>
            <ns3:cad>83</ns3:cad>
          </ns3:TrackPointExtension>
        </extensions>
      </trkpt>
      <trkpt lat="40.77016266994178295135498046875" lon="-73.97124960087239742279052734375">
        <ele>21.3999996185302734375</ele>
        <time>2026-03-15T15:18:24.000Z</time>
        <extensions>
          <ns3:TrackPointExtension>
            <ns3:hr>155</ns3:hr>
            <ns3:cad>82</ns3:cad>
          </ns3:TrackPointExtension>
        </extensions>
      </trkpt>
      <trkpt lat="40.7701991312205791473388671875" lon="-73.9712263830006122589111328125">
        <ele>21.799999237060546875</ele>
        <time>2026-03-15T15:18:26.000Z</time>
        <extensions>
          <ns3:TrackPointExtension>
            <ns3:hr>159</ns3:hr>
            <ns3:cad>83</ns3:cad>
          </ns3:TrackPointExtension>
        </extensions>
      </trkpt>
      <trkpt lat="40.77021698467433452606201171875" lon="-73.97121691145002841949462890625">
        <ele>21.799999237060546875</ele>
        <time>2026-03-15T15:18:27.000Z</time>
        <extensions>
          <ns3:TrackPointExtension>
            <ns3:hr>164</ns3:hr>
            <ns3:cad>84</ns3:cad>
          </ns3:TrackPointExtension>
        </extensions>
      </trkpt>
      <trkpt lat="40.7702356763184070587158203125" lon="-73.97120567969977855682373046875">
        <ele>22</ele>
        <time>2026-03-15T15:18:28.000Z</time>
        <extensions>
          <ns3:TrackPointExtension>
            <ns3:hr>169</ns3:hr>
            <ns3:cad>84</ns3:cad>
          </ns3:TrackPointExtension>
        </extensions>
      </trkpt>
      <trkpt lat="40.7702542841434478759765625" lon="-73.97119327448308467864990234375">
        <ele>22</ele>
        <time>2026-03-15T15:18:29.000Z</time>
        <extensions>
          <ns3:TrackPointExtension>
            <ns3:hr>174</ns3:hr>
            <ns3:cad>84</ns3:cad>
          </ns3:TrackPointExtension>
        </extensions>
      </trkpt>
      <trkpt lat="40.7702722214162349700927734375" lon="-73.9711819589138031005859375">
        <ele>22.200000762939453125</ele>
        <time>2026-03-15T15:18:30.000Z</time>
        <extensions>
          <ns3:TrackPointExtension>
            <ns3:hr>179</ns3:hr>
            <ns3:cad>84</ns3:cad>
          </ns3:TrackPointExtension>
        </extensions>
      </trkpt>
      <trkpt lat="40.7702893204987049102783203125" lon="-73.97117382846772670745849609375">
        <ele>22.200000762939453125</ele>
        <time>2026-03-15T15:18:31.000Z</time>
        <extensions>
          <ns3:TrackPointExtension>
            <ns3:hr>184</ns3:hr>
            <ns3:cad>85</ns3:cad>
          </ns3:TrackPointExtension>
        </extensions>
      </trkpt>
      <trkpt lat="40.77030650340020656585693359375" lon="-73.97116913460195064544677734375">
        <ele>22.200000762939453125</ele>
        <time>2026-03-15T15:18:32.000Z</time>
        <extensions>
          <ns3:TrackPointExtension>
            <ns3:hr>188</ns3:hr>
            <ns3:cad>86</ns3:cad>
          </ns3:TrackPointExtension>
        </extensions>
      </trkpt>
      <trkpt lat="40.770325027406215667724609375" lon="-73.9711626805365085601806640625">
        <ele>22.3999996185302734375</ele>
        <time>2026-03-15T15:18:33.000Z</time>
        <extensions>
          <ns3:TrackPointExtension>
            <ns3:hr>192</ns3:hr>
            <ns3:cad>86</ns3:cad>
          </ns3:TrackPointExtension>
        </extensions>
      </trkpt>
      <trkpt lat="40.77035411261022090911865234375" lon="-73.9711469225585460662841796875">
        <ele>22.6000003814697265625</ele>
        <time>2026-03-15T15:18:35.000Z</time>
        <extensions>
          <ns3:TrackPointExtension>
            <ns3:hr>199</ns3:hr>
            <ns3:cad>85</ns3:cad>
          </ns3:TrackPointExtension>
        </extensions>
      </trkpt>
      <trkpt lat="40.77037171460688114166259765625" lon="-73.9711375348269939422607421875">
        <ele>22.6000003814697265625</ele>
        <time>2026-03-15T15:18:36.000Z</time>
        <extensions>
          <ns3:TrackPointExtension>
            <ns3:hr>194</ns3:hr>
            <ns3:cad>83</ns3:cad>
          </ns3:TrackPointExtension>
        </extensions>
      </trkpt>
      <trkpt lat="40.77038847841322422027587890625" lon="-73.97112923674285411834716796875">
        <ele>22.799999237060546875</ele>
        <time>2026-03-15T15:18:37.000Z</time>
        <extensions>
          <ns3:TrackPointExtension>
            <ns3:hr>191</ns3:hr>
            <ns3:cad>83</ns3:cad>
          </ns3:TrackPointExtension>
        </extensions>
      </trkpt>
      <trkpt lat="40.77041747979819774627685546875" lon="-73.97111800499260425567626953125">
        <ele>22.799999237060546875</ele>
        <time>2026-03-15T15:18:39.000Z</time>
        <extensions>
          <ns3:TrackPointExtension>
            <ns3:hr>194</ns3:hr>
            <ns3:cad>84</ns3:cad>
          </ns3:TrackPointExtension>
        </extensions>
      </trkpt>
      <trkpt lat="40.770449750125408172607421875" lon="-73.9711063541471958160400390625">
        <ele>23</ele>
        <time>2026-03-15T15:18:41.000Z</time>
        <extensions>
          <ns3:TrackPointExtension>
            <ns3:hr>197</ns3:hr>
            <ns3:cad>84</ns3:cad>
          </ns3:TrackPointExtension>
        </extensions>
      </trkpt>
      <trkpt lat="40.77046592719852924346923828125" lon="-73.9710979722440242767333984375">
        <ele>23</ele>
        <time>2026-03-15T15:18:42.000Z</time>
        <extensions>
          <ns3:TrackPointExtension>
            <ns3:hr>194</ns3:hr>
            <ns3:cad>84</ns3:cad>
          </ns3:TrackPointExtension>
        </extensions>
      </trkpt>
      <trkpt lat="40.7704864628612995147705078125" lon="-73.971090428531169891357421875">
        <ele>23</ele>
        <time>2026-03-15T15:18:43.000Z</time>
        <extensions>
          <ns3:TrackPointExtension>
            <ns3:hr>189</ns3:hr>
            <ns3:cad>83</ns3:cad>
          </ns3:TrackPointExtension>
        </extensions>
      </trkpt>
      <trkpt lat="40.77050716616213321685791015625" lon="-73.971084393560886383056640625">
        <ele>23</ele>
        <time>2026-03-15T15:18:44.000Z</time>
        <extensions>
          <ns3:TrackPointExtension>
            <ns3:hr>183</ns3:hr>
            <ns3:cad>83</ns3:cad>
          </ns3:TrackPointExtension>
        </extensions>
      </trkpt>
      <trkpt lat="40.7705300487577915191650390625" lon="-73.9710791967809200286865234375">
        <ele>23</ele>
        <time>2026-03-15T15:18:45.000Z</time>
        <extensions>
          <ns3:TrackPointExtension>
            <ns3:hr>179</ns3:hr>
            <ns3:cad>82</ns3:cad>
          </ns3:TrackPointExtension>
        </extensions>
      </trkpt>
      <trkpt lat="40.770586542785167694091796875" lon="-73.9710476808249950408935546875">
        <ele>23</ele>
        <time>2026-03-15T15:18:48.000Z</time>
        <extensions>
          <ns3:TrackPointExtension>
            <ns3:hr>176</ns3:hr>
            <ns3:cad>82</ns3:cad>
          </ns3:TrackPointExtension>
        </extensions>
      </trkpt>
      <trkpt lat="40.77062333934009075164794921875" lon="-73.971022702753543853759765625">
        <ele>23</ele>
        <time>2026-03-15T15:18:50.000Z</time>
        <extensions>
          <ns3:TrackPointExtension>
            <ns3:hr>180</ns3:hr>
            <ns3:cad>83</ns3:cad>
          </ns3:TrackPointExtension>
        </extensions>
      </trkpt>
      <trkpt lat="40.77070917002856731414794921875" lon="-73.97096763364970684051513671875">
        <ele>23</ele>
        <time>2026-03-15T15:18:55.000Z</time>
        <extensions>
          <ns3:TrackPointExtension>
            <ns3:hr>177</ns3:hr>
            <ns3:cad>83</ns3:cad>
          </ns3:TrackPointExtension>
        </extensions>
      </trkpt>
      <trkpt lat="40.7708317972719669342041015625" lon="-73.97087015211582183837890625">
        <ele>23</ele>
        <time>2026-03-15T15:19:02.000Z</time>
        <extensions>
          <ns3:TrackPointExtension>
            <ns3:hr>174</ns3:hr>
            <ns3:cad>85</ns3:cad>
          </ns3:TrackPointExtension>
        </extensions>
      </trkpt>
      <trkpt lat="40.77089457772672176361083984375" lon="-73.97080577909946441650390625">
        <ele>23</ele>
        <time>2026-03-15T15:19:06.000Z</time>
        <extensions>
          <ns3:TrackPointExtension>
            <ns3:hr>170</ns3:hr>
            <ns3:cad>82</ns3:cad>
          </ns3:TrackPointExtension>
        </extensions>
      </trkpt>
      <trkpt lat="40.7709719426929950714111328125" lon="-73.97069941274821758270263671875">
        <ele>22.6000003814697265625</ele>
        <time>2026-03-15T15:19:12.000Z</time>
        <extensions>
          <ns3:TrackPointExtension>
            <ns3:hr>173</ns3:hr>
            <ns3:cad>83</ns3:cad>
          </ns3:TrackPointExtension>
        </extensions>
      </trkpt>
      <trkpt lat="40.77101728878915309906005859375" lon="-73.97064618766307830810546875">
        <ele>22.6000003814697265625</ele>
        <time>2026-03-15T15:19:15.000Z</time>
        <extensions>
          <ns3:TrackPointExtension>
            <ns3:hr>176</ns3:hr>
            <ns3:cad>82</ns3:cad>
          </ns3:TrackPointExtension>
        </extensions>
      </trkpt>
      <trkpt lat="40.77108375728130340576171875" lon="-73.9705457724630832672119140625">
        <ele>22.3999996185302734375</ele>
        <time>2026-03-15T15:19:20.000Z</time>
        <extensions>
          <ns3:TrackPointExtension>
            <ns3:hr>179</ns3:hr>
            <ns3:cad>82</ns3:cad>
          </ns3:TrackPointExtension>
        </extensions>
      </trkpt>
      <trkpt lat="40.771210826933383941650390625" lon="-73.9703506417572498321533203125">
        <ele>22.799999237060546875</ele>
        <time>2026-03-15T15:19:29.000Z</time>
        <extensions>
          <ns3:TrackPointExtension>
            <ns3:hr>178</ns3:hr>
            <ns3:cad>83</ns3:cad>
          </ns3:TrackPointExtension>
        </extensions>
      </trkpt>
      <trkpt lat="40.77125365845859050750732421875" lon="-73.97026489488780498504638671875">
        <ele>23</ele>
        <time>2026-03-15T15:19:33.000Z</time>
        <extensions>
          <ns3:TrackPointExtension>
            <ns3:hr>181</ns3:hr>
            <ns3:cad>84</ns3:cad>
          </ns3:TrackPointExtension>
        </extensions>
      </trkpt>
      <trkpt lat="40.7713826559484004974365234375" lon="-73.9700763858854770660400390625">
        <ele>23.3999996185302734375</ele>
        <time>2026-03-15T15:19:44.000Z</time>
        <extensions>
          <ns3:TrackPointExtension>
            <ns3:hr>181</ns3:hr>
            <ns3:cad>83</ns3:cad>
          </ns3:TrackPointExtension>
        </extensions>
      </trkpt>
      <trkpt lat="40.77146731317043304443359375" lon="-73.96993129514157772064208984375">
        <ele>23.799999237060546875</ele>
        <time>2026-03-15T15:19:54.000Z</time>
        <extensions>
          <ns3:TrackPointExtension>
            <ns3:hr>178</ns3:hr>
            <ns3:cad>57</ns3:cad>
          </ns3:TrackPointExtension>
        </extensions>
      </trkpt>
      <trkpt lat="40.7715754397213459014892578125" lon="-73.9697213284671306610107421875">
        <ele>24</ele>
        <time>2026-03-15T15:20:07.000Z</time>
        <extensions>
          <ns3:TrackPointExtension>
            <ns3:hr>179</ns3:hr>
            <ns3:cad>117</ns3:cad>
          </ns3:TrackPointExtension>
        </extensions>
      </trkpt>
      <trkpt lat="40.7716428302228450775146484375" lon="-73.96961663849651813507080078125">
        <ele>24</ele>
        <time>2026-03-15T15:20:12.000Z</time>
        <extensions>
          <ns3:TrackPointExtension>
            <ns3:hr>176</ns3:hr>
            <ns3:cad>80</ns3:cad>
          </ns3:TrackPointExtension>
        </extensions>
      </trkpt>
      <trkpt lat="40.7716934569180011749267578125" lon="-73.9695483259856700897216796875">
        <ele>24</ele>
        <time>2026-03-15T15:20:16.000Z</time>
        <extensions>
          <ns3:TrackPointExtension>
            <ns3:hr>173</ns3:hr>
            <ns3:cad>82</ns3:cad>
          </ns3:TrackPointExtension>
        </extensions>
      </trkpt>
      <trkpt lat="40.77175606973469257354736328125" lon="-73.9694584719836711883544921875">
        <ele>23.799999237060546875</ele>
        <time>2026-03-15T15:20:21.000Z</time>
        <extensions>
          <ns3:TrackPointExtension>
            <ns3:hr>170</ns3:hr>
            <ns3:cad>84</ns3:cad>
          </ns3:TrackPointExtension>
        </extensions>
      </trkpt>
      <trkpt lat="40.7718168385326862335205078125" lon="-73.96940055303275585174560546875">
        <ele>24</ele>
        <time>2026-03-15T15:20:25.000Z</time>
        <extensions>
          <ns3:TrackPointExtension>
            <ns3:hr>167</ns3:hr>
            <ns3:cad>83</ns3:cad>
          </ns3:TrackPointExtension>
        </extensions>
      </trkpt>
      <trkpt lat="40.77187425456941127777099609375" lon="-73.96933701820671558380126953125">
        <ele>24</ele>
        <time>2026-03-15T15:20:29.000Z</time>
        <extensions>
          <ns3:TrackPointExtension>
            <ns3:hr>164</ns3:hr>
            <ns3:cad>83</ns3:cad>
          </ns3:TrackPointExtension>
        </extensions>
      </trkpt>
      <trkpt lat="40.77188632450997829437255859375" lon="-73.9693253673613071441650390625">
        <ele>24</ele>
        <time>2026-03-15T15:20:30.000Z</time>
        <extensions>
          <ns3:TrackPointExtension>
            <ns3:hr>167</ns3:hr>
            <ns3:cad>83</ns3:cad>
          </ns3:TrackPointExtension>
        </extensions>
      </trkpt>
      <trkpt lat="40.77205337584018707275390625" lon="-73.96923291496932506561279296875">
        <ele>24</ele>
        <time>2026-03-15T15:20:40.000Z</time>
        <extensions>
          <ns3:TrackPointExtension>
            <ns3:hr>166</ns3:hr>
            <ns3:cad>83</ns3:cad>
          </ns3:TrackPointExtension>
        </extensions>
      </trkpt>
      <trkpt lat="40.7720833830535411834716796875" lon="-73.969220258295536041259765625">
        <ele>24</ele>
        <time>2026-03-15T15:20:42.000Z</time>
        <extensions>
          <ns3:TrackPointExtension>
            <ns3:hr>170</ns3:hr>
            <ns3:cad>84</ns3:cad>
          </ns3:TrackPointExtension>
        </extensions>
      </trkpt>
      <trkpt lat="40.77216292731463909149169921875" lon="-73.9691810309886932373046875">
        <ele>24</ele>
        <time>2026-03-15T15:20:48.000Z</time>
        <extensions>
          <ns3:TrackPointExtension>
            <ns3:hr>167</ns3:hr>
            <ns3:cad>81</ns3:cad>
          </ns3:TrackPointExtension>
        </extensions>
      </trkpt>
      <trkpt lat="40.7721973769366741180419921875" lon="-73.9691644348204135894775390625">
        <ele>24</ele>
        <time>2026-03-15T15:20:50.000Z</time>
        <extensions>
          <ns3:TrackPointExtension>
            <ns3:hr>172</ns3:hr>
            <ns3:cad>81</ns3:cad>
          </ns3:TrackPointExtension>
        </extensions>
      </trkpt>
      <trkpt lat="40.7723465748131275177001953125" lon="-73.9690474234521389007568359375">
        <ele>24</ele>
        <time>2026-03-15T15:20:59.000Z</time>
        <extensions>
          <ns3:TrackPointExtension>
            <ns3:hr>176</ns3:hr>
            <ns3:cad>82</ns3:cad>
          </ns3:TrackPointExtension>
        </extensions>
      </trkpt>
      <trkpt lat="40.77251429669559001922607421875" lon="-73.96898447535932064056396484375">
        <ele>23.3999996185302734375</ele>
        <time>2026-03-15T15:21:07.000Z</time>
        <extensions>
          <ns3:TrackPointExtension>
            <ns3:hr>174</ns3:hr>
            <ns3:cad>84</ns3:cad>
          </ns3:TrackPointExtension>
        </extensions>
      </trkpt>
      <trkpt lat="40.7726959325373172760009765625" lon="-73.968916498124599456787109375">
        <ele>22.799999237060546875</ele>
        <time>2026-03-15T15:21:16.000Z</time>
        <extensions>
          <ns3:TrackPointExtension>
            <ns3:hr>173</ns3:hr>
            <ns3:cad>84</ns3:cad>
          </ns3:TrackPointExtension>
        </extensions>
      </trkpt>
      <trkpt lat="40.77288276515901088714599609375" lon="-73.96890719421207904815673828125">
        <ele>22.200000762939453125</ele>
        <time>2026-03-15T15:21:26.000Z</time>
        <extensions>
          <ns3:TrackPointExtension>
            <ns3:hr>173</ns3:hr>
            <ns3:cad>82</ns3:cad>
          </ns3:TrackPointExtension>
        </extensions>
      </trkpt>
      <trkpt lat="40.773044116795063018798828125" lon="-73.9689206890761852264404296875">
        <ele>21</ele>
        <time>2026-03-15T15:21:34.000Z</time>
        <extensions>
          <ns3:TrackPointExtension>
            <ns3:hr>176</ns3:hr>
            <ns3:cad>83</ns3:cad>
          </ns3:TrackPointExtension>
        </extensions>
      </trkpt>
      <trkpt lat="40.77323061414062976837158203125" lon="-73.968965113162994384765625">
        <ele>19.799999237060546875</ele>
        <time>2026-03-15T15:21:45.000Z</time>
        <extensions>
          <ns3:TrackPointExtension>
            <ns3:hr>174</ns3:hr>
            <ns3:cad>78</ns3:cad>
          </ns3:TrackPointExtension>
        </extensions>
      </trkpt>
      <trkpt lat="40.77332608401775360107421875" lon="-73.9690299890935420989990234375">
        <ele>19.200000762939453125</ele>
        <time>2026-03-15T15:21:51.000Z</time>
        <extensions>
          <ns3:TrackPointExtension>
            <ns3:hr>171</ns3:hr>
            <ns3:cad>80</ns3:cad>
          </ns3:TrackPointExtension>
        </extensions>
      </trkpt>
      <trkpt lat="40.77336455695331096649169921875" lon="-73.9690729044377803802490234375">
        <ele>18.799999237060546875</ele>
        <time>2026-03-15T15:21:54.000Z</time>
        <extensions>
          <ns3:TrackPointExtension>
            <ns3:hr>168</ns3:hr>
            <ns3:cad>78</ns3:cad>
          </ns3:TrackPointExtension>
        </extensions>
      </trkpt>
      <trkpt lat="40.77337645925581455230712890625" lon="-73.96908841095864772796630859375">
        <ele>18.799999237060546875</ele>
        <time>2026-03-15T15:21:55.000Z</time>
        <extensions>
          <ns3:TrackPointExtension>
            <ns3:hr>162</ns3:hr>
            <ns3:cad>78</ns3:cad>
          </ns3:TrackPointExtension>
        </extensions>
      </trkpt>
      <trkpt lat="40.77338735572993755340576171875" lon="-73.969106934964656829833984375">
        <ele>18.799999237060546875</ele>
        <time>2026-03-15T15:21:56.000Z</time>
        <extensions>
          <ns3:TrackPointExtension>
            <ns3:hr>166</ns3:hr>
            <ns3:cad>78</ns3:cad>
          </ns3:TrackPointExtension>
        </extensions>
      </trkpt>
      <trkpt lat="40.7734204642474651336669921875" lon="-73.96919167600572109222412109375">
        <ele>18.6000003814697265625</ele>
        <time>2026-03-15T15:22:00.000Z</time>
        <extensions>
          <ns3:TrackPointExtension>
            <ns3:hr>169</ns3:hr>
            <ns3:cad>79</ns3:cad>
          </ns3:TrackPointExtension>
        </extensions>
      </trkpt>
      <trkpt lat="40.7734586857259273529052734375" lon="-73.96943994797766208648681640625">
        <ele>18.3999996185302734375</ele>
        <time>2026-03-15T15:22:11.000Z</time>
        <extensions>
          <ns3:TrackPointExtension>
            <ns3:hr>168</ns3:hr>
            <ns3:cad>81</ns3:cad>
          </ns3:TrackPointExtension>
        </extensions>
      </trkpt>
      <trkpt lat="40.77342323027551174163818359375" lon="-73.969674222171306610107421875">
        <ele>19.6000003814697265625</ele>
        <time>2026-03-15T15:22:21.000Z</time>
        <extensions>
          <ns3:TrackPointExtension>
            <ns3:hr>167</ns3:hr>
            <ns3:cad>82</ns3:cad>
          </ns3:TrackPointExtension>
        </extensions>
      </trkpt>
      <trkpt lat="40.7733892835676670074462890625" lon="-73.96988066844642162322998046875">
        <ele>19.6000003814697265625</ele>
        <time>2026-03-15T15:22:30.000Z</time>
        <extensions>
          <ns3:TrackPointExtension>
            <ns3:hr>172</ns3:hr>
            <ns3:cad>81</ns3:cad>
          </ns3:TrackPointExtension>
        </extensions>
      </trkpt>
      <trkpt lat="40.77338383533060550689697265625" lon="-73.96990397013723850250244140625">
        <ele>19.799999237060546875</ele>
        <time>2026-03-15T15:22:31.000Z</time>
        <extensions>
          <ns3:TrackPointExtension>
            <ns3:hr>175</ns3:hr>
            <ns3:cad>81</ns3:cad>
          </ns3:TrackPointExtension>
        </extensions>
      </trkpt>
      <trkpt lat="40.7733772136270999908447265625" lon="-73.9699271880090236663818359375">
        <ele>19.799999237060546875</ele>
        <time>2026-03-15T15:22:32.000Z</time>
        <extensions>
          <ns3:TrackPointExtension>
            <ns3:hr>171</ns3:hr>
            <ns3:cad>81</ns3:cad>
          </ns3:TrackPointExtension>
        </extensions>
      </trkpt>
      <trkpt lat="40.77338735572993755340576171875" lon="-73.970163725316524505615234375">
        <ele>20.200000762939453125</ele>
        <time>2026-03-15T15:22:42.000Z</time>
        <extensions>
          <ns3:TrackPointExtension>
            <ns3:hr>170</ns3:hr>
            <ns3:cad>82</ns3:cad>
          </ns3:TrackPointExtension>
        </extensions>
      </trkpt>
      <trkpt lat="40.77340562827885150909423828125" lon="-73.970217369496822357177734375">
        <ele>20.6000003814697265625</ele>
        <time>2026-03-15T15:22:44.000Z</time>
        <extensions>
          <ns3:TrackPointExtension>
            <ns3:hr>170</ns3:hr>
            <ns3:cad>82</ns3:cad>
          </ns3:TrackPointExtension>
        </extensions>
      </trkpt>
      <trkpt lat="40.773485004901885986328125" lon="-73.97043420933187007904052734375">
        <ele>21.6000003814697265625</ele>
        <time>2026-03-15T15:22:55.000Z</time>
        <extensions>
          <ns3:TrackPointExtension>
            <ns3:hr>172</ns3:hr>
            <ns3:cad>59</ns3:cad>
          </ns3:TrackPointExtension>
        </extensions>
      </trkpt>
      <trkpt lat="40.7735518924891948699951171875" lon="-73.97067460231482982635498046875">
        <ele>21.799999237060546875</ele>
        <time>2026-03-15T15:23:08.000Z</time>
        <extensions>
          <ns3:TrackPointExtension>
            <ns3:hr>171</ns3:hr>
            <ns3:cad>59</ns3:cad>
          </ns3:TrackPointExtension>
        </extensions>
      </trkpt>
      <trkpt lat="40.77361165545880794525146484375" lon="-73.9709169231355190277099609375">
        <ele>20.6000003814697265625</ele>
        <time>2026-03-15T15:23:20.000Z</time>
        <extensions>
          <ns3:TrackPointExtension>
            <ns3:hr>170</ns3:hr>
            <ns3:cad>63</ns3:cad>
          </ns3:TrackPointExtension>
        </extensions>
      </trkpt>
      <trkpt lat="40.77361886389553546905517578125" lon="-73.97094265557825565338134765625">
        <ele>20.6000003814697265625</ele>
        <time>2026-03-15T15:23:21.000Z</time>
        <extensions>
          <ns3:TrackPointExtension>
            <ns3:hr>169</ns3:hr>
            <ns3:cad>63</ns3:cad>
          </ns3:TrackPointExtension>
        </extensions>
      </trkpt>
      <trkpt lat="40.77364652417600154876708984375" lon="-73.97105296142399311065673828125">
        <ele>20.6000003814697265625</ele>
        <time>2026-03-15T15:23:25.000Z</time>
        <extensions>
          <ns3:TrackPointExtension>
            <ns3:hr>166</ns3:hr>
            <ns3:cad>81</ns3:cad>
          </ns3:TrackPointExtension>
        </extensions>
      </trkpt>
      <trkpt lat="40.7736896909773349761962890625" lon="-73.97122512571513652801513671875">
        <ele>20.6000003814697265625</ele>
        <time>2026-03-15T15:23:31.000Z</time>
        <extensions>
          <ns3:TrackPointExtension>
            <ns3:hr>163</ns3:hr>
            <ns3:cad>82</ns3:cad>
          </ns3:TrackPointExtension>
        </extensions>
      </trkpt>
      <trkpt lat="40.7737205363810062408447265625" lon="-73.971327133476734161376953125">
        <ele>20.3999996185302734375</ele>
        <time>2026-03-15T15:23:35.000Z</time>
        <extensions>
          <ns3:TrackPointExtension>
            <ns3:hr>160</ns3:hr>
            <ns3:cad>81</ns3:cad>
          </ns3:TrackPointExtension>
        </extensions>
      </trkpt>
      <trkpt lat="40.77373973093926906585693359375" lon="-73.97140131331980228424072265625">
        <ele>20.200000762939453125</ele>
        <time>2026-03-15T15:23:38.000Z</time>
        <extensions>
          <ns3:TrackPointExtension>
            <ns3:hr>164</ns3:hr>
            <ns3:cad>82</ns3:cad>
          </ns3:TrackPointExtension>
        </extensions>
      </trkpt>
      <trkpt lat="40.77375096268951892852783203125" lon="-73.97144724614918231964111328125">
        <ele>20.3999996185302734375</ele>
        <time>2026-03-15T15:23:40.000Z</time>
        <extensions>
          <ns3:TrackPointExtension>
            <ns3:hr>168</ns3:hr>
            <ns3:cad>82</ns3:cad>
          </ns3:TrackPointExtension>
        </extensions>
      </trkpt>
      <trkpt lat="40.7737919501960277557373046875" lon="-73.97159258835017681121826171875">
        <ele>20.3999996185302734375</ele>
        <time>2026-03-15T15:23:46.000Z</time>
        <extensions>
          <ns3:TrackPointExtension>
            <ns3:hr>164</ns3:hr>
            <ns3:cad>83</ns3:cad>
          </ns3:TrackPointExtension>
        </extensions>
      </trkpt>
      <trkpt lat="40.773803852498531341552734375" lon="-73.97164396941661834716796875">
        <ele>20.799999237060546875</ele>
        <time>2026-03-15T15:23:48.000Z</time>
        <extensions>
          <ns3:TrackPointExtension>
            <ns3:hr>161</ns3:hr>
            <ns3:cad>83</ns3:cad>
          </ns3:TrackPointExtension>
        </extensions>
      </trkpt>
      <trkpt lat="40.77381516806781291961669921875" lon="-73.97169518284499645233154296875">
        <ele>21</ele>
        <time>2026-03-15T15:23:50.000Z</time>
        <extensions>
          <ns3:TrackPointExtension>
            <ns3:hr>165</ns3:hr>
            <ns3:cad>82</ns3:cad>
          </ns3:TrackPointExtension>
        </extensions>
      </trkpt>
      <trkpt lat="40.77381902374327182769775390625" lon="-73.97172166965901851654052734375">
        <ele>21</ele>
        <time>2026-03-15T15:23:51.000Z</time>
        <extensions>
          <ns3:TrackPointExtension>
            <ns3:hr>170</ns3:hr>
            <ns3:cad>81</ns3:cad>
          </ns3:TrackPointExtension>
        </extensions>
      </trkpt>
      <trkpt lat="40.7738405652344226837158203125" lon="-73.97188981063663959503173828125">
        <ele>21.799999237060546875</ele>
        <time>2026-03-15T15:23:58.000Z</time>
        <extensions>
          <ns3:TrackPointExtension>
            <ns3:hr>174</ns3:hr>
            <ns3:cad>80</ns3:cad>
          </ns3:TrackPointExtension>
        </extensions>
      </trkpt>
      <trkpt lat="40.773838721215724945068359375" lon="-73.9719100110232830047607421875">
        <ele>22</ele>
        <time>2026-03-15T15:23:59.000Z</time>
        <extensions>
          <ns3:TrackPointExtension>
            <ns3:hr>174</ns3:hr>
            <ns3:cad>81</ns3:cad>
          </ns3:TrackPointExtension>
        </extensions>
      </trkpt>
      <trkpt lat="40.7738385535776615142822265625" lon="-73.97195653058588504791259765625">
        <ele>22.200000762939453125</ele>
        <time>2026-03-15T15:24:01.000Z</time>
        <extensions>
          <ns3:TrackPointExtension>
            <ns3:hr>170</ns3:hr>
            <ns3:cad>81</ns3:cad>
          </ns3:TrackPointExtension>
        </extensions>
      </trkpt>
      <trkpt lat="40.77381818555295467376708984375" lon="-73.9721212349832057952880859375">
        <ele>22.200000762939453125</ele>
        <time>2026-03-15T15:24:08.000Z</time>
        <extensions>
          <ns3:TrackPointExtension>
            <ns3:hr>174</ns3:hr>
            <ns3:cad>79</ns3:cad>
          </ns3:TrackPointExtension>
        </extensions>
      </trkpt>
      <trkpt lat="40.77380343340337276458740234375" lon="-73.972174040973186492919921875">
        <ele>22.200000762939453125</ele>
        <time>2026-03-15T15:24:10.000Z</time>
        <extensions>
          <ns3:TrackPointExtension>
            <ns3:hr>171</ns3:hr>
            <ns3:cad>81</ns3:cad>
          </ns3:TrackPointExtension>
        </extensions>
      </trkpt>
      <trkpt lat="40.7737661339342594146728515625" lon="-73.97236975841224193572998046875">
        <ele>21.3999996185302734375</ele>
        <time>2026-03-15T15:24:18.000Z</time>
        <extensions>
          <ns3:TrackPointExtension>
            <ns3:hr>175</ns3:hr>
            <ns3:cad>80</ns3:cad>
          </ns3:TrackPointExtension>
        </extensions>
      </trkpt>
      <trkpt lat="40.77375657856464385986328125" lon="-73.972444273531436920166015625">
        <ele>21.200000762939453125</ele>
        <time>2026-03-15T15:24:21.000Z</time>
        <extensions>
          <ns3:TrackPointExtension>
            <ns3:hr>178</ns3:hr>
            <ns3:cad>81</ns3:cad>
          </ns3:TrackPointExtension>
        </extensions>
      </trkpt>
      <trkpt lat="40.77375615946948528289794921875" lon="-73.97248978726565837860107421875">
        <ele>21</ele>
        <time>2026-03-15T15:24:23.000Z</time>
        <extensions>
          <ns3:TrackPointExtension>
            <ns3:hr>181</ns3:hr>
            <ns3:cad>80</ns3:cad>
          </ns3:TrackPointExtension>
        </extensions>
      </trkpt>
      <trkpt lat="40.77375263907015323638916015625" lon="-73.97272867150604724884033203125">
        <ele>20.200000762939453125</ele>
        <time>2026-03-15T15:24:31.000Z</time>
        <extensions>
          <ns3:TrackPointExtension>
            <ns3:hr>182</ns3:hr>
            <ns3:cad>83</ns3:cad>
          </ns3:TrackPointExtension>
        </extensions>
      </trkpt>
      <trkpt lat="40.77376856468617916107177734375" lon="-73.97280670702457427978515625">
        <ele>19.799999237060546875</ele>
        <time>2026-03-15T15:24:34.000Z</time>
        <extensions>
          <ns3:TrackPointExtension>
            <ns3:hr>179</ns3:hr>
            <ns3:cad>82</ns3:cad>
          </ns3:TrackPointExtension>
        </extensions>
      </trkpt>
      <trkpt lat="40.77382497489452362060546875" lon="-73.973057158291339874267578125">
        <ele>19</ele>
        <time>2026-03-15T15:24:43.000Z</time>
        <extensions>
          <ns3:TrackPointExtension>
            <ns3:hr>177</ns3:hr>
            <ns3:cad>83</ns3:cad>
          </ns3:TrackPointExtension>
        </extensions>
      </trkpt>
      <trkpt lat="40.7739019207656383514404296875" lon="-73.97327341139316558837890625">
        <ele>19</ele>
        <time>2026-03-15T15:24:52.000Z</time>
        <extensions>
          <ns3:TrackPointExtension>
            <ns3:hr>175</ns3:hr>
            <ns3:cad>81</ns3:cad>
          </ns3:TrackPointExtension>
        </extensions>
      </trkpt>
      <trkpt lat="40.774030499160289764404296875" lon="-73.9734475873410701751708984375">
        <ele>19</ele>
        <time>2026-03-15T15:25:01.000Z</time>
        <extensions>
          <ns3:TrackPointExtension>
            <ns3:hr>176</ns3:hr>
            <ns3:cad>82</ns3:cad>
          </ns3:TrackPointExtension>
        </extensions>
      </trkpt>
      <trkpt lat="40.77409478835761547088623046875" lon="-73.9735136367380619049072265625">
        <ele>18.799999237060546875</ele>
        <time>2026-03-15T15:25:05.000Z</time>
        <extensions>
          <ns3:TrackPointExtension>
            <ns3:hr>172</ns3:hr>
            <ns3:cad>81</ns3:cad>
          </ns3:TrackPointExtension>
        </extensions>
      </trkpt>
      <trkpt lat="40.77424063347280025482177734375" lon="-73.97366761229932308197021484375">
        <ele>18.6000003814697265625</ele>
        <time>2026-03-15T15:25:15.000Z</time>
        <extensions>
          <ns3:TrackPointExtension>
            <ns3:hr>171</ns3:hr>
            <ns3:cad>83</ns3:cad>
          </ns3:TrackPointExtension>
        </extensions>
      </trkpt>
      <trkpt lat="40.77438128180801868438720703125" lon="-73.9738388545811176300048828125">
        <ele>18.6000003814697265625</ele>
        <time>2026-03-15T15:25:25.000Z</time>
        <extensions>
          <ns3:TrackPointExtension>
            <ns3:hr>170</ns3:hr>
            <ns3:cad>83</ns3:cad>
          </ns3:TrackPointExtension>
        </extensions>
      </trkpt>
      <trkpt lat="40.77443677000701427459716796875" lon="-73.97392812184989452362060546875">
        <ele>18.799999237060546875</ele>
        <time>2026-03-15T15:25:30.000Z</time>
        <extensions>
          <ns3:TrackPointExtension>
            <ns3:hr>174</ns3:hr>
            <ns3:cad>82</ns3:cad>
          </ns3:TrackPointExtension>
        </extensions>
      </trkpt>
      <trkpt lat="40.77447549439966678619384765625" lon="-73.9739786647260189056396484375">
        <ele>18.799999237060546875</ele>
        <time>2026-03-15T15:25:33.000Z</time>
        <extensions>
          <ns3:TrackPointExtension>
            <ns3:hr>171</ns3:hr>
            <ns3:cad>83</ns3:cad>
          </ns3:TrackPointExtension>
        </extensions>
      </trkpt>
      <trkpt lat="40.77454422600567340850830078125" lon="-73.97410757839679718017578125">
        <ele>19</ele>
        <time>2026-03-15T15:25:40.000Z</time>
        <extensions>
          <ns3:TrackPointExtension>
            <ns3:hr>174</ns3:hr>
            <ns3:cad>82</ns3:cad>
          </ns3:TrackPointExtension>
        </extensions>
      </trkpt>
      <trkpt lat="40.77462494373321533203125" lon="-73.9743193052709102630615234375">
        <ele>19.6000003814697265625</ele>
        <time>2026-03-15T15:25:50.000Z</time>
        <extensions>
          <ns3:TrackPointExtension>
            <ns3:hr>175</ns3:hr>
            <ns3:cad>80</ns3:cad>
          </ns3:TrackPointExtension>
        </extensions>
      </trkpt>
      <trkpt lat="40.774641372263431549072265625" lon="-73.97447026334702968597412109375">
        <ele>19.799999237060546875</ele>
        <time>2026-03-15T15:25:57.000Z</time>
        <extensions>
          <ns3:TrackPointExtension>
            <ns3:hr>172</ns3:hr>
            <ns3:cad>77</ns3:cad>
          </ns3:TrackPointExtension>
        </extensions>
      </trkpt>
      <trkpt lat="40.7746660150587558746337890625" lon="-73.97470596246421337127685546875">
        <ele>20</ele>
        <time>2026-03-15T15:26:08.000Z</time>
        <extensions>
          <ns3:TrackPointExtension>
            <ns3:hr>171</ns3:hr>
            <ns3:cad>80</ns3:cad>
          </ns3:TrackPointExtension>
        </extensions>
      </trkpt>
      <trkpt lat="40.77462804503738880157470703125" lon="-73.97494174540042877197265625">
        <ele>20.799999237060546875</ele>
        <time>2026-03-15T15:26:19.000Z</time>
        <extensions>
          <ns3:TrackPointExtension>
            <ns3:hr>173</ns3:hr>
            <ns3:cad>79</ns3:cad>
          </ns3:TrackPointExtension>
        </extensions>
      </trkpt>
      <trkpt lat="40.7746048271656036376953125" lon="-73.9750391431152820587158203125">
        <ele>21</ele>
        <time>2026-03-15T15:26:24.000Z</time>
        <extensions>
          <ns3:TrackPointExtension>
            <ns3:hr>176</ns3:hr>
            <ns3:cad>80</ns3:cad>
          </ns3:TrackPointExtension>
        </extensions>
      </trkpt>
      <trkpt lat="40.77453148551285266876220703125" lon="-73.97526629269123077392578125">
        <ele>21.200000762939453125</ele>
        <time>2026-03-15T15:26:35.000Z</time>
        <extensions>
          <ns3:TrackPointExtension>
            <ns3:hr>176</ns3:hr>
            <ns3:cad>78</ns3:cad>
          </ns3:TrackPointExtension>
        </extensions>
      </trkpt>
      <trkpt lat="40.7744531147181987762451171875" lon="-73.97540149278938770294189453125">
        <ele>22</ele>
        <time>2026-03-15T15:26:43.000Z</time>
        <extensions>
          <ns3:TrackPointExtension>
            <ns3:hr>172</ns3:hr>
            <ns3:cad>79</ns3:cad>
          </ns3:TrackPointExtension>
        </extensions>
      </trkpt>
      <trkpt lat="40.77444397844374179840087890625" lon="-73.97541792131960391998291015625">
        <ele>22.200000762939453125</ele>
        <time>2026-03-15T15:26:44.000Z</time>
        <extensions>
          <ns3:TrackPointExtension>
            <ns3:hr>175</ns3:hr>
            <ns3:cad>80</ns3:cad>
          </ns3:TrackPointExtension>
        </extensions>
      </trkpt>
      <trkpt lat="40.77431380748748779296875" lon="-73.97559897042810916900634765625">
        <ele>23</ele>
        <time>2026-03-15T15:26:56.000Z</time>
        <extensions>
          <ns3:TrackPointExtension>
            <ns3:hr>176</ns3:hr>
            <ns3:cad>77</ns3:cad>
          </ns3:TrackPointExtension>
        </extensions>
      </trkpt>
      <trkpt lat="40.7741604186594486236572265625" lon="-73.975729979574680328369140625">
        <ele>23.6000003814697265625</ele>
        <time>2026-03-15T15:27:07.000Z</time>
        <extensions>
          <ns3:TrackPointExtension>
            <ns3:hr>177</ns3:hr>
            <ns3:cad>78</ns3:cad>
          </ns3:TrackPointExtension>
        </extensions>
      </trkpt>
      <trkpt lat="40.7740936987102031707763671875" lon="-73.9757858030498027801513671875">
        <ele>23.799999237060546875</ele>
        <time>2026-03-15T15:27:12.000Z</time>
        <extensions>
          <ns3:TrackPointExtension>
            <ns3:hr>175</ns3:hr>
            <ns3:cad>78</ns3:cad>
          </ns3:TrackPointExtension>
        </extensions>
      </trkpt>
      <trkpt lat="40.77398121356964111328125" lon="-73.9758709631860256195068359375">
        <ele>24.3999996185302734375</ele>
        <time>2026-03-15T15:27:19.000Z</time>
        <extensions>
          <ns3:TrackPointExtension>
            <ns3:hr>172</ns3:hr>
            <ns3:cad>80</ns3:cad>
          </ns3:TrackPointExtension>
        </extensions>
      </trkpt>
      <trkpt lat="40.7738147489726543426513671875" lon="-73.9759930036962032318115234375">
        <ele>25.3999996185302734375</ele>
        <time>2026-03-15T15:27:31.000Z</time>
        <extensions>
          <ns3:TrackPointExtension>
            <ns3:hr>171</ns3:hr>
            <ns3:cad>77</ns3:cad>
          </ns3:TrackPointExtension>
        </extensions>
      </trkpt>
      <trkpt lat="40.77364836819469928741455078125" lon="-73.97610289044678211212158203125">
        <ele>26</ele>
        <time>2026-03-15T15:27:42.000Z</time>
        <extensions>
          <ns3:TrackPointExtension>
            <ns3:hr>171</ns3:hr>
            <ns3:cad>78</ns3:cad>
          </ns3:TrackPointExtension>
        </extensions>
      </trkpt>
      <trkpt lat="40.7734838314354419708251953125" lon="-73.9761968515813350677490234375">
        <ele>26.3999996185302734375</ele>
        <time>2026-03-15T15:27:52.000Z</time>
        <extensions>
          <ns3:TrackPointExtension>
            <ns3:hr>170</ns3:hr>
            <ns3:cad>80</ns3:cad>
          </ns3:TrackPointExtension>
        </extensions>
      </trkpt>
      <trkpt lat="40.7733004353940486907958984375" lon="-73.976268433034420013427734375">
        <ele>26.6000003814697265625</ele>
        <time>2026-03-15T15:28:03.000Z</time>
        <extensions>
          <ns3:TrackPointExtension>
            <ns3:hr>170</ns3:hr>
            <ns3:cad>81</ns3:cad>
          </ns3:TrackPointExtension>
        </extensions>
      </trkpt>
      <trkpt lat="40.77315903268754482269287109375" lon="-73.976316712796688079833984375">
        <ele>26.6000003814697265625</ele>
        <time>2026-03-15T15:28:10.000Z</time>
        <extensions>
          <ns3:TrackPointExtension>
            <ns3:hr>173</ns3:hr>
            <ns3:cad>81</ns3:cad>
          </ns3:TrackPointExtension>
        </extensions>
      </trkpt>
      <trkpt lat="40.77300245873630046844482421875" lon="-73.97641737945377826690673828125">
        <ele>27</ele>
        <time>2026-03-15T15:28:18.000Z</time>
        <extensions>
          <ns3:TrackPointExtension>
            <ns3:hr>176</ns3:hr>
            <ns3:cad>80</ns3:cad>
          </ns3:TrackPointExtension>
        </extensions>
      </trkpt>
      <trkpt lat="40.7729742117226123809814453125" lon="-73.97644906304776668548583984375">
        <ele>27</ele>
        <time>2026-03-15T15:28:21.000Z</time>
        <extensions>
          <ns3:TrackPointExtension>
            <ns3:hr>180</ns3:hr>
            <ns3:cad>80</ns3:cad>
          </ns3:TrackPointExtension>
        </extensions>
      </trkpt>
      <trkpt lat="40.7729604654014110565185546875" lon="-73.97645174525678157806396484375">
        <ele>27</ele>
        <time>2026-03-15T15:28:22.000Z</time>
        <extensions>
          <ns3:TrackPointExtension>
            <ns3:hr>177</ns3:hr>
            <ns3:cad>80</ns3:cad>
          </ns3:TrackPointExtension>
        </extensions>
      </trkpt>
      <trkpt lat="40.77293448150157928466796875" lon="-73.97645987570285797119140625">
        <ele>27</ele>
        <time>2026-03-15T15:28:24.000Z</time>
        <extensions>
          <ns3:TrackPointExtension>
            <ns3:hr>172</ns3:hr>
            <ns3:cad>80</ns3:cad>
          </ns3:TrackPointExtension>
        </extensions>
      </trkpt>
      <trkpt lat="40.7729232497513294219970703125" lon="-73.97646549157798290252685546875">
        <ele>27</ele>
        <time>2026-03-15T15:28:25.000Z</time>
        <extensions>
          <ns3:TrackPointExtension>
            <ns3:hr>172</ns3:hr>
            <ns3:cad>80</ns3:cad>
          </ns3:TrackPointExtension>
        </extensions>
      </trkpt>
      <trkpt lat="40.77283364720642566680908203125" lon="-73.97650572471320629119873046875">
        <ele>26.6000003814697265625</ele>
        <time>2026-03-15T15:28:33.000Z</time>
        <extensions>
          <ns3:TrackPointExtension>
            <ns3:hr>175</ns3:hr>
            <ns3:cad>56</ns3:cad>
          </ns3:TrackPointExtension>
        </extensions>
      </trkpt>
      <trkpt lat="40.77265150845050811767578125" lon="-73.9765713550150394439697265625">
        <ele>25.799999237060546875</ele>
        <time>2026-03-15T15:28:50.000Z</time>
        <extensions>
          <ns3:TrackPointExtension>
            <ns3:hr>173</ns3:hr>
            <ns3:cad>54</ns3:cad>
          </ns3:TrackPointExtension>
        </extensions>
      </trkpt>
    </trkseg>
  </trk>
</gpx>
